,Country Name,Country Code,expected years of school(scaled),Fraction of Children Under 5 Not Stunted,Harmonized Test Scores(scaled),Human Capital Index (0-1),Human Capital Index Lower Bound (0-1),Human Capital Index Upper Bound (0-1),Learning Adjusted Years of School(scaled),Probability of Survival to Age 5,Survival Rate from Age 15-60,Continent,Weighted HCI
0,Afghanistan,AFG,0.638749939182536,0.618072211742401,0.6166799235967942,0.400284141302109,0.38714861869812,0.412617266178131,0.3943435656684408,0.937723577022552,0.78774082660675,Asia,29.79819958334366
1,Albania,ALB,0.9248699874861439,0.886766493320465,0.7546473258718942,0.634250938892365,0.624725520610809,0.643478035926819,0.6987290881879828,0.991176664829254,0.929365992546082,Europe,38.41382918439872
2,Algeria,DZA,0.8501487778238616,0.883103966712952,0.6502819179823068,0.534556448459625,0.527311027050018,0.541510224342346,0.5534529330348643,0.976517915725708,0.909282267093658,Africa,35.943035463927785
3,American Samoa,ASM,0.8095741807712761,0.7615223101207187,0.6902217980732107,0.5288617206471306,0.5107854753732681,0.5438641075577056,0.5668054113709521,0.97491620693888,0.845530092716217,Oceania,34.46447874316189
4,Andorra,AND,0.9476337577107554,0.9229360222816468,0.8545520782682645,0.7107685498702221,0.701848280735505,0.7195550722953601,0.8129855015971089,0.9952628872333428,0.9104034503300984,Europe,40.0822147874709
5,Angola,AGO,0.5826505411026497,0.624288558959961,0.5666283016731959,0.362405389547348,0.32986369729042,0.385374516248703,0.3305144767957145,0.922835469245911,0.729358732700348,Africa,28.0907804370709
6,Antigua and Barbuda,ATG,0.9304796330436689,0.8357511427667405,0.7074867650851829,0.595703899860382,0.584080040454865,0.607414603233337,0.659036204121137,0.993558526039124,0.89720755815506,North America,37.19282389893984
7,Argentina,ARG,0.9241626230608464,0.921000003814697,0.7095296267190107,0.602144718170166,0.59166693687439,0.611715614795685,0.6564520455490688,0.990055024623871,0.888269186019897,South America,37.68087171041403
8,Armenia,ARM,0.80938044470278,0.906010508537292,0.7700171952834398,0.578998804092407,0.569216191768646,0.588532090187073,0.6239319505901727,0.987619340419769,0.885818600654602,Asia,36.88120369577767
9,Aruba,ABW,0.8603260009155482,0.8357511427667405,0.7196973551267092,0.5660236226884943,0.552885883732846,0.577624677043212,0.6230111874072308,0.981437733298854,0.8627816626900121,North America,36.09921298869734
10,Australia,AUS,0.9759635693292724,0.7615223101207187,0.8964198225215873,0.770239531993866,0.761949002742767,0.777968049049377,0.8758488201738229,0.996311366558075,0.94614177942276,Oceania,40.269721565714256
11,Austria,AUT,0.9634894710683737,0.9229360222816468,0.8824334164185832,0.746739745140076,0.737196564674377,0.756520211696625,0.851163556099906,0.996477246284485,0.937184393405914,Europe,40.93615766235987
12,Azerbaijan,AZE,0.8928965953921378,0.822275400161743,0.7230424649338553,0.577767550945282,0.561639130115509,0.591151416301727,0.6463221737179753,0.978476583957672,0.88195812702179,Asia,36.524231981778954
13,"Bahamas, The",BHS,0.8603260009155482,0.8357511427667405,0.7196973551267092,0.5660236226884943,0.552885883732846,0.577624677043212,0.6230111874072308,0.981437733298854,0.8627816626900121,North America,36.09921298869734
14,Bahrain,BHR,0.9220206849863375,0.7743813601033441,0.7852039928027443,0.652472019195557,0.644541084766388,0.659845471382141,0.724781753220596,0.992905378341675,0.934414565563202,Asia,38.03670094059876
15,Bangladesh,BGD,0.7292790364132244,0.692000031471252,0.6402452707135148,0.46403643488884,0.455268979072571,0.47212889790535,0.4674381878498689,0.969842970371246,0.868512272834778,Asia,32.64010893014538
16,Barbados,BRB,0.8603260009155482,0.8357511427667405,0.7196973551267092,0.5660236226884943,0.552885883732846,0.577624677043212,0.6230111874072308,0.981437733298854,0.8627816626900121,North America,36.09921298869734
17,Belarus,BLR,0.9907689524156668,0.9229360222816468,0.8485428888479346,0.700078189373016,0.690270841121674,0.709663927555084,0.8416474963582105,0.996579349040985,0.853127121925354,Europe,39.85546775764231
18,Belgium,BEL,0.9704408303036403,0.9229360222816468,0.8983710686358855,0.76041966676712,0.751977562904358,0.768837928771973,0.8727882445792985,0.996348440647125,0.931235253810883,Europe,41.17213848178908
19,Belize,BLZ,0.8603260009155482,0.8357511427667405,0.7196973551267092,0.5660236226884943,0.552885883732846,0.577624677043212,0.6230111874072308,0.981437733298854,0.8627816626900121,North America,36.09921298869734
20,Benin,BEN,0.6619011549741235,0.7037758330504099,0.6673760370935162,0.400290727615356,0.378561913967133,0.421737551689148,0.4422296539936707,0.907013535499573,0.768260359764099,Africa,30.553539657408397
21,Bermuda,BMU,0.8603260009155482,0.8357511427667405,0.7196973551267092,0.5660236226884943,0.552885883732846,0.577624677043212,0.6230111874072308,0.981437733298854,0.8627816626900121,North America,36.09921298869734
22,Bhutan,BTN,0.7336579623045996,0.787999987602234,0.6722720829210109,0.475297033786774,0.45032000541687,0.499215334653854,0.49376783865799945,0.970300734043121,0.806836605072021,Asia,33.10300249361853
23,Bolivia,BOL,0.8954063465445182,0.8773048917452494,0.7141439060483936,0.5812434918350644,0.5694872803158231,0.591660757859548,0.6411174899669505,0.9853207402759128,0.8713662226994833,South America,36.84665058659791
24,Bosnia and Herzegovina,BIH,0.8408040674446695,0.911134362220764,0.7233690342090329,0.57968407869339,0.570883631706238,0.588268458843231,0.6088899446162415,0.994194805622101,0.91362988948822,Europe,37.12026923159285
25,Botswana,BWA,0.5825355781313334,0.7037758330504099,0.6802315989406764,0.414028495550156,0.388916105031967,0.430983871221542,0.3967010521514754,0.963533997535706,0.798840999603271,Africa,30.750192033254383
26,Brazil,BRA,0.8543831788370135,0.8773048917452494,0.7183465197083715,0.551497936248779,0.546363532543182,0.556369066238403,0.614427650556263,0.985649168491364,0.861382365226746,South America,36.257837817332494
27,British Virgin Islands,VGB,0.8603260009155482,0.8357511427667405,0.7196973551267092,0.5660236226884943,0.552885883732846,0.577624677043212,0.6230111874072308,0.981437733298854,0.8627816626900121,North America,36.09921298869734
28,Brunei Darussalam,BRN,0.9449633251013917,0.802999973297119,0.7605372966408661,0.626391351222992,0.618847072124481,0.633784651756287,0.7194813998637059,0.988447725772858,0.878938317298889,Asia,37.53992037932921
29,Bulgaria,BGR,0.883249491340172,0.930000007152557,0.7667559055936811,0.613898158073425,0.603253543376923,0.624876379966736,0.6779921087895026,0.992944419384003,0.866138517856598,Europe,37.76745852515442
30,Burkina Faso,BFA,0.5036288951490491,0.750995874404907,0.7016754128454185,0.383691936731339,0.363230735063553,0.401694387197495,0.35377811872660453,0.923583388328552,0.761370539665222,Africa,29.72000891079455
31,Burundi,BDI,0.5478859780827204,0.458000004291534,0.7348657474558521,0.386170625686646,0.364378213882446,0.405884236097336,0.4030716877741008,0.941543161869049,0.722941100597382,Africa,28.10982032677021
32,Cabo Verde,CPV,0.6125799085254754,0.7037758330504099,0.6497706715078299,0.4100678316924884,0.3896917435138122,0.4273459231076034,0.40172935992654746,0.9380123861457992,0.7499216911585435,Africa,30.14491029779348
33,Cambodia,KHM,0.67921149908909,0.675509214401245,0.7855231352263106,0.491589874029159,0.471260070800781,0.506987154483795,0.5341313982113923,0.972004652023315,0.837721884250641,Asia,33.10285333416176
34,Cameroon,CMR,0.6258045611695736,0.710999965667725,0.6585906021256287,0.397401511669159,0.376647859811783,0.417586892843247,0.4126086619328135,0.923940002918243,0.704236268997192,Africa,29.767380106162584
35,Canada,CAN,0.9846151487939075,0.8357511427667405,0.9282527939020031,0.797520101070404,0.789545595645905,0.805555999279022,0.9149910819734979,0.995026648044586,0.939972162246704,North America,41.256408720677825
36,Cayman Islands,CYM,0.8603260009155482,0.8357511427667405,0.7196973551267092,0.5660236226884943,0.552885883732846,0.577624677043212,0.6230111874072308,0.981437733298854,0.8627816626900121,North America,36.09921298869734
37,Central African Republic,CAF,0.32791764216967734,0.592000007629395,0.6409664710540052,0.291631907224655,0.2558374106884,0.320747911930084,0.2104186284786779,0.883521616458893,0.591395437717438,Africa,24.249384609886675
38,Chad,TCD,0.38105838606632386,0.602342307567596,0.5790499762393795,0.299782782793045,0.281631708145142,0.317157030105591,0.2208979236524044,0.881021857261658,0.646125257015228,Africa,24.923882183847596
39,Chile,CHL,0.9329353242274013,0.8773048917452494,0.7860944192621124,0.651604175567627,0.641071140766144,0.661716818809509,0.7341931664486889,0.992807686328888,0.917748093605042,South America,38.706436518248026
40,China,CHN,0.9426946540370733,0.919000029563904,0.766593681934894,0.65310263633728,0.639979422092438,0.665241241455078,0.7234697270884412,0.991399228572845,0.923591136932373,Asia,38.96305289569687
41,Colombia,COL,0.9227886102625951,0.872555792331696,0.728398763365548,0.60433030128479,0.591710686683655,0.61637419462204,0.6729077470275474,0.985790491104126,0.88665109872818,South America,37.45664158080183
42,Comoros,COM,0.5864870881186389,0.688687562942505,0.6818086378315971,0.40468829870224,0.360101789236069,0.434066563844681,0.40031794379574154,0.932531476020813,0.78199964761734,Africa,30.20142586447269
43,"Congo, Dem. Rep.",COD,0.6552502049317611,0.573082327842712,0.5392180734768144,0.366369277238846,0.343863993883133,0.384989798069,0.353716789617636,0.911896467208862,0.753556191921234,Africa,28.299153370332412
44,"Congo, Rep.",COG,0.6395305240717067,0.788127779960632,0.6442412882234848,0.41926571726799,0.392945200204849,0.440487414598465,0.41247149015146756,0.949888348579407,0.742921948432922,Africa,30.989650477488983
45,Costa Rica,CRI,0.9411112443982099,0.8357511427667405,0.7449616503907208,0.628635048866272,0.61889111995697,0.638374447822571,0.7018736935932213,0.9912109375,0.915990591049194,North America,37.964888615908
46,Cote d'Ivoire,CIV,0.5781495354845873,0.783707201480865,0.6487894921508252,0.379889339208603,0.361500650644302,0.397576600313187,0.37551567807219305,0.919122159481049,0.660045504570007,Africa,29.253789105062815
47,Croatia,HRV,0.9608119971524743,0.9229360222816468,0.8475662048119845,0.709693968296051,0.70036256313324,0.718851804733276,0.8152599773677701,0.995332956314087,0.917376697063446,Europe,40.19183426366341
48,Cuba,CUB,0.8603260009155482,0.8357511427667405,0.7196973551267092,0.5660236226884943,0.552885883732846,0.577624677043212,0.6230111874072308,0.981437733298854,0.8627816626900121,North America,36.09921298869734
49,Curacao,CUW,0.8603260009155482,0.8357511427667405,0.7196973551267092,0.5660236226884943,0.552885883732846,0.577624677043212,0.6230111874072308,0.981437733298854,0.8627816626900121,North America,36.09921298869734
50,Cyprus,CYP,0.9749706450948699,0.7743813601033441,0.8729123517985016,0.755520224571228,0.745917916297913,0.764445602893829,0.8520130833447703,0.997616946697235,0.952006638050079,Asia,40.114267978945435
51,Czech Republic,CZE,0.9732843162245405,0.9229360222816468,0.8903987678216588,0.752257406711578,0.742869734764099,0.7615647315979,0.8675776520299493,0.996626973152161,0.922457218170166,Europe,41.00168932349532
52,Denmark,DNK,0.9611218497323093,0.9229360222816468,0.9002309644753533,0.755094826221466,0.747646927833557,0.762225031852722,0.8661966306502065,0.995776534080505,0.931700646877289,Europe,41.0672283673102
53,Djibouti,DJI,0.6125799085254754,0.7037758330504099,0.6497706715078299,0.4100678316924884,0.3896917435138122,0.4273459231076034,0.40172935992654746,0.9380123861457992,0.7499216911585435,Africa,30.14491029779348
54,Dominica,DMA,0.8895117570509409,0.8357511427667405,0.701899491568348,0.544749319553375,0.529065787792206,0.558903872966766,0.6250441733327333,0.96431428194046,0.859372973442078,North America,35.89562813821141
55,Dominican Republic,DOM,0.8520082354545659,0.928761720657349,0.6000925279613005,0.502766907215118,0.488703846931458,0.515102922916412,0.5118539715212621,0.971153199672699,0.844707489013672,North America,35.03193727556735
56,Ecuador,ECU,0.9282602318241995,0.7606320977211,0.730347463130722,0.594254851341248,0.585349440574646,0.603065609931946,0.6787086322507148,0.985769808292389,0.876447916030884,South America,36.59118202319551
57,"Egypt, Arab Rep.",EGY,0.8225567751134736,0.777311325073242,0.618814082456514,0.494374662637711,0.480260193347931,0.507678270339966,0.509577388850665,0.978774666786194,0.856793642044067,Africa,34.000751789926355
58,El Salvador,SLV,0.7857027943050349,0.863515734672546,0.7577678767236002,0.546176612377167,0.530962347984314,0.55970561504364,0.5960443245715066,0.986346542835236,0.821133434772491,North America,35.471291732493754
59,Equatorial Guinea,GNQ,0.6125799085254754,0.7037758330504099,0.6497706715078299,0.4100678316924884,0.3896917435138122,0.4273459231076034,0.40172935992654746,0.9380123861457992,0.7499216911585435,Africa,30.14491029779348
60,Eritrea,ERI,0.6125799085254754,0.7037758330504099,0.6497706715078299,0.4100678316924884,0.3896917435138122,0.4273459231076034,0.40172935992654746,0.9380123861457992,0.7499216911585435,Africa,30.14491029779348
61,Estonia,EST,0.9675339094574891,0.9229360222816468,0.9442592505945987,0.77720320224762,0.765454649925232,0.788717150688171,0.9146216931776133,0.997352659702301,0.897445440292358,Europe,41.3523703320492
62,Eswatini,SWZ,0.46093038164079697,0.744505286216736,0.7653846965903,0.37250080704689,0.352485179901123,0.389619916677475,0.3531825044128669,0.945634841918945,0.603710412979126,Africa,28.424441426233805
63,Ethiopia,ETH,0.5601465736826085,0.631999969482422,0.6052770539249896,0.382784843444824,0.372133255004883,0.392203897237778,0.33942200887366647,0.944755375385284,0.792981684207916,Africa,29.147423097480765
64,Faroe Islands,FRO,0.9476337577107554,0.9229360222816468,0.8545520782682645,0.7107685498702221,0.701848280735505,0.7195550722953601,0.8129855015971089,0.9952628872333428,0.9104034503300984,Europe,40.0822147874709
65,Fiji,FJI,0.8132139807837991,0.908999979496002,0.6663558529266936,0.508573293685913,0.496498584747315,0.520610868930817,0.5424942623045981,0.974379062652588,0.78399932384491,Oceania,34.63435725664105
66,Finland,FIN,0.9863866050072826,0.9229360222816468,0.9277480862860112,0.796001017093658,0.787025034427643,0.80467289686203,0.9161388443392771,0.998304605484009,0.930211067199707,Europe,41.806925957572474
67,France,FRA,0.9904016183501722,0.9229360222816468,0.8869898959805762,0.762737214565277,0.754485845565796,0.771440088748932,0.8794559244663535,0.995955765247345,0.926030695438385,Europe,41.22673235352561
68,French Polynesia,PYF,0.8095741807712761,0.7615223101207187,0.6902217980732107,0.5288617206471306,0.5107854753732681,0.5438641075577056,0.5668054113709521,0.97491620693888,0.845530092716217,Oceania,34.46447874316189
69,Gabon,GAB,0.5923712762005234,0.829655706882477,0.7928902537320192,0.457612454891205,0.433462828397751,0.478370934724808,0.47020923646152446,0.955239474773407,0.790453851222992,Africa,32.677849088614934
70,"Gambia, The",GMB,0.6831086753863802,0.810327887535095,0.613448129117725,0.421570628881455,0.394228160381317,0.441803723573685,0.4195190904714507,0.941635072231293,0.752527832984924,Africa,31.30995790442581
71,Georgia,GEO,0.9281913224717512,0.7743813601033441,0.6949168187314535,0.568925797939301,0.561714708805084,0.57585483789444,0.6457351558994872,0.990186214447021,0.852845549583435,Asia,36.050221434779644
72,Germany,DEU,0.9565306529260386,0.9229360222816468,0.8991942820881633,0.751162469387054,0.740105748176575,0.762275040149689,0.8610661231994574,0.996339559555054,0.930892467498779,Europe,40.984750454912
73,Ghana,GHA,0.869668806050012,0.824999988079071,0.5341398575890598,0.450056403875351,0.437522232532501,0.461756646633148,0.46504281724491087,0.952091753482819,0.768254458904266,Africa,32.74104386251861
74,Gibraltar,GIB,0.9476337577107554,0.9229360222816468,0.8545520782682645,0.7107685498702221,0.701848280735505,0.7195550722953601,0.8129855015971089,0.9952628872333428,0.9104034503300984,Europe,40.0822147874709
75,Greece,GRC,0.9535366886873241,0.9229360222816468,0.8146339532950763,0.690006494522095,0.680386543273926,0.700130164623261,0.7776496780072917,0.995549917221069,0.933005094528198,Europe,39.858412408712745
76,Greenland,GRL,0.8603260009155482,0.8357511427667405,0.7196973551267092,0.5660236226884943,0.552885883732846,0.577624677043212,0.6230111874072308,0.981437733298854,0.8627816626900121,North America,36.09921298869734
77,Grenada,GRD,0.9399425226201655,0.8357511427667405,0.6861954668831919,0.565070509910584,0.553347826004028,0.576623678207397,0.6457036726311697,0.984778940677643,0.850867509841919,North America,36.41810561836469
78,Guam,GUM,0.8095741807712761,0.7615223101207187,0.6902217980732107,0.5288617206471306,0.5107854753732681,0.5438641075577056,0.5668054113709521,0.97491620693888,0.845530092716217,Oceania,34.46447874316189
79,Guatemala,GTM,0.696913333179594,0.532863855361938,0.7044623389129144,0.461270093917847,0.451281309127808,0.470376640558243,0.49149672648437975,0.973814964294434,0.846656262874603,North America,31.566118969757877
80,Guinea,GIN,0.5018228473987678,0.696694314479828,0.7096625143139296,0.37094247341156,0.352458745241165,0.386690765619278,0.35652203813896444,0.899221658706665,0.759966254234314,Africa,29.097367808012663
81,Guinea-Bissau,GNB,0.6125799085254754,0.7037758330504099,0.6497706715078299,0.4100678316924884,0.3896917435138122,0.4273459231076034,0.40172935992654746,0.9380123861457992,0.7499216911585435,Africa,30.14491029779348
82,Guyana,GUY,0.8756869807377476,0.887291073799133,0.6020905101918156,0.495226472616196,0.477365136146545,0.509675323963165,0.5278308370500453,0.969855308532715,0.774362802505493,South America,34.26171551997299
83,Haiti,HTI,0.8164217214048937,0.780539035797119,0.5872269398644648,0.446564912796021,0.428226679563522,0.46255362033844,0.47995952278808035,0.935236394405365,0.77589213848114,North America,32.339548963220494
84,Honduras,HND,0.6881279039697884,0.773775815963745,0.6948898698698883,0.481023132801056,0.469157963991165,0.491263329982758,0.4787064068376588,0.982401430606842,0.860411643981934,North America,33.40841303769723
85,"Hong Kong SAR, China",HKG,0.9716554688398706,0.7743813601033441,0.9536901850654707,0.812756538391113,0.802408695220947,0.822600364685059,0.9276917152412053,0.991399228572845,0.954613506793976,Asia,41.11771886320743
86,Hungary,HUN,0.9296900153496094,0.9229360222816468,0.8612988247856102,0.683087289333344,0.674525618553162,0.691527485847473,0.8016339741828223,0.995729386806488,0.879628777503967,Europe,39.5239354774039
87,Iceland,ISL,0.9658338260888055,0.9229360222816468,0.865125775323522,0.745281875133514,0.739062607288361,0.751472234725952,0.8364995726313738,0.998038172721863,0.95481938123703,Europe,40.970276259006134
88,India,IND,0.7982644834012297,0.652999997138977,0.6935847598458564,0.493510901927948,0.4892657995224,0.49779936671257,0.5542815830769761,0.963425755500793,0.825507640838623,Asia,33.13951885739164
89,Indonesia,IDN,0.8889203820520674,0.723299980163574,0.6864839470193863,0.540038466453552,0.530018210411072,0.549938440322876,0.6109101209999491,0.975016117095947,0.849707961082459,Asia,34.950152937396375
90,"Iran, Islamic Rep.",IRN,0.8502576504949116,0.7743813601033441,0.7511370244573643,0.593404471874237,0.581339716911316,0.603761494159698,0.6393722608440127,0.985598683357239,0.934482455253601,Asia,36.67546776442365
91,Iraq,IRQ,0.4973963966362113,0.873570203781128,0.6317574933484593,0.407643288373947,0.40058308839798,0.413814187049866,0.31458435238396043,0.973287522792816,0.844261884689331,Asia,31.33817275477743
92,Ireland,IRL,0.9974250347335335,0.9229360222816468,0.9062294203268049,0.792599022388458,0.783532738685608,0.801084518432617,0.9049040065473267,0.996342957019806,0.944304645061493,Europe,41.81071722921846
93,Isle of Man,IMN,0.9476337577107554,0.9229360222816468,0.8545520782682645,0.7107685498702221,0.701848280735505,0.7195550722953601,0.8129855015971089,0.9952628872333428,0.9104034503300984,Europe,40.0822147874709
94,Israel,ISR,0.9875522474200196,0.7743813601033441,0.835695231292848,0.733995318412781,0.722771167755127,0.744976282119751,0.8262131776010582,0.99626761674881,0.950315594673157,Asia,39.744554544078554
95,Italy,ITA,0.9507948218214224,0.9229360222816468,0.8569645141847025,0.727819681167603,0.719787061214447,0.735481381416321,0.815706101978402,0.996968865394592,0.95279335975647,Europe,40.62200285434573
96,Jamaica,JAM,0.8176156939784271,0.940020859241486,0.6729562551013188,0.534977912902832,0.517991423606873,0.547929584980011,0.5508332348395775,0.985583305358887,0.861376643180847,North America,35.87582197860806
97,Japan,JPN,0.97871953284523,0.7743813601033441,0.9347287963121218,0.804714262485504,0.796795904636383,0.81325364112854,0.9158576533517967,0.997510313987732,0.948549091815948,Asia,40.9686949096597
98,Jordan,JOR,0.7996178986671229,0.7743813601033441,0.7473924589234099,0.553174376487732,0.541209638118744,0.563964486122131,0.5982949316850281,0.983848035335541,0.894166231155396,Asia,35.57153156025443
99,Kazakhstan,KAZ,0.9836094965162486,0.919641673564911,0.7234047891946513,0.628506422042847,0.621939837932587,0.634843647480011,0.7123413965233533,0.990088999271393,0.844640254974365,Asia,38.092025745859594
100,Kenya,KEN,0.8348363259175583,0.738091707229614,0.7908576835925679,0.546752512454987,0.527030169963837,0.564601123332977,0.6609730577651727,0.958882212638855,0.77360212802887,Africa,34.6643626775193
101,Kiribati,KIR,0.8045368768023269,0.7615223101207187,0.7152866568441255,0.492592930793762,0.462539911270142,0.516819953918457,0.5761163088688733,0.947486937046051,0.808998703956604,Oceania,33.81351235577406
102,"Korea, Dem. People's Rep.",PRK,0.8557952180777213,0.7743813601033441,0.74653632745057,0.5896201885264852,0.5773801512044411,0.600884977242221,0.6470543732838795,0.9799713712671528,0.8830966690312261,Asia,36.187511547620616
103,"Korea, Rep.",KOR,0.9753877964479318,0.7743813601033441,0.9338357704546896,0.798776268959045,0.788339078426361,0.809219837188721,0.9118679119849897,0.996808230876923,0.944547057151794,Asia,40.847269339621505
104,Kuwait,KWT,0.8634755181220303,0.7743813601033441,0.6664710221756247,0.562588036060333,0.552965342998505,0.572192251682281,0.5761232307221908,0.992147386074066,0.941962718963623,Asia,36.01908279090802
105,Kyrgyz Republic,KGZ,0.92365849674556,0.882465779781342,0.7302396146355226,0.596617102622986,0.58721125125885,0.605376899242401,0.675244281879302,0.981058835983276,0.849434614181519,Asia,37.13377351002179
106,Lao PDR,LAO,0.7616481611638534,0.669367790222168,0.639944217978519,0.456665337085724,0.441417753696442,0.470381379127502,0.48795593801234644,0.952666699886322,0.821788012981415,Asia,32.146115412833645
107,Latvia,LVA,0.9771589789399513,0.9229360222816468,0.8758807052410977,0.70658141374588,0.69415694475174,0.71914279460907,0.856829204683518,0.996137797832489,0.844131171703339,Europe,39.92384713975999
108,Lebanon,LBN,0.728703126671199,0.7743813601033441,0.6777471048806198,0.515125513076782,0.504966795444489,0.523942470550537,0.4944272382222054,0.992562294006348,0.934591948986053,Asia,34.58906949147911
109,Lesotho,LSO,0.7206783006912617,0.653985023498535,0.6830019206899254,0.400392591953278,0.375456094741821,0.423239529132843,0.4927736223502317,0.918886005878448,0.522543787956238,Africa,28.71529113456602
110,Liberia,LBR,0.2982822752896473,0.698639512062073,0.5766765136109248,0.319014221429825,0.303157895803451,0.331662684679031,0.17220421134487252,0.929063260555267,0.775718450546265,Africa,26.55815506716327
111,Libya,LBY,0.6125799085254754,0.7037758330504099,0.6497706715078299,0.4100678316924884,0.3896917435138122,0.4273459231076034,0.40172935992654746,0.9380123861457992,0.7499216911585435,Africa,30.14491029779348
112,Liechtenstein,LIE,0.9476337577107554,0.9229360222816468,0.8545520782682645,0.7107685498702221,0.701848280735505,0.7195550722953601,0.8129855015971089,0.9952628872333428,0.9104034503300984,Europe,40.0822147874709
113,Lithuania,LTU,0.9925679860560889,0.9229360222816468,0.862002943367391,0.70604795217514,0.697123229503632,0.715152084827423,0.8565506931231293,0.995964229106903,0.843678295612335,Europe,39.94071786534465
114,Luxembourg,LUX,0.8913449374310586,0.9229360222816468,0.8567211786965219,0.686146140098572,0.680551052093506,0.691405117511749,0.7644857271384571,0.997575104236603,0.941968441009521,Europe,39.71909691697542
115,"Macao SAR, China",MAC,0.9258519628661372,0.7743813601033441,0.974518790412019,0.795671582221985,0.789596736431122,0.801458597183228,0.9032664300236309,0.991399228572845,0.960422873497009,Asia,40.8038196460125
116,Madagascar,MDG,0.6026152981089078,0.58372962474823,0.6097519442171304,0.391991019248962,0.374714523553848,0.408600389957428,0.36785564259062475,0.946432709693909,0.796706557273865,Africa,29.297137516180626
117,Malawi,MWI,0.686843466486686,0.610085606575012,0.6248939153820602,0.413240641355515,0.395300924777985,0.429228365421295,0.42968297614089207,0.950332522392273,0.737675130367279,Africa,29.934198025394824
118,Malaysia,MYS,0.8944928699349353,0.792999982833862,0.7747208326052362,0.610976159572601,0.60101729631424,0.62073016166687,0.6937551039364646,0.992224454879761,0.877020955085754,Asia,37.05305428487762
119,Maldives,MDV,0.8557952180777213,0.7743813601033441,0.74653632745057,0.5896201885264852,0.5773801512044411,0.600884977242221,0.6470543732838795,0.9799713712671528,0.8830966690312261,Asia,36.187511547620616
120,Mali,MLI,0.3762040061721434,0.731092512607574,0.534294866591995,0.318269580602646,0.30681523680687,0.328763157129288,0.20122804469998884,0.902225196361542,0.749974489212036,Africa,26.715071716128296
121,Malta,MLT,0.9635071945264481,0.9229360222816468,0.8247139945968595,0.709248304367065,0.702540516853333,0.715682506561279,0.795504040427193,0.992980778217316,0.951060831546783,Europe,40.29881003553248
122,Marshall Islands,MHL,0.6767684675182735,0.652197957038879,0.6519169924136837,0.42339813709259,0.403989374637604,0.44079652428627,0.4416889307210305,0.966861724853516,0.69916433095932,Oceania,30.196669276374283
123,Mauritania,MRT,0.554717139425655,0.771691977977753,0.5946638707753277,0.381546080112457,0.345171242952347,0.405886620283127,0.3302381236627048,0.92432576417923,0.804659128189087,Africa,29.889789847597036
124,Mauritius,MUS,0.8922232408458508,0.7037758330504099,0.821814870021079,0.62185925245285,0.604988753795624,0.639582216739655,0.7340600882365104,0.984496474266052,0.859261035919189,Africa,36.65039604419956
125,Mexico,MEX,0.9201791561047314,0.899729788303375,0.7475855040163885,0.612949848175049,0.604578197002411,0.621053159236908,0.6886798224552061,0.987269818782806,0.861477375030518,North America,37.63207594784799
126,"Micronesia, Fed. Sts.",FSM,0.8483301046758401,0.7615223101207187,0.6603875819221517,0.505966544151306,0.470419675111771,0.529178023338318,0.5608514266609541,0.969243884086609,0.839225113391876,Oceania,34.248539124537665
127,Moldova,MDA,0.8474850584063235,0.935896456241608,0.7624581457124935,0.584153532981873,0.574673175811768,0.592901825904846,0.6468925195456755,0.984208643436432,0.835587918758392,Europe,36.92398347941822
128,Monaco,MCO,0.9476337577107554,0.9229360222816468,0.8545520782682645,0.7107685498702221,0.701848280735505,0.7195550722953601,0.8129855015971089,0.9952628872333428,0.9104034503300984,Europe,40.0822147874709
129,Mongolia,MNG,0.9444869130738304,0.905842661857605,0.755500989415781,0.614397525787354,0.596636295318604,0.630410850048065,0.7143565489812663,0.983675837516785,0.795992612838745,Asia,37.34121958197247
130,Montenegro,MNE,0.916004631639136,0.906060099601746,0.7581276546352722,0.633181810379028,0.624314546585083,0.640698492527008,0.6952229089825406,0.99745500087738,0.905613958835602,Europe,38.327666467881315
131,Morocco,MAR,0.7448003377174144,0.848935782909393,0.6612612979653929,0.504116356372833,0.493413031101227,0.513883650302887,0.49305693455082505,0.977588653564453,0.934124112129211,Africa,34.929835722661316
132,Mozambique,MOZ,0.5445962236990559,0.577081561088562,0.6401206587532503,0.362116664648056,0.343050569295883,0.377384215593338,0.34899608565473383,0.926782250404358,0.680878818035126,Africa,27.591940075472838
133,Myanmar,MMR,0.7168963610866499,0.706288933753967,0.7381398219401717,0.477652013301849,0.459098666906357,0.494243919849396,0.5297599129126648,0.95380574464798,0.804885268211365,Asia,32.772988688955024
134,Namibia,NAM,0.6733743910811734,0.772836565971375,0.7069034389399801,0.446437537670136,0.422956049442291,0.465390145778656,0.47654154139104454,0.960381269454956,0.708560585975647,Africa,31.59696707552554
135,Nauru,NRU,0.8424647349374766,0.7615223101207187,0.6025490121809911,0.50841212272644,0.485086351633072,0.526576161384583,0.5081924227588153,0.968168675899506,0.930999994277954,Oceania,34.57213218850256
136,Nepal,NPL,0.8793484145135039,0.639798164367676,0.6406664792978102,0.504601776599884,0.48969578742981,0.518612623214722,0.5639973345654723,0.967815339565277,0.856171369552612,Asia,33.67297880022018
137,Netherlands,NLD,0.9958629069304245,0.9229360222816468,0.9032848858583095,0.789915025234222,0.780254185199738,0.799554824829102,0.9005511283811746,0.996126472949982,0.946276545524597,Europe,41.76964646418318
138,New Caledonia,NCL,0.8095741807712761,0.7615223101207187,0.6902217980732107,0.5288617206471306,0.5107854753732681,0.5438641075577056,0.5668054113709521,0.97491620693888,0.845530092716217,Oceania,34.46447874316189
139,New Zealand,NZL,0.982806808627231,0.7615223101207187,0.9034826523069556,0.775932431221008,0.768010795116425,0.783405423164368,0.8889391612261889,0.994301974773407,0.939959704875946,Oceania,40.36149573401774
140,Nicaragua,NIC,0.7719877802573119,0.827406585216522,0.681400001846103,0.508098244667053,0.500067174434662,0.515531063079834,0.526619103362472,0.981706142425537,0.851386785507202,North America,34.49274130383975
141,Niger,NER,0.39452369780313357,0.515173077583313,0.5300486702805733,0.31568518280983,0.294828027486801,0.33261701464653,0.2093499836406084,0.916343152523041,0.7666255235672,Africa,25.556775242719713
142,Nigeria,NGA,0.7311774309074259,0.631843566894531,0.537180463688053,0.360609829425812,0.33457151055336,0.381459712982178,0.3932122520078577,0.880086362361908,0.65854012966156,Africa,28.16351673307752
143,North Macedonia,MKD,0.7911135812943237,0.95051646232605,0.7189941411689594,0.55734920501709,0.551359832286835,0.562938094139099,0.5694404046292155,0.990100145339966,0.908866405487061,Europe,36.710932750669016
144,Northern Mariana Islands,MNP,0.8095741807712761,0.7615223101207187,0.6902217980732107,0.5288617206471306,0.5107854753732681,0.5438641075577056,0.5668054113709521,0.97491620693888,0.845530092716217,Oceania,34.46447874316189
145,Norway,NOR,0.9809422187210236,0.9229360222816468,0.8927736627714953,0.771051168441772,0.764168739318848,0.778220474720001,0.8767360826835487,0.997457027435303,0.94460141658783,Europe,41.41808541750055
146,Oman,OMN,0.9154317328320791,0.7743813601033441,0.7361966392647669,0.608116269111633,0.59517228603363,0.620704412460327,0.6746894171859042,0.988582134246826,0.911910355091095,Asia,37.043893004710974
147,Pakistan,PAK,0.6726163882042251,0.623704075813293,0.5886892869469151,0.406070023775101,0.391759634017944,0.419449478387833,0.3964036729586559,0.930691063404083,0.845309734344482,Asia,30.404251985425205
148,Palau,PLW,0.8415518057706094,0.7615223101207187,0.8052040267540653,0.588113486766815,0.567324042320251,0.605153858661652,0.6783766065770397,0.982076406478882,0.865000009536743,Oceania,36.26149823425979
149,Panama,PAN,0.7712165703247299,0.8357511427667405,0.6551067721322036,0.501601994037628,0.489440560340881,0.510967671871185,0.5057926236563041,0.984729111194611,0.888129532337189,North America,34.639119475996026
150,Papua New Guinea,PNG,0.7404802619184984,0.505457043647766,0.6315630159340972,0.429185003042221,0.413044840097427,0.444256067276001,0.4681815427962553,0.952191174030304,0.782354056835175,Oceania,30.227169689546372
151,Paraguay,PRY,0.8115048646102312,0.944025158882141,0.6701945803293036,0.528180062770844,0.509541630744934,0.541788995265961,0.5444726842828077,0.979847192764282,0.857928097248077,South America,35.706582301498635
152,Peru,PER,0.9327769079901393,0.878325223922729,0.7214418723135348,0.6051926612854,0.593174636363983,0.616166830062866,0.6736948287354851,0.985692083835602,0.885788917541504,South America,37.52161385097099
153,Philippines,PHL,0.9290991877934542,0.697000026702881,0.6286520083957372,0.51596212387085,0.500622451305389,0.530668556690216,0.5847314856798014,0.971628129482269,0.816831171512604,Asia,34.13945346901782
154,Poland,POL,0.9622826335909059,0.9229360222816468,0.9214522380764288,0.753088593482971,0.743042945861816,0.76286369562149,0.8876863802041504,0.995551288127899,0.894227266311646,Europe,40.91265519285511
155,Portugal,PRT,0.9974464534299727,0.9229360222816468,0.8839553374607527,0.768949568271637,0.759437024593353,0.777799069881439,0.8826814336840294,0.996253490447998,0.93293422460556,Europe,41.36502802543984
156,Puerto Rico,PRI,0.8603260009155482,0.8357511427667405,0.7196973551267092,0.5660236226884943,0.552885883732846,0.577624677043212,0.6230111874072308,0.981437733298854,0.8627816626900121,North America,36.09921298869734
157,Qatar,QAT,0.9209190933719014,0.7743813601033441,0.7430880148757709,0.637771606445313,0.632160842418671,0.643039286136627,0.685087157297553,0.993166387081146,0.961434423923492,Asia,37.82054640245906
158,Romania,ROU,0.8488497646783276,0.9229360222816468,0.7686131489861452,0.584187865257263,0.572614371776581,0.596227884292603,0.6531647606512432,0.992716729640961,0.877821922302246,Europe,37.34599341859731
159,Russian Federation,RUS,0.9823029560333002,0.9229360222816468,0.8648884343655692,0.681419610977173,0.672921240329742,0.689803600311279,0.8505299460214545,0.992823719978333,0.803582012653351,Europe,39.33555025438078
160,Rwanda,RWA,0.4916643292003009,0.617464005947113,0.6224601361087263,0.379552751779556,0.36368390917778,0.391555368900299,0.30638277491591787,0.964731156826019,0.814381539821625,Africa,28.911064127155175
161,Samoa,WSM,0.8783821781117214,0.950813770294189,0.6430137357498612,0.548421680927277,0.535335779190063,0.560103535652161,0.5654417318387683,0.984229624271393,0.890014410018921,Oceania,36.56142784097725
162,San Marino,SMR,0.9476337577107554,0.9229360222816468,0.8545520782682645,0.7107685498702221,0.701848280735505,0.7195550722953601,0.8129855015971089,0.9952628872333428,0.9104034503300984,Europe,40.0822147874709
163,Sao Tome and Principe,STP,0.6125799085254754,0.7037758330504099,0.6497706715078299,0.4100678316924884,0.3896917435138122,0.4273459231076034,0.40172935992654746,0.9380123861457992,0.7499216911585435,Africa,30.14491029779348
164,Saudi Arabia,SAU,0.8866785356810539,0.7743813601033441,0.6935307560248478,0.576390504837036,0.564920663833618,0.58694452047348,0.6156246846091018,0.992943644523621,0.915835380554199,Asia,36.30200237183199
165,Senegal,SEN,0.5260750731469015,0.811672329902649,0.7169717033770634,0.420110791921616,0.403787970542908,0.434972137212753,0.3776016120624233,0.956372141838074,0.825250804424286,Africa,31.513075065833974
166,Serbia,SRB,0.9560979678857754,0.940178275108337,0.7951949118851807,0.676606357097626,0.665117859840393,0.687133073806763,0.7611322008486625,0.994451701641083,0.892961323261261,Europe,39.37683070260591
167,Seychelles,SYC,0.9388596124885628,0.7037758330504099,0.8054958489734871,0.632779061794281,0.609291434288025,0.65689092874527,0.7570908805103527,0.985547840595245,0.848127484321594,Africa,36.907396578998295
168,Sierra Leone,SLE,0.689247492763663,0.705000042915344,0.5490895793951126,0.36270210146904,0.345196336507797,0.379230976104736,0.3788806663556543,0.894932568073273,0.631157755851746,Africa,28.328089229841368
169,Singapore,SGP,0.9988860224940093,0.7743813601033441,1.0,0.879125714302063,0.871676206588745,0.886267602443695,1.0,0.997191250324249,0.952393054962158,Asia,42.22974269189657
170,Sint Maarten (Dutch part),SXM,0.9476337577107554,0.9229360222816468,0.8545520782682645,0.7107685498702221,0.701848280735505,0.7195550722953601,0.8129855015971089,0.9952628872333428,0.9104034503300984,Europe,40.0822147874709
171,Slovak Republic,SVK,0.9055033116520914,0.9229360222816468,0.8436876376553688,0.664987325668335,0.65712183713913,0.672512054443359,0.7648139569570866,0.994414091110229,0.89833277463913,Europe,39.19295068859571
172,Slovenia,SVN,0.9791437325233199,0.9229360222816468,0.9053263151707556,0.774986982345581,0.768778145313263,0.780945837497711,0.8874332487725947,0.997856736183167,0.934989750385284,Europe,41.45275385826929
173,Solomon Islands,SLB,0.5981485076608798,0.683145403862,0.609309197763159,0.419872611761093,0.408778667449951,0.430028855800629,0.36486383895809504,0.98002827167511,0.856936395168304,Oceania,30.935830273275272
174,Somalia,SOM,0.6125799085254754,0.7037758330504099,0.6497706715078299,0.4100678316924884,0.3896917435138122,0.4273459231076034,0.40172935992654746,0.9380123861457992,0.7499216911585435,Africa,30.14491029779348
175,South Africa,ZAF,0.7331374811380309,0.725787162780762,0.5958292498911695,0.425453394651413,0.413654565811157,0.43670666217804,0.4373119004967949,0.966199100017548,0.690752625465393,Africa,30.693925723506435
176,South Sudan,SSD,0.3356058593068107,0.687174320220947,0.5833542080912574,0.306520849466324,0.267352998256683,0.334474980831146,0.19599543991280496,0.901424705982208,0.677222728729248,Africa,25.60854020981456
177,Spain,ESP,0.9307691618125014,0.9229360222816468,0.8806634915815035,0.728255033493042,0.722873985767365,0.73388797044754,0.8206086348408261,0.996965527534485,0.946016252040863,Europe,40.585442544451226
178,Sri Lanka,LKA,0.9487484809319889,0.827000021934509,0.6953230675146431,0.598324298858643,0.59227728843689,0.604202330112457,0.6604224354980017,0.992560029029846,0.898495495319366,Asia,37.210296633206006
179,St. Kitts and Nevis,KNA,0.9294091088036279,0.8357511427667405,0.711097275947536,0.586181640625,0.573051154613495,0.598464250564575,0.6616373323981131,0.9880211353302,0.876999974250793,North America,36.92818081801245
180,St. Lucia,LCA,0.9103613867846337,0.975146889686584,0.7261965427156966,0.602564752101898,0.587717175483704,0.615442216396332,0.6618385871440481,0.983381032943726,0.865446269512177,North America,37.81919901117364
181,St. Martin (French part),MAF,0.8603260009155482,0.8357511427667405,0.7196973551267092,0.5660236226884943,0.552885883732846,0.577624677043212,0.6230111874072308,0.981437733298854,0.8627816626900121,North America,36.09921298869734
182,St. Vincent and the Grenadines,VCT,0.8835098687841413,0.8357511427667405,0.6803609322566102,0.533341825008392,0.521960496902466,0.544671952724457,0.6017759912614942,0.983616709709167,0.833130836486816,North America,35.51590426562044
183,Sudan,SDN,0.508133185423435,0.617564558982849,0.6599201146621017,0.377445191144943,0.36208176612854,0.39090895652771,0.3357012894296303,0.939526557922363,0.786300718784332,Africa,28.85258409147346
184,Suriname,SUR,0.8954063465445182,0.8773048917452494,0.7141439060483936,0.5812434918350644,0.5694872803158231,0.591660757859548,0.6411174899669505,0.9853207402759128,0.8713662226994833,South America,36.84665058659791
185,Sweden,SWE,1.0,0.9229360222816468,0.9028105222360469,0.79535710811615,0.785323143005371,0.80502313375473,0.9038174244334564,0.9972904920578,0.949876189231873,Europe,41.87845690907656
186,Switzerland,CHE,0.9518625404175257,0.9229360222816468,0.8954701403961424,0.756115138530731,0.746793866157532,0.765869855880737,0.8533150616253347,0.995876908302307,0.953842222690582,Europe,41.142170066357224
187,Syrian Arab Republic,SYR,0.8557952180777213,0.7743813601033441,0.74653632745057,0.5896201885264852,0.5773801512044411,0.600884977242221,0.6470543732838795,0.9799713712671528,0.8830966690312261,Asia,36.187511547620616
188,Tajikistan,TJK,0.7791390245159193,0.824897289276123,0.6789230937844791,0.504116356372833,0.480660378932953,0.525358021259308,0.5295653939487217,0.965224981307983,0.871234178543091,Asia,34.521713209787656
189,Tanzania,TZA,0.5177430291552261,0.682000041007996,0.6752980475125406,0.389834702014923,0.377067387104034,0.400763750076294,0.3500207804456601,0.946971416473389,0.781867921352386,Africa,29.592178808770875
190,Thailand,THA,0.9128135880210254,0.894845604896545,0.7415620090652156,0.609310984611511,0.597819745540619,0.620437383651733,0.6776628369714488,0.990896046161652,0.86919629573822,Asia,37.552842175087875
191,Timor-Leste,TLS,0.7597609208150781,0.544000029563904,0.6456791797445557,0.454314529895783,0.431532919406891,0.472169876098633,0.4911089166272434,0.954217076301575,0.857693791389465,Asia,31.60563107030105
192,Togo,TGO,0.6980559145677319,0.76199996471405,0.6670196012650682,0.431868046522141,0.409653574228287,0.452462881803513,0.4661362467835706,0.930232524871826,0.743062496185303,Africa,31.417155431320722
193,Tonga,TON,0.8296615551711769,0.919000029563904,0.6709116428524667,0.531120657920837,0.514327526092529,0.545081198215485,0.5572503882936417,0.984372794628143,0.833986341953278,Oceania,35.53965437264533
194,Trinidad and Tobago,TTO,0.8920401212558254,0.8357511427667405,0.7966471796690155,0.603487730026245,0.574239909648895,0.624052822589874,0.7114338150248568,0.981700539588928,0.853208899497986,North America,37.138267401692616
195,Tunisia,TUN,0.7582704395780304,0.915920376777649,0.667647011079484,0.516809940338135,0.508155465126038,0.524860441684723,0.5068215980877216,0.983007907867432,0.914562702178955,Africa,35.512711524295774
196,Turkey,TUR,0.8658018759630322,0.939999997615814,0.8308461337773314,0.649261832237244,0.640502750873566,0.657944321632385,0.7201503634940558,0.989395081996918,0.910988688468933,Asia,38.81036094227022
197,Turkmenistan,TKM,0.8557952180777213,0.7743813601033441,0.74653632745057,0.5896201885264852,0.5773801512044411,0.600884977242221,0.6470543732838795,0.9799713712671528,0.8830966690312261,Asia,36.187511547620616
198,Turks and Caicos Islands,TCA,0.8603260009155482,0.8357511427667405,0.7196973551267092,0.5660236226884943,0.552885883732846,0.577624677043212,0.6230111874072308,0.981437733298854,0.8627816626900121,North America,36.09921298869734
199,Tuvalu,TUV,0.7762806207808822,0.7615223101207187,0.6023200529555744,0.447577118873596,0.42813828587532,0.463706195354462,0.46809085163208297,0.975619494915009,0.787000000476837,Oceania,32.41966389765662
200,Uganda,UGA,0.4895983488032668,0.710828065872192,0.690385696562821,0.384176582098007,0.371235489845276,0.396288335323334,0.33838868037322617,0.953565239906311,0.737031519412994,Africa,29.27113507447989
201,Ukraine,UKR,0.9261024863411338,0.9229360222816468,0.8312123836596954,0.631387114524841,0.620419085025787,0.642555415630341,0.7706463998771029,0.99126535654068,0.814607322216034,Europe,38.29515854495785
202,United Arab Emirates,ARE,0.9655134352366018,0.7743813601033441,0.7788325498535376,0.673011898994446,0.661788403987885,0.683658003807068,0.7528119098747897,0.992411136627197,0.938642501831055,Asia,38.53192524897917
203,United Kingdom,GBR,0.9943939128201549,0.9229360222816468,0.9045395993892578,0.782942950725555,0.774944484233856,0.79124253988266,0.9004717875678723,0.995742082595825,0.933411657810211,Europe,41.60840384436118
204,United States,USA,0.9250400368812186,0.8357511427667405,0.8896635625609853,0.701764345169067,0.692523181438446,0.710881412029266,0.8238922727406663,0.993467271327972,0.889483511447906,North America,39.298571611619955
205,Uruguay,URY,0.8761583973504911,0.8773048917452494,0.7608513994151238,0.59876024723053,0.589142382144928,0.608074367046356,0.6673698178019339,0.992419898509979,0.893717527389526,South America,37.43697395694664
206,Uzbekistan,UZB,0.8639969573133577,0.891524195671082,0.8240884414953479,0.622805714607239,0.604297757148743,0.640962541103363,0.7128039698391766,0.978553593158722,0.866114258766174,Asia,37.7373903428367
207,Vanuatu,VUT,0.725449058709878,0.711041986942291,0.6043849298995386,0.454658538103104,0.435553818941116,0.470412790775299,0.43893946638316256,0.973555505275726,0.873641133308411,Oceania,32.46103059434421
208,"Venezuela, RB",VEN,0.8954063465445182,0.8773048917452494,0.7141439060483936,0.5812434918350644,0.5694872803158231,0.591660757859548,0.6411174899669505,0.9853207402759128,0.8713662226994833,South America,36.84665058659791
209,Vietnam,VNM,0.9227215485293255,0.76199996471405,0.9023559989173773,0.689964532852173,0.671133279800415,0.708236813545227,0.8335519051173177,0.979317009449005,0.867066919803619,Asia,38.474293012398945
210,Virgin Islands (U.S.),VIR,0.8603260009155482,0.8357511427667405,0.7196973551267092,0.5660236226884943,0.552885883732846,0.577624677043212,0.6230111874072308,0.981437733298854,0.8627816626900121,North America,36.09921298869734
211,West Bank and Gaza,PSE,0.8752785884682147,0.926040410995483,0.7167351051042742,0.579996645450592,0.567181944847107,0.591090142726898,0.6280425266759285,0.979734480381012,0.8921018242836,Asia,37.16031506704896
212,"Yemen, Rep.",YEM,0.5832153651295824,0.535905301570892,0.5585652341224794,0.372784405946732,0.352850139141083,0.388250797986984,0.3261271382200324,0.945041358470917,0.80375212430954,Asia,28.34990043116341
213,Zambia,ZMB,0.6306468973239018,0.654127299785614,0.6225582766478878,0.396927535533905,0.381383776664734,0.410318464040756,0.39305230509624034,0.942158281803131,0.732387900352478,Africa,29.53824623727408
214,Zimbabwe,ZWE,0.7932117923815272,0.765030264854431,0.6886111564679553,0.46689310669899,0.44448059797287,0.488258600234985,0.5468236954837059,0.953772246837616,0.650399327278137,Africa,32.00545719383651
