Year,Country_Name,Country_Code,Compulsory_education_duration_years,Government_expenditure_on_education_total,"Government expenditure on education, total (% of government expenditure)",Weighted World Education
2016,Afghanistan,AFG,9,3.511980057,13.0909996,1.885989728
2017,Afghanistan,AFG,9,3.373310089,12.03320026,1.797851115
2018,Afghanistan,AFG,9,3.199790001,11.69606018,1.750618645
2019,Afghanistan,AFG,9,3.213779926,11.34377003,1.730171022
2020,Afghanistan,AFG,9,3.114379883,10.25386047,1.645792251
2016,Africa Eastern and Southern,AFE,7,4.881084919,17.19881058,2.233552818
2017,Africa Eastern and Southern,AFE,7,5.02312994,16.77320004,2.227371933
2018,Africa Eastern and Southern,AFE,7,4.951634884,17.01243019,2.232081504
2019,Africa Eastern and Southern,AFE,7,4.719299793,15.32229519,2.089660904
2020,Africa Eastern and Southern,AFE,7,4.665371418,14.69679006,2.041696933
2016,Africa Western and Central,AFW,9,2.834550023,12.84734488,1.770149426
2017,Africa Western and Central,AFW,9,3.431199908,16.21059418,2.073436898
2018,Africa Western and Central,AFW,9,3.066335082,16.33996964,2.027703126
2019,Africa Western and Central,AFW,9,3.032850027,14.15939045,1.883365172
2020,Africa Western and Central,AFW,9,3.098950028,14.38990974,1.907883302
2016,Albania,ALB,9,3.962090015,13.59696007,1.984951024
2017,Albania,ALB,9,3.611720085,12.39080048,1.855995703
2018,Albania,ALB,9,3.951203346,13.48929977,1.976458087
2019,Albania,ALB,9,3.945760012,13.43546963,1.972211619
2020,Albania,ALB,9,3.940316677,13.38163948,1.967965151
2016,Algeria,DZA,10,7.344359875,16.11104012,2.705081222
2017,Algeria,DZA,10,6.505380154,17.55604935,2.673268862
2018,Algeria,DZA,10,5.866350174,13.77495003,2.336999914
2019,Algeria,DZA,10,6.100359917,14.46348,2.415646136
2020,Algeria,DZA,10,5.685693264,16.54919052,2.487589478
2016,American Samoa,ASM,0,0,0,0
2017,American Samoa,ASM,0,0,0,0
2018,American Samoa,ASM,0,0,0,0
2019,American Samoa,ASM,0,0,0,0
2020,American Samoa,ASM,0,0,0,0
2016,Andorra,AND,10,3.237070084,9.990980148,1.70597186
2017,Andorra,AND,10,3.217089891,9.392439842,1.664756119
2018,Andorra,AND,10,3.246720076,13.46191978,1.929261388
2019,Andorra,AND,10,3.15060997,10.89523983,1.750974915
2020,Andorra,AND,10,3.121789932,8.991869926,1.625046546
2016,Angola,AGO,6,2.754940033,6.550970078,1.179433755
2017,Angola,AGO,6,2.466880083,6.763780117,1.150400933
2018,Angola,AGO,6,2.044699907,5.41023016,1.001395883
2019,Angola,AGO,6,1.821179986,6.045360088,1.008910127
2020,Angola,AGO,6,1.509926637,6.467229843,0.989807488
2016,Antigua and Barbuda,ATG,11,2.430799961,6.762650013,1.439106148
2017,Antigua and Barbuda,ATG,11,2.448479891,7.391799927,1.481937984
2018,Antigua and Barbuda,ATG,11,2.644079924,7.230619907,1.500586047
2019,Antigua and Barbuda,ATG,11,2.822149992,8.54749012,1.611115963
2020,Antigua and Barbuda,ATG,11,3.321619987,8.94178009,1.710245067
2016,Arab World,ARB,9,0,9.659985065,1.146874609
2017,Arab World,ARB,9,0,9.849329948,1.158977467
2018,Arab World,ARB,9,0,10.03867483,1.171080325
2019,Arab World,ARB,9,0,10.22801971,1.183183183
2020,Arab World,ARB,9,0,10.4173646,1.195286042
2016,Argentina,ARG,14,5.545489788,13.35554028,2.497995171
2017,Argentina,ARG,14,5.454319954,13.26391983,2.478644837
2018,Argentina,ARG,14,4.945519924,12.52334023,2.356000089
2019,Argentina,ARG,14,4.802370071,12.5300703,2.335242757
2020,Argentina,ARG,14,4.554663499,12.25491365,2.280991952
2016,Armenia,ARM,12,2.75812006,10.19719982,1.765911327
2017,Armenia,ARM,12,2.707590103,10.40312958,1.771595378
2018,Armenia,ARM,12,2.255870104,8.98857975,1.614319069
2019,Armenia,ARM,12,2.561850071,9.061167717,1.664246761
2020,Armenia,ARM,12,2.704760075,8.682490349,1.661193854
2016,Aruba,ABW,13,5.491350174,21.36655045,2.943219422
2017,Aruba,ABW,13,5.491350174,21.36655045,2.943219422
2018,Aruba,ABW,13,5.491350174,21.36655045,2.943219422
2019,Aruba,ABW,13,5.491350174,21.36655045,2.943219422
2020,Aruba,ABW,13,5.491350174,21.36655045,2.943219422
2016,Australia,AUS,10,5.276780128,13.8043499,2.251617265
2017,Australia,AUS,10,5.127900124,13.60291958,2.216706278
2018,Australia,AUS,10,5.107890129,13.48046017,2.205917049
2019,Australia,AUS,10,5.023445129,13.3185153,2.183066941
2020,Australia,AUS,10,4.93900013,13.15657043,2.160216833
2016,Austria,AUT,10,5.47961998,10.95384979,2.099436496
2017,Austria,AUT,13,5.371890068,10.93031025,2.258457411
2018,Austria,AUT,13,5.225359917,10.72770023,2.223818818
2019,Austria,AUT,13,5.098229885,10.61462545,2.197774685
2020,Austria,AUT,13,4.971099854,10.50155067,2.171730552
2016,Azerbaijan,AZE,10,2.903409958,8.206899643,1.542549244
2017,Azerbaijan,AZE,10,2.473819971,6.950399876,1.398650888
2018,Azerbaijan,AZE,10,2.455430031,7.410520077,1.425339726
2019,Azerbaijan,AZE,10,2.681080103,8.07215023,1.501029212
2020,Azerbaijan,AZE,10,2.606970151,10.5025301,1.645409272
2016,"Bahamas, The",BHS,12,2.32517004,11.88607979,1.809783289
2017,"Bahamas, The",BHS,12,2.418499947,10.57621956,1.739871183
2018,"Bahamas, The",BHS,12,2.309520006,11.41967964,1.777654805
2019,"Bahamas, The",BHS,12,2.398930073,11.26607037,1.78106968
2020,"Bahamas, The",BHS,12,2.510879993,11.24431038,1.796248424
2016,Bahrain,BHR,9,2.324520111,7.223849773,1.335208405
2017,Bahrain,BHR,9,2.324520111,7.223849773,1.335208405
2018,Bahrain,BHR,9,2.324520111,7.223849773,1.335208405
2019,Bahrain,BHR,9,2.324520111,7.223849773,1.335208405
2020,Bahrain,BHR,9,2.324520111,7.223849773,1.335208405
2016,Bangladesh,BGD,5,1.535539985,11.41928005,1.251308279
2017,Bangladesh,BGD,5,1.465800007,16.05497932,1.537298376
2018,Bangladesh,BGD,5,1.39606003,11.68148041,1.247423696
2019,Bangladesh,BGD,5,1.326320052,9.273750305,1.083200267
2020,Bangladesh,BGD,5,1.256580075,11.8447504,1.23721552
2016,Barbados,BRB,11,4.707320213,13.36244965,2.197909295
2017,Barbados,BRB,11,4.366380215,12.87915039,2.11655467
2018,Barbados,BRB,11,5.428860188,16.3585701,2.496214921
2019,Barbados,BRB,11,3.203989983,10.77849007,1.810236582
2020,Barbados,BRB,11,4.295159817,16.14246941,2.314603588
2016,Belarus,BLR,9,4.946549892,12.1587801,2.038732332
2017,Belarus,BLR,9,4.794990063,12.28168964,2.024156395
2018,Belarus,BLR,9,5.381110191,13.26403999,2.173699141
2019,Belarus,BLR,9,4.97947979,13.23215008,2.112215695
2020,Belarus,BLR,9,4.952449799,12.89661026,2.086767417
2016,Belgium,BEL,12,6.461730003,12.16495037,2.439858142
2017,Belgium,BEL,12,6.425340176,12.35070992,2.446345792
2018,Belgium,BEL,12,6.376639843,12.22383976,2.431028192
2019,Belgium,BEL,12,6.334094763,12.25328445,2.426613217
2020,Belgium,BEL,12,6.291549683,12.28272915,2.422198241
2016,Belize,BLZ,8,7.29365015,20.50201988,2.86059853
2017,Belize,BLZ,8,7.45028019,21.65851021,2.957703695
2018,Belize,BLZ,8,7.472270012,22.11375046,2.99005719
2019,Belize,BLZ,8,7.138390064,22.09441948,2.939404208
2020,Belize,BLZ,8,7.94095993,21.52098083,3.021538054
2016,Benin,BEN,6,2.899100065,18.79140091,1.983174816
2017,Benin,BEN,6,3.535589933,19.87965012,2.146941773
2018,Benin,BEN,6,2.933969975,17.70918083,1.919160762
2019,Benin,BEN,6,2.965199947,17.16807079,1.889195527
2020,Benin,BEN,6,2.987233241,16.62696075,1.857869098
2016,Bermuda,BMU,13,1.324959993,7.773469925,1.457689808
2017,Bermuda,BMU,13,1.324959993,7.773469925,1.457689808
2018,Bermuda,BMU,13,1.324959993,7.773469925,1.457689808
2019,Bermuda,BMU,13,1.324959993,7.773469925,1.457689808
2020,Bermuda,BMU,13,1.324959993,7.773469925,1.457689808
2016,Bhutan,BTN,0,6.993330002,24.64319992,2.610262875
2017,Bhutan,BTN,0,7.225739956,23.45727921,2.568858087
2018,Bhutan,BTN,0,6.850840092,21.87844086,2.412450611
2019,Bhutan,BTN,0,6.779595137,20.38315964,2.306327843
2020,Bhutan,BTN,0,6.708350182,15.78534031,2.001891931
2016,Bolivia,BOL,14,0,0,0.823529412
2017,Bolivia,BOL,14,0,0,0.823529412
2018,Bolivia,BOL,14,0,0,0.823529412
2019,Bolivia,BOL,14,0,0,0.823529412
2020,Bolivia,BOL,14,0,0,0.823529412
2016,Bosnia and Herzegovina,BIH,9,0,0,0.529411765
2017,Bosnia and Herzegovina,BIH,9,0,0,0.529411765
2018,Bosnia and Herzegovina,BIH,9,0,0,0.529411765
2019,Bosnia and Herzegovina,BIH,9,0,0,0.529411765
2020,Bosnia and Herzegovina,BIH,9,0,0,0.529411765
2016,Botswana,BWA,0,7.974820137,16.50358963,2.235251567
2017,Botswana,BWA,0,7.099999905,22.20000076,2.469882588
2018,Botswana,BWA,0,6.721330166,15.60871029,1.992522961
2019,Botswana,BWA,0,6.91437006,15.35272026,2.004731877
2020,Botswana,BWA,0,6.560886701,14.96909714,1.927891981
2016,Brazil,BRA,14,6.314040184,15.92883015,2.776231597
2017,Brazil,BRA,14,6.32047987,16.50490952,2.814007521
2018,Brazil,BRA,14,6.088510036,16.1483593,2.756883253
2019,Brazil,BRA,14,5.975744963,16.25812387,2.747209081
2020,Brazil,BRA,14,5.862979889,16.36788845,2.737534909
2016,British Virgin Islands,VGB,12,3.797420025,14.38938046,2.187700147
2017,British Virgin Islands,VGB,12,2.665430069,15.00934982,2.059783275
2018,British Virgin Islands,VGB,12,2.694129944,13.99639034,1.999283112
2019,British Virgin Islands,VGB,12,2.918790102,12.19546032,1.917420102
2020,British Virgin Islands,VGB,12,2.625913461,13.16137981,1.935812856
2016,Brunei Darussalam,BRN,9,4.425409794,11.44194984,1.915779188
2017,Brunei Darussalam,BRN,9,4.425409794,11.44194984,1.915779188
2018,Brunei Darussalam,BRN,9,4.425409794,11.44194984,1.915779188
2019,Brunei Darussalam,BRN,9,4.425409794,11.44194984,1.915779188
2020,Brunei Darussalam,BRN,9,4.425409794,11.44194984,1.915779188
2016,Bulgaria,BGR,11,4.091020107,12.73095036,2.066325906
2017,Bulgaria,BGR,11,4.091020107,12.73095036,2.066325906
2018,Bulgaria,BGR,11,4.091020107,12.73095036,2.066325906
2019,Bulgaria,BGR,11,4.091020107,12.73095036,2.066325906
2020,Bulgaria,BGR,11,4.091020107,12.73095036,2.066325906
2016,Burkina Faso,BFA,10,5.549964905,20.22683144,2.702573924
2017,Burkina Faso,BFA,10,5.628469944,21.44400024,2.791994405
2018,Burkina Faso,BFA,10,5.430560112,22.66116905,2.840502902
2019,Burkina Faso,BFA,10,5.785480022,23.87833786,2.970835368
2020,Burkina Faso,BFA,10,5.863985062,25.09550667,3.060255849
2016,Burundi,BDI,0,4.691999912,20.78461075,2.023004848
2017,Burundi,BDI,0,4.762020111,19.76485062,1.968185784
2018,Burundi,BDI,0,5.078649998,18.79343033,1.952957124
2019,Burundi,BDI,0,5.27197504,17.79784012,1.917933262
2020,Burundi,BDI,0,5.465300083,16.80224991,1.8829094
2016,Cabo Verde,CPV,10,5.288790226,17.84300995,2.5115446
2017,Cabo Verde,CPV,10,5.181749821,16.41258049,2.404269072
2018,Cabo Verde,CPV,10,5.368850231,17.56854057,2.505850244
2019,Cabo Verde,CPV,10,4.733459949,15.15369987,2.257450775
2020,Cabo Verde,CPV,10,4.548349857,17.09019089,2.353832575
2016,Cambodia,KHM,0,2.162859917,9.385020256,0.920010676
2017,Cambodia,KHM,0,2.162859917,9.385020256,0.920010676
2018,Cambodia,KHM,0,2.162859917,9.385020256,0.920010676
2019,Cambodia,KHM,0,2.162859917,9.385020256,0.920010676
2020,Cambodia,KHM,0,2.162859917,9.385020256,0.920010676
2016,Cameroon,CMR,6,2.654230118,12.69468975,1.557232144
2017,Cameroon,CMR,6,3.154819965,15.91281033,1.837025255
2018,Cameroon,CMR,6,3.131200075,16.88315964,1.895553677
2019,Cameroon,CMR,6,3.100500107,14.0946703,1.712770538
2020,Cameroon,CMR,6,3.24925677,14.38990974,1.753659516
2016,Canada,CAN,10,0,0,0.588235294
2017,Canada,CAN,10,0,0,0.588235294
2018,Canada,CAN,10,0,0,0.588235294
2019,Canada,CAN,10,0,0,0.588235294
2020,Canada,CAN,10,0,0,0.588235294
2016,Caribbean small states,CSS,6.5,4.643265009,14.78959036,2.014944976
2017,Caribbean small states,CSS,6.5,4.410719991,14.14472532,1.939306593
2018,Caribbean small states,CSS,6.5,4.350024939,14.1778698,1.932441741
2019,Caribbean small states,CSS,6.5,4.36243999,13.96738482,1.920825159
2020,Caribbean small states,CSS,6.5,5.403379917,9.377129555,1.781486499
2016,Cayman Islands,CYM,12,0,0,0.705882353
2017,Cayman Islands,CYM,12,0,0,0.705882353
2018,Cayman Islands,CYM,12,0,0,0.705882353
2019,Cayman Islands,CYM,12,0,0,0.705882353
2020,Cayman Islands,CYM,12,0,0,0.705882353
2016,Central African Republic,CAF,10,1.754089952,7.319019794,1.315686172
2017,Central African Republic,CAF,10,1.75364995,8.895050049,1.416360347
2018,Central African Republic,CAF,10,1.565879941,9.135499954,1.403938104
2019,Central African Republic,CAF,10,1.768710017,9.797809601,1.47629345
2020,Central African Republic,CAF,10,1.773583372,9.782440186,1.476032345
2016,Central Europe and the Baltics,CEB,10,4.633399963,11.28394985,1.995287903
2017,Central Europe and the Baltics,CEB,10,4.091020107,10.84708023,1.887086062
2018,Central Europe and the Baltics,CEB,10,4.26692009,11.12355042,1.93079278
2019,Central Europe and the Baltics,CEB,10,4.083680153,11.0433507,1.898545219
2020,Central Europe and the Baltics,CEB,10,3.900440216,10.96315098,1.866297658
2016,Chad,TCD,10,2.299999952,13,1.75961221
2017,Chad,TCD,10,2.454819918,16.3627491,1.99747275
2018,Chad,TCD,10,2.25948,12.33575487,1.711156563
2019,Chad,TCD,10,2.372459888,14.21378994,1.847921983
2020,Chad,TCD,10,2.396613201,11.67150974,1.688995244
2016,Channel Islands,CHI,0,0,0,0
2017,Channel Islands,CHI,0,0,0,0
2018,Channel Islands,CHI,0,0,0,0
2019,Channel Islands,CHI,0,0,0,0
2020,Channel Islands,CHI,0,0,0,0
2016,Chile,CHL,12,5.342010021,21.15547943,2.848800569
2017,Chile,CHL,12,5.419660091,21.31155014,2.87026949
2018,Chile,CHL,12,5.433169842,21.37952995,2.876614305
2019,Chile,CHL,12,5.478749752,21.49155521,2.890521173
2020,Chile,CHL,12,5.524329662,21.60358047,2.904428041
2016,China,CHN,9,3.79362011,12.26955986,1.87516895
2017,China,CHN,9,3.667449951,12.15530014,1.849191146
2018,China,CHN,9,3.542490005,11.45069027,1.785657491
2019,China,CHN,9,3.416924953,11.04125547,1.740901761
2020,China,CHN,9,3.291359901,10.63182068,1.696146032
2016,Colombia,COL,12,4.477210045,14.92718983,2.32269201
2017,Colombia,COL,12,4.535510063,15.46874046,2.365936684
2018,Colombia,COL,12,4.449100018,12.83718967,2.184939389
2019,Colombia,COL,12,4.506219864,14.13658047,2.276450263
2020,Colombia,COL,12,4.515889804,13.87304401,2.261036347
2016,Comoros,COM,6,0,0,0.352941176
2017,Comoros,COM,6,0,0,0.352941176
2018,Comoros,COM,6,0,0,0.352941176
2019,Comoros,COM,6,0,0,0.352941176
2020,Comoros,COM,6,0,0,0.352941176
2016,"Congo, Dem. Rep.",COD,6,2.118690014,14.63541985,1.602017987
2017,"Congo, Dem. Rep.",COD,6,1.454949975,14.00642014,1.463572817
2018,"Congo, Dem. Rep.",COD,6,0.791209936,13.37742043,1.325127646
2019,"Congo, Dem. Rep.",COD,6,0.127469897,12.74842072,1.186682476
2020,"Congo, Dem. Rep.",COD,6,-0.536270142,12.11942101,1.048237306
2016,"Congo, Rep.",COG,10,5.20979023,11.37230015,2.08624637
2017,"Congo, Rep.",COG,10,4.442969799,15.68577003,2.248465255
2018,"Congo, Rep.",COG,10,3.001470089,15.58279991,2.028528008
2019,"Congo, Rep.",COG,10,3.898000002,16.66432953,2.230353809
2020,"Congo, Rep.",COG,10,3.460736593,17.08305931,2.192399797
2016,Costa Rica,CRI,13,6.893959999,23.42320061,3.282279142
2017,Costa Rica,CRI,13,7.069809914,30.15142059,3.738372026
2018,Costa Rica,CRI,13,6.779069901,26.08666992,3.435522354
2019,Costa Rica,CRI,13,6.808790207,24.55101013,3.341762404
2020,Costa Rica,CRI,13,6.746260166,21.53948021,3.140011441
2016,Cote d'Ivoire,CIV,10,3.97232008,22.38759995,2.607183305
2017,Cote d'Ivoire,CIV,10,3.80347991,20.63349915,2.470071876
2018,Cote d'Ivoire,CIV,10,3.239939928,18.2890892,2.236808832
2019,Cote d'Ivoire,CIV,10,3.700400114,17.37957954,2.246825707
2020,Cote d'Ivoire,CIV,10,3.609760125,15.08218002,2.086561173
2016,Croatia,HRV,8,3.905669928,8.638710022,1.600847197
2017,Croatia,HRV,8,3.905669928,8.638710022,1.600847197
2018,Croatia,HRV,8,3.905669928,8.638710022,1.600847197
2019,Croatia,HRV,8,3.905669928,8.638710022,1.600847197
2020,Croatia,HRV,8,3.905669928,8.638710022,1.600847197
2016,Cuba,CUB,9,0,0,0.529411765
2017,Cuba,CUB,9,0,0,0.529411765
2018,Cuba,CUB,9,0,0,0.529411765
2019,Cuba,CUB,9,0,0,0.529411765
2020,Cuba,CUB,9,0,0,0.529411765
2016,Curacao,CUW,14,0,0,0.823529412
2017,Curacao,CUW,14,0,0,0.823529412
2018,Curacao,CUW,14,0,0,0.823529412
2019,Curacao,CUW,14,0,0,0.823529412
2020,Curacao,CUW,14,0,0,0.823529412
2016,Cyprus,CYP,10,6.145410061,16.40278053,2.546273386
2017,Cyprus,CYP,10,5.754169941,15.67893028,2.442097938
2018,Cyprus,CYP,10,5.362929821,14.95508003,2.33792249
2019,Cyprus,CYP,10,4.971689701,14.23122978,2.233747042
2020,Cyprus,CYP,10,4.580449581,13.50737953,2.129571594
2016,Czech Republic,CZE,9,5.553730011,13.97148991,2.244468438
2017,Czech Republic,CZE,9,3.806159973,9.763589859,1.716844247
2018,Czech Republic,CZE,9,4.26692009,10.51187038,1.832870879
2019,Czech Republic,CZE,9,3.623515129,8.782060623,1.627072099
2020,Czech Republic,CZE,9,2.980110168,7.052250862,1.42127332
2016,Denmark,DNK,10,7.752439976,15.33633041,2.71596172
2017,Denmark,DNK,10,7.752439976,15.33633041,2.71596172
2018,Denmark,DNK,10,7.752439976,15.33633041,2.71596172
2019,Denmark,DNK,10,7.752439976,15.33633041,2.71596172
2020,Denmark,DNK,10,7.752439976,15.33633041,2.71596172
2016,Djibouti,DJI,10,3.924390078,12.00850964,1.936661418
2017,Djibouti,DJI,10,3.748559952,13.25469971,1.990292947
2018,Djibouti,DJI,10,3.627739906,13.99153042,2.01950841
2019,Djibouti,DJI,10,3.479414821,14.98304081,2.060931906
2020,Djibouti,DJI,10,3.331089735,15.9745512,2.102355402
2016,Dominica,DMA,12,5.129720211,12.69810009,2.276786983
2017,Dominica,DMA,12,4.766749859,9.783909798,2.036789961
2018,Dominica,DMA,12,5.571549892,8.445839882,2.070378931
2019,Dominica,DMA,12,5.571609974,8.298299789,2.060957113
2020,Dominica,DMA,12,4.998129845,10.66617012,2.127430131
2016,Dominican Republic,DOM,15,3.850500107,21.94519997,2.854992406
2017,Dominican Republic,DOM,15,3.920269966,22.34359932,2.890784544
2018,Dominican Republic,DOM,15,3.928489923,22.15546989,2.879976008
2019,Dominican Republic,DOM,15,4.042769909,22.34151077,2.908782181
2020,Dominican Republic,DOM,15,4.106859843,19.32287979,2.725318261
2016,Early-demographic dividend,EAR,10,3.992174983,16.95463562,2.262848849
2017,Early-demographic dividend,EAR,10,4.357689857,17.13343525,2.328377277
2018,Early-demographic dividend,EAR,10,3.979744911,15.39999962,2.161637297
2019,Early-demographic dividend,EAR,10,3.566455007,14.46348,2.040604523
2020,Early-demographic dividend,EAR,10,3.424548348,13.63309479,1.966523081
2016,East Asia & Pacific,EAS,9,4.063359976,16.21829987,2.167495042
2017,East Asia & Pacific,EAS,9,4.085539818,15.09342003,2.098875943
2018,East Asia & Pacific,EAS,9,3.434504986,14.943645,1.992943135
2019,East Asia & Pacific,EAS,9,3.120077491,14.30631757,1.905667181
2020,East Asia & Pacific,EAS,9,2.805649996,13.66899014,1.818391228
2016,East Asia & Pacific (IDA & IBRD countries),TEA,9,3.79362011,15.60490036,2.08836274
2017,East Asia & Pacific (IDA & IBRD countries),TEA,9,3.876494884,13.86952019,1.989704092
2018,East Asia & Pacific (IDA & IBRD countries),TEA,9,3.133100033,14.48729038,1.919162358
2019,East Asia & Pacific (IDA & IBRD countries),TEA,9,3.234369993,16.34421229,2.052845053
2020,East Asia & Pacific (IDA & IBRD countries),TEA,9,3.047953288,16.5906496,2.041005824
2016,East Asia & Pacific (excluding high income),EAP,9,3.79362011,15.60490036,2.08836274
2017,East Asia & Pacific (excluding high income),EAP,9,3.876494884,13.86952019,1.989704092
2018,East Asia & Pacific (excluding high income),EAP,9,3.133100033,14.48729038,1.919162358
2019,East Asia & Pacific (excluding high income),EAP,9,3.234369993,13.92848539,1.89843264
2020,East Asia & Pacific (excluding high income),EAP,9,3.047953288,13.3696804,1.835122607
2016,Ecuador,ECU,15,4.362750053,12.07139015,2.29967974
2017,Ecuador,ECU,15,4.614260197,11.92043018,2.327256284
2018,Ecuador,ECU,15,4.621459961,11.76947021,2.318672609
2019,Ecuador,ECU,15,4.225659847,11.61851025,2.250441184
2020,Ecuador,ECU,15,4.134130001,11.46755028,2.227244603
2016,"Egypt, Arab Rep.",EGY,12,0,0,0.705882353
2017,"Egypt, Arab Rep.",EGY,12,0,0,0.705882353
2018,"Egypt, Arab Rep.",EGY,12,0,0,0.705882353
2019,"Egypt, Arab Rep.",EGY,12,0,0,0.705882353
2020,"Egypt, Arab Rep.",EGY,12,0,0,0.705882353
2016,El Salvador,SLV,15,3.825239897,13.97434998,2.341759734
2017,El Salvador,SLV,15,3.725229979,13.46452045,2.294369208
2018,El Salvador,SLV,15,3.605750084,13.29150009,2.265625666
2019,El Salvador,SLV,15,3.385159969,12.51881981,2.183586815
2020,El Salvador,SLV,15,3.23846666,13.09288979,2.198569185
2016,Equatorial Guinea,GNQ,6,0,0,0.352941176
2017,Equatorial Guinea,GNQ,6,0,0,0.352941176
2018,Equatorial Guinea,GNQ,6,0,0,0.352941176
2019,Equatorial Guinea,GNQ,6,0,0,0.352941176
2020,Equatorial Guinea,GNQ,6,0,0,0.352941176
2016,Eritrea,ERI,8,0,0,0.470588235
2017,Eritrea,ERI,8,0,0,0.470588235
2018,Eritrea,ERI,8,0,0,0.470588235
2019,Eritrea,ERI,8,0,0,0.470588235
2020,Eritrea,ERI,8,0,0,0.470588235
2016,Estonia,EST,9,5.114459991,13.10830975,2.124278197
2017,Estonia,EST,9,4.956299782,12.75030041,2.077985176
2018,Estonia,EST,9,5.238870144,13.39284992,2.16087977
2019,Estonia,EST,9,5.30107522,13.53512001,2.179180557
2020,Estonia,EST,9,5.363280296,13.6773901,2.197481343
2016,Eswatini,SWZ,7,5.414669991,0,1.213186481
2017,Eswatini,SWZ,7,6.138090134,0,1.320259424
2018,Eswatini,SWZ,7,5.679160118,0,1.252333492
2019,Eswatini,SWZ,7,5.645549774,0,1.247358847
2020,Eswatini,SWZ,7,5.342339993,0,1.202480965
2016,Ethiopia,ETH,8,5.061510086,23.01335907,2.690744851
2017,Ethiopia,ETH,8,5.64951992,26.50992012,3.001274755
2018,Ethiopia,ETH,8,5.06867981,24.00155067,2.754970897
2019,Ethiopia,ETH,8,5.072264671,24.49564648,2.78708392
2020,Ethiopia,ETH,8,5.075849533,24.98974228,2.819196942
2016,Euro area,EMU,10,4.815949917,12.09509516,2.074155125
2017,Euro area,EMU,10,4.882740021,11.05543041,2.01758568
2018,Euro area,EMU,10,4.805599928,11.18884468,2.014696018
2019,Euro area,EMU,10,4.800424933,10.73571944,1.984966465
2020,Euro area,EMU,11,4.795249939,10.2825942,2.014060441
2016,Europe & Central Asia,ECS,10,4.839230061,12.35311985,2.094093651
2017,Europe & Central Asia,ECS,10,4.780779839,11.96763039,2.060802121
2018,Europe & Central Asia,ECS,10,4.678199768,11.74717522,2.031527895
2019,Europe & Central Asia,ECS,10,4.597684622,11.4442029,2.000245017
2020,Europe & Central Asia,ECS,10,4.517169476,11.14123058,1.968962139
2016,Europe & Central Asia (IDA & IBRD countries),TEC,10,3.962090015,12.35311985,1.964268725
2017,Europe & Central Asia (IDA & IBRD countries),TEC,10,4.091020107,12.39080048,1.985760116
2018,Europe & Central Asia (IDA & IBRD countries),TEC,10,4.615799904,12.85116482,2.092858758
2019,Europe & Central Asia (IDA & IBRD countries),TEC,10,3.945760012,13.1001873,2.00960402
2020,Europe & Central Asia (IDA & IBRD countries),TEC,10,3.940316677,13.34920979,2.024715785
2016,Europe & Central Asia (excluding high income),ECA,10,3.861265063,12.50965977,1.959351666
2017,Europe & Central Asia (excluding high income),ECA,10,4.091020107,12.73095036,2.007502377
2018,Europe & Central Asia (excluding high income),ECA,10,4.486399889,12.95149994,2.080119732
2019,Europe & Central Asia (excluding high income),ECA,10,3.945760012,13.77250004,2.052578014
2020,Europe & Central Asia (excluding high income),ECA,10,3.973924994,14.1934468,2.083653463
2016,European Union,EUU,10,4.792669773,12.02523994,2.066244325
2017,European Union,EUU,10,4.619729996,11.05543041,1.978657738
2018,European Union,EUU,10,4.627309799,11.12355042,1.984133826
2019,European Union,EUU,10,4.544629812,10.67270565,1.943078577
2020,European Union,EUU,10,4.461949825,10.22186089,1.902023327
2016,Faroe Islands,FRO,9,7.719890118,16.24980927,2.710709754
2017,Faroe Islands,FRO,9,8.233380318,17.25091934,2.850701707
2018,Faroe Islands,FRO,9,8.746870518,17.36721039,2.93413634
2019,Faroe Islands,FRO,9,9.260360718,15.41162968,2.885137659
2020,Faroe Islands,FRO,9,9.773850918,15.13223648,2.943280294
2016,Fiji,FJI,0,4.83589983,15.1698904,1.685412434
2017,Fiji,FJI,0,4.651189804,16.81719017,1.763368444
2018,Fiji,FJI,0,4.835710049,14.93480968,1.670358068
2019,Fiji,FJI,0,5.067880154,16.83370018,1.826097825
2020,Fiji,FJI,0,5.145206928,16.39175034,1.809293632
2016,Finland,FIN,10,6.851530075,12.31231022,2.389324327
2017,Finland,FIN,10,6.363110065,11.86386967,2.288369438
2018,Finland,FIN,10,6.269299984,11.75162029,2.267309728
2019,Finland,FIN,10,5.978184938,11.47127533,2.206302429
2020,Finland,FIN,10,5.687069893,11.19093037,2.145295129
2016,Fragile and conflict affected situations,FCS,9,2.830765009,12.84734488,1.769589209
2017,Fragile and conflict affected situations,FCS,9,2.707590103,14.50321007,1.857200491
2018,Fragile and conflict affected situations,FCS,9,3.131200075,13.17010021,1.834686814
2019,Fragile and conflict affected situations,FCS,9,3.281417608,13.33147788,1.867235617
2020,Fragile and conflict affected situations,FCS,9,3.431635141,13.49285555,1.89978442
2016,France,FRA,10,5.490030289,9.580029488,2.013163209
2017,France,FRA,10,5.451600075,9.652429581,2.012102967
2018,France,FRA,10,5.413169861,9.724829674,2.011042724
2019,France,FRA,10,5.374739647,9.797229767,2.009982482
2020,France,FRA,13,5.336309433,9.86962986,2.185392828
2016,French Polynesia,PYF,0,0,0,0
2017,French Polynesia,PYF,0,0,0,0
2018,French Polynesia,PYF,0,0,0,0
2019,French Polynesia,PYF,0,0,0,0
2020,French Polynesia,PYF,0,0,0,0
2016,Gabon,GAB,10,2.769999981,10.2796402,1.655292167
2017,Gabon,GAB,10,3.326809883,16.05843925,2.107084039
2018,Gabon,GAB,10,2.933459997,14.6950798,1.961719122
2019,Gabon,GAB,10,2.767829895,14.15939045,1.902963244
2020,Gabon,GAB,10,2.767106533,15.02552032,1.958218896
2016,"Gambia, The",GMB,9,2.024430037,10.35778999,1.491112624
2017,"Gambia, The",GMB,9,2.459189892,10.7730298,1.582003129
2018,"Gambia, The",GMB,9,2.365439892,11.18826962,1.594669235
2019,"Gambia, The",GMB,9,2.875299931,11.60350943,1.696675269
2020,"Gambia, The",GMB,9,3.158923229,12.01874924,1.765196151
2016,Georgia,GEO,9,3.593869925,12.66619968,1.870957133
2017,Georgia,GEO,9,3.574429989,12.9533596,1.886435002
2018,Georgia,GEO,9,3.52105999,12.95149994,1.878416874
2019,Georgia,GEO,9,3.808640003,11.54518223,1.831090071
2020,Georgia,GEO,9,3.839129925,11.17150974,1.811717851
2016,Germany,DEU,13,4.839230061,10.91053963,2.17835502
2017,Germany,DEU,13,4.882740021,11.04769039,2.193561529
2018,Germany,DEU,13,4.992740154,11.23017979,2.221507235
2019,Germany,DEU,13,5.069495201,11.38999987,2.243083343
2020,Germany,DEU,13,5.146250248,11.54981995,2.26465945
2016,Ghana,GHA,11,4.528840065,22.09332085,2.729566778
2017,Ghana,GHA,11,3.627379894,20.09763908,2.46857897
2018,Ghana,GHA,11,4.004129887,18.59816933,2.428495912
2019,Ghana,GHA,11,3.741774797,16.85059357,2.277960479
2020,Ghana,GHA,11,3.479419708,15.10301781,2.127425046
2016,Gibraltar,GIB,10,0,0,0.588235294
2017,Gibraltar,GIB,10,0,0,0.588235294
2018,Gibraltar,GIB,10,0,0,0.588235294
2019,Gibraltar,GIB,10,0,0,0.588235294
2020,Gibraltar,GIB,10,0,0,0.588235294
2016,Greece,GRC,10,3.350469828,6.942329884,1.52788743
2017,Greece,GRC,10,3.47220993,7.183919907,1.561348453
2018,Greece,GRC,10,3.593950033,7.42550993,1.594809475
2019,Greece,GRC,10,3.715690136,7.667099953,1.628270498
2020,Greece,GRC,10,3.837430239,7.908689976,1.66173152
2016,Greenland,GRL,10,11.08613968,0,2.2290876
2017,Greenland,GRL,10,11.02855968,0,2.220565222
2018,Greenland,GRL,10,10.5601902,0,2.15124216
2019,Greenland,GRL,10,10.29721546,0,2.112319441
2020,Greenland,GRL,10,10.03424072,0,2.073396721
2016,Grenada,GRD,12,2.795049906,14.04117012,2.017082517
2017,Grenada,GRD,12,3.173799992,14.04117012,2.07314107
2018,Grenada,GRD,12,3.552550077,14.04117012,2.129199624
2019,Grenada,GRD,12,3.931300163,14.04117012,2.185258177
2020,Grenada,GRD,12,4.310050249,14.04117012,2.24131673
2016,Guam,GUM,0,0,0,0
2017,Guam,GUM,0,0,0,0
2018,Guam,GUM,0,0,0,0
2019,Guam,GUM,0,0,0,0
2020,Guam,GUM,0,0,0,0
2016,Guatemala,GTM,16,2.944740057,23.4347496,2.874966469
2017,Guatemala,GTM,16,2.950099945,23.08805084,2.85359892
2018,Guatemala,GTM,16,3.137049913,23.74954033,2.923551438
2019,Guatemala,GTM,16,3.199280024,23.75538063,2.933135386
2020,Guatemala,GTM,16,3.299720049,21.1411705,2.780902058
2016,Guinea,GIN,6,2.544500113,15.76885986,1.737490949
2017,Guinea,GIN,6,2.320339918,13.37679005,1.551412884
2018,Guinea,GIN,6,2.384320021,14.87012005,1.656335666
2019,Guinea,GIN,6,1.848369956,12.40536022,1.419463466
2020,Guinea,GIN,6,2.199470043,12.29076004,1.464104357
2016,Guinea-Bissau,GNB,9,2.299999952,10,1.509029737
2017,Guinea-Bissau,GNB,9,2.200000048,15,1.813827056
2018,Guinea-Bissau,GNB,9,2.137870073,20,2.124229478
2019,Guinea-Bissau,GNB,9,2.947819948,25,2.56370787
2020,Guinea-Bissau,GNB,9,3.163759947,30,2.915267248
2016,Guyana,GUY,6,4.737750053,18.71751022,2.250589136
2017,Guyana,GUY,6,4.66478014,17.63573074,2.170641943
2018,Guyana,GUY,6,4.45058012,16.00617027,2.034777406
2019,Guyana,GUY,6,4.306995153,14.6505003,1.926871541
2020,Guyana,GUY,6,4.163410187,13.29483032,1.818965676
2016,Haiti,HTI,6,1.422749996,13.10721016,1.401329734
2017,Haiti,HTI,6,1.591189981,15.19684982,1.559829458
2018,Haiti,HTI,6,1.682100058,14.64414024,1.537955997
2019,Haiti,HTI,6,1.811775088,15.41260529,1.606269129
2020,Haiti,HTI,6,1.941450119,16.18107033,1.67458226
2016,Heavily indebted poor countries (HIPC),HPC,8.5,3.094779968,14.99129009,1.916294349
2017,Heavily indebted poor countries (HIPC),HPC,8.5,3.627379894,15.91281033,2.054027366
2018,Heavily indebted poor countries (HIPC),HPC,8.5,3.310939908,16.80236435,2.06405127
2019,Heavily indebted poor countries (HIPC),HPC,8.5,3.438679934,14.59023952,1.941559748
2020,Heavily indebted poor countries (HIPC),HPC,8.5,3.553313255,13.33253956,1.878134812
2016,High income,HIC,10,4.926459789,12.89328957,2.141531925
2017,High income,HIC,10,4.882740021,11.86386967,2.069260833
2018,High income,HIC,10,4.898489952,11.75296497,2.064502981
2019,High income,HIC,10,4.884505033,11.18280268,2.025988509
2020,High income,HIC,10,4.870520115,10.61264038,1.987474037
2016,Honduras,HND,12,5.159619808,18.00941086,2.620709517
2017,Honduras,HND,12,4.937019825,19.67046928,2.693936909
2018,Honduras,HND,12,6.056469917,23.15510941,3.082362956
2019,Honduras,HND,12,4.912849903,20.11774063,2.718948961
2020,Honduras,HND,12,4.830593268,24.25477028,2.971211689
2016,"Hong Kong SAR, China",HKG,9,3.292649984,18.12696075,2.175423691
2017,"Hong Kong SAR, China",HKG,9,3.310100079,17.84127998,2.159745853
2018,"Hong Kong SAR, China",HKG,9,3.326519966,18.78783989,2.222679926
2019,"Hong Kong SAR, China",HKG,9,3.810600042,20.31401062,2.391880598
2020,"Hong Kong SAR, China",HKG,9,4.406340122,20.62105942,2.49968215
2016,Hungary,HUN,13,4.620490074,9.862719536,2.079003165
2017,Hungary,HUN,13,4.619729996,9.935609818,2.083549788
2018,Hungary,HUN,13,4.627309799,10.07503986,2.093583989
2019,Hungary,HUN,13,4.630719662,10.18120003,2.100874401
2020,Hungary,HUN,13,4.634129524,10.28736019,2.108164813
2016,IBRD only,IBD,10,3.962090015,14.82068491,2.121994615
2017,IBRD only,IBD,10,4.008424878,14.49975967,2.10833918
2018,IBRD only,IBD,10,4.167449951,14.11063004,2.107003347
2019,IBRD only,IBD,10,3.882860065,14.14798546,2.067269129
2020,IBRD only,IBD,10,3.856450081,13.92375231,2.049027301
2016,IDA & IBRD total,IBT,9,3.819204926,14.92718983,2.048830513
2017,IDA & IBRD total,IBT,9,3.912969947,15.33279514,2.088634762
2018,IDA & IBRD total,IBT,9,3.798414946,14.87012005,2.042105522
2019,IDA & IBRD total,IBT,9,3.663199902,14.14798546,1.975933842
2020,IDA & IBRD total,IBT,9,3.611198227,13.88825067,1.951634952
2016,IDA blend,IDB,9.5,5.362669945,13.87908506,2.239695042
2017,IDA blend,IDB,9.5,4.862154961,15.68577003,2.281096812
2018,IDA blend,IDB,9.5,3.587280035,15.58279991,2.085821592
2019,IDA blend,IDB,9.5,3.898000002,16.43465734,2.186261478
2020,IDA blend,IDB,9.5,3.409776688,17.28651476,2.16845029
2016,IDA only,IDX,9,3.265754938,15.34716034,1.993759109
2017,IDA only,IDX,9,3.745085001,16.16655922,2.117080127
2018,IDA only,IDX,9,3.504765034,15.88852024,2.063738371
2019,IDA only,IDX,9,3.44075501,16.15920019,2.071566057
2020,IDA only,IDX,9,3.499088367,16.42988014,2.097501706
2016,IDA total,IDA,9,3.511980057,15.06348038,2.012070005
2017,IDA total,IDA,9,3.775149941,15.91281033,2.105310479
2018,IDA total,IDA,9,3.562550068,15.8884201,2.072284696
2019,IDA total,IDA,9,3.442830086,16.30088997,2.080929948
2020,IDA total,IDA,9,3.419780095,16.71335983,2.103883262
2016,Iceland,ISL,10,7.432199955,15.97465992,2.709365001
2017,Iceland,ISL,10,7.583859921,17.04470062,2.800208718
2018,Iceland,ISL,10,7.574059963,17.21715927,2.809781729
2019,Iceland,ISL,10,7.644989967,17.83840895,2.859990093
2020,Iceland,ISL,10,7.715919971,18.45965862,2.910198457
2016,India,IND,8,3.450979948,12.75354958,1.796567925
2017,India,IND,8,3.450979948,12.75354958,1.796567925
2018,India,IND,8,3.450979948,12.75354958,1.796567925
2019,India,IND,8,3.450979948,12.75354958,1.796567925
2020,India,IND,8,3.450979948,12.75354958,1.796567925
2016,Indonesia,IDN,9,3.5,21.07877922,2.394792628
2017,Indonesia,IDN,9,2.669980049,16.11047935,1.954369939
2018,Indonesia,IDN,9,3,20,2.251832766
2019,Indonesia,IDN,9,2.841850042,18.21323299,2.114215576
2020,Indonesia,IDN,9,2.622466723,17.25805092,2.020689892
2016,"Iran, Islamic Rep.",IRN,9,3.365760088,19.44543076,2.270520808
2017,"Iran, Islamic Rep.",IRN,9,3.790400028,20.30521011,2.388328282
2018,"Iran, Islamic Rep.",IRN,9,3.955359936,21.14603996,2.466489438
2019,"Iran, Islamic Rep.",IRN,9,3.663199902,21.24616051,2.429646692
2020,"Iran, Islamic Rep.",IRN,9,3.762346506,21.84640376,2.482688654
2016,Iraq,IRQ,6,0,0,0.352941176
2017,Iraq,IRQ,6,0,0,0.352941176
2018,Iraq,IRQ,6,0,0,0.352941176
2019,Iraq,IRQ,6,0,0,0.352941176
2020,Iraq,IRQ,6,0,0,0.352941176
2016,Ireland,IRL,10,3.731739998,13.21032047,1.984966731
2017,Ireland,IRL,10,3.468849897,13.20170975,1.945506144
2018,Ireland,IRL,10,3.383090019,13.20294952,1.932892127
2019,Ireland,IRL,10,3.20876503,13.19926405,1.906854824
2020,Ireland,IRL,10,3.034440041,13.19557858,1.880817522
2016,Isle of Man,IMN,0,0,0,0
2017,Isle of Man,IMN,0,0,0,0
2018,Isle of Man,IMN,0,0,0,0
2019,Isle of Man,IMN,0,0,0,0
2020,Isle of Man,IMN,0,0,0,0
2016,Israel,ISR,15,5.863269806,15.43659973,2.736873702
2017,Israel,ISR,15,6.102729797,15.70108032,2.789221525
2018,Israel,ISR,15,6.164899826,15.52122021,2.786926675
2019,Israel,ISR,15,6.315714836,15.56353045,2.811953162
2020,Israel,ISR,15,6.466529846,15.60584068,2.836979649
2016,Italy,ITA,12,3.815789938,7.77489996,1.767623801
2017,Italy,ITA,12,4.044939995,8.295180321,1.834796289
2018,Italy,ITA,12,4.255720139,8.795740128,1.897989328
2019,Italy,ITA,12,4.475685239,9.306160212,1.963172091
2020,Italy,ITA,12,4.695650339,9.816580296,2.028354854
2016,Jamaica,JAM,6,5.314610004,19.14512062,2.363302507
2017,Jamaica,JAM,6,5.260169983,18.40254021,2.307779396
2018,Jamaica,JAM,6,5.413809776,18.58399963,2.342118344
2019,Jamaica,JAM,6,5.163640022,17.31398964,2.223912291
2020,Jamaica,JAM,6,5.403379917,16.70361265,2.220380954
2016,Japan,JPN,9,0,0,0.529411765
2017,Japan,JPN,9,0,0,0.529411765
2018,Japan,JPN,9,0,0,0.529411765
2019,Japan,JPN,9,0,0,0.529411765
2020,Japan,JPN,9,0,0,0.529411765
2016,Jordan,JOR,10,3.452820063,12.15015984,1.875918879
2017,Jordan,JOR,10,3.228539944,11.19604969,1.78173694
2018,Jordan,JOR,10,2.984810114,9.825320244,1.658046103
2019,Jordan,JOR,10,2.988470078,9.859749794,1.660788537
2020,Jordan,JOR,10,2.833686749,9.09627978,1.589078423
2016,Kazakhstan,KAZ,9,2.978100061,13.8441,1.85510841
2017,Kazakhstan,KAZ,9,2.750819921,11.41991043,1.666515481
2018,Kazakhstan,KAZ,9,2.615950108,13.88018036,1.803813076
2019,Kazakhstan,KAZ,9,2.856970072,14.10953045,1.85414626
2020,Kazakhstan,KAZ,9,2.816593409,14.19800727,1.853825544
2016,Kenya,KEN,12,5.362669945,17.35457039,2.608905663
2017,Kenya,KEN,12,5.366680145,17.70870018,2.632135062
2018,Kenya,KEN,12,5.306250095,19.03519058,2.707979649
2019,Kenya,KEN,12,4.97439003,19.87550068,2.712573583
2020,Kenya,KEN,12,5.079969883,20.71581078,2.781912713
2016,Kiribati,KIR,9,10.09358978,12.88805008,2.84715703
2017,Kiribati,KIR,9,10.86316013,12.54887962,2.93938098
2018,Kiribati,KIR,9,11.96829033,15.13971996,3.268556182
2019,Kiribati,KIR,9,12.39466,12.39466,3.156199612
2020,Kiribati,KIR,9,13.1616834,20.1776104,3.767209695
2016,"Korea, Dem. People's Rep.",PRK,12,0,0,0.705882353
2017,"Korea, Dem. People's Rep.",PRK,12,0,0,0.705882353
2018,"Korea, Dem. People's Rep.",PRK,12,0,0,0.705882353
2019,"Korea, Dem. People's Rep.",PRK,12,0,0,0.705882353
2020,"Korea, Dem. People's Rep.",PRK,12,0,0,0.705882353
2016,"Korea, Rep.",KOR,9,4.333099842,0,1.170751047
2017,"Korea, Rep.",KOR,9,4.328239918,0,1.170031733
2018,"Korea, Rep.",KOR,9,4.458079815,0,1.189249251
2019,"Korea, Rep.",KOR,9,4.520569801,0,1.198498353
2020,"Korea, Rep.",KOR,9,4.583059788,0,1.207747456
2016,Kosovo,XKX,0,0,0,0
2017,Kosovo,XKX,0,0,0,0
2018,Kosovo,XKX,0,0,0,0
2019,Kosovo,XKX,0,0,0,0
2020,Kosovo,XKX,0,0,0,0
2016,Kuwait,KWT,9,5.847710133,10.51535988,2.067065629
2017,Kuwait,KWT,9,6.36548996,11.13780975,2.183488661
2018,Kuwait,KWT,9,6.38917017,11.75430965,2.22640001
2019,Kuwait,KWT,9,6.49243021,12.82629967,2.310204685
2020,Kuwait,KWT,9,6.551259995,11.91267014,2.260513165
2016,Kyrgyz Republic,KGZ,10,6.586150169,16.92091942,2.644626297
2017,Kyrgyz Republic,KGZ,10,6.026189804,16.27813911,2.520660638
2018,Kyrgyz Republic,KGZ,10,5.552670002,16.79590034,2.483670397
2019,Kyrgyz Republic,KGZ,10,5.366749763,16.47274971,2.435496789
2020,Kyrgyz Republic,KGZ,10,4.960282962,16.32335981,2.365786952
2016,Lao PDR,LAO,9,0,0,0.529411765
2017,Lao PDR,LAO,9,0,0,0.529411765
2018,Lao PDR,LAO,9,0,0,0.529411765
2019,Lao PDR,LAO,9,0,0,0.529411765
2020,Lao PDR,LAO,9,0,0,0.529411765
2016,Late-demographic dividend,LTE,10,4.380859852,13.40364027,2.093399471
2017,Late-demographic dividend,LTE,10,4.229444981,12.9533596,2.042206873
2018,Late-demographic dividend,LTE,10,4.449100018,13.07722473,2.082635287
2019,Late-demographic dividend,LTE,10,4.061970234,14.02956963,2.08621001
2020,Late-demographic dividend,LTE,10,3.955673695,14.23821274,2.083813524
2016,Latin America & Caribbean,LCN,13,4.362750053,17.0281496,2.498867
2017,Latin America & Caribbean,LCN,13,4.421764851,17.57729912,2.542703185
2018,Latin America & Caribbean,LCN,13,4.254429817,16.1483593,2.426598706
2019,Latin America & Caribbean,LCN,13,4.042769909,14.60869026,2.296855958
2020,Latin America & Caribbean,LCN,13,3.936109861,13.80220381,2.229518944
2016,Latin America & Caribbean (excluding high income),LAC,13.5,4.362750053,17.90471458,2.58430849
2017,Latin America & Caribbean (excluding high income),LAC,13.5,4.437954903,17.57729912,2.574511229
2018,Latin America & Caribbean (excluding high income),LAC,13.5,4.09145987,16.36310482,2.445615853
2019,Latin America & Caribbean (excluding high income),LAC,13.5,4.042769909,15.72528505,2.397640069
2020,Latin America & Caribbean (excluding high income),LAC,13.5,3.936109861,15.95880032,2.396779598
2016,Latin America & the Caribbean (IDA & IBRD countries),TLA,14,4.362750053,17.0281496,2.557690529
2017,Latin America & the Caribbean (IDA & IBRD countries),TLA,14,4.421764851,17.57729912,2.601526715
2018,Latin America & the Caribbean (IDA & IBRD countries),TLA,14,4.254429817,16.1483593,2.485422235
2019,Latin America & the Caribbean (IDA & IBRD countries),TLA,14,4.042769909,14.60869026,2.355679488
2020,Latin America & the Caribbean (IDA & IBRD countries),TLA,14,3.936109861,15.95880032,2.426191363
2016,Latvia,LVA,11,4.659530163,12.89328957,2.160847374
2017,Latvia,LVA,11,4.370299816,11.96763039,2.05887077
2018,Latvia,LVA,11,4.245170116,11.14750957,1.987928571
2019,Latvia,LVA,11,4.037990093,10.27461958,1.90146917
2020,Latvia,LVA,11,3.83081007,9.401729584,1.815009769
2016,Least developed countries: UN classification,LDC,8,2.935029984,13.10721016,1.742808368
2017,Least developed countries: UN classification,LDC,8,3.454450011,15.05765486,1.944359126
2018,Least developed countries: UN classification,LDC,8,3.290864944,14.64414024,1.893715298
2019,Least developed countries: UN classification,LDC,8,3.089489937,15.41260529,1.913029929
2020,Least developed countries: UN classification,LDC,8,3.140976588,16.18107033,1.96977045
2016,Lebanon,LBN,10,2.123929977,7.148960114,1.359555798
2017,Lebanon,LBN,10,2.132940054,7.147540092,1.360798607
2018,Lebanon,LBN,10,2.524470091,8.047450066,1.476270641
2019,Lebanon,LBN,10,2.592020035,8.143950462,1.492436935
2020,Lebanon,LBN,10,2.748050054,9.89828968,1.627667582
2016,Lesotho,LSO,7,7.760749817,13.99763966,2.455152424
2017,Lesotho,LSO,7,8.156889915,15.11530972,2.585225938
2018,Lesotho,LSO,7,7.285359859,14.12979984,2.393237899
2019,Lesotho,LSO,7,7.800149918,13.13586044,2.405899384
2020,Lesotho,LSO,7,7.375010014,13.79121971,2.384865037
2016,Liberia,LBR,6,2.14812994,8.536089897,1.216508349
2017,Liberia,LBR,6,2.76128006,8.341939926,1.2948503
2018,Liberia,LBR,6,2.584120035,8.147789955,1.256218963
2019,Liberia,LBR,6,2.270390034,7.953639984,1.197373992
2020,Liberia,LBR,6,2.309289932,7.759490013,1.190721543
2016,Libya,LBY,9,0,0,0.529411765
2017,Libya,LBY,9,0,0,0.529411765
2018,Libya,LBY,9,0,0,0.529411765
2019,Libya,LBY,9,0,0,0.529411765
2020,Libya,LBY,9,0,0,0.529411765
2016,Liechtenstein,LIE,9,0,0,0.529411765
2017,Liechtenstein,LIE,9,0,0,0.529411765
2018,Liechtenstein,LIE,9,0,0,0.529411765
2019,Liechtenstein,LIE,9,0,0,0.529411765
2020,Liechtenstein,LIE,9,0,0,0.529411765
2016,Lithuania,LTU,10,4.004310131,12.02523994,1.949559729
2017,Lithuania,LTU,11,3.812200069,11.76564026,1.963355653
2018,Lithuania,LTU,11,3.894959927,11.74273014,1.974140478
2019,Lithuania,LTU,11,3.840284824,11.60147524,1.957019089
2020,Lithuania,LTU,11,3.785609722,11.46022034,1.939897699
2016,Low & middle income,LMY,9,3.803395033,15.06348038,2.055202145
2017,Low & middle income,LMY,9,3.920269966,15.68577003,2.112277264
2018,Low & middle income,LMY,9,3.714299917,15.13505983,2.046590569
2019,Low & middle income,LMY,9,3.663199902,14.15939045,1.976662845
2020,Low & middle income,LMY,9,3.616468191,13.85802714,1.950483079
2016,Low income,LIC,9,2.829074979,13.49743986,1.810892911
2017,Low income,LIC,9,2.981440067,14.34442043,1.887583068
2018,Low income,LIC,9,3.199790001,15.82935047,2.014817105
2019,Low income,LIC,9,3.213779926,16.99530578,2.091415197
2020,Low income,LIC,9,3.342014909,18.16126108,2.184922626
2016,Lower middle income,LMC,9,4.101970196,16.11104012,2.16635371
2017,Lower middle income,LMC,9,4.378844976,16.06520939,2.204404282
2018,Lower middle income,LMC,9,3.979744911,15.73571014,2.124272266
2019,Lower middle income,LMC,9,3.799200058,14.27907515,2.004442344
2020,Lower middle income,LMC,9,3.698276679,13.66842016,1.950471888
2016,Luxembourg,LUX,12,3.472920179,8.267549515,1.748365858
2017,Luxembourg,LUX,12,3.569590092,8.474499702,1.775902092
2018,Luxembourg,LUX,12,3.666260004,8.68144989,1.803438326
2019,Luxembourg,LUX,12,3.762929916,8.888400078,1.83097456
2020,Luxembourg,LUX,12,3.859599829,9.095350266,1.858510793
2016,"Macao SAR, China",MAC,10,3.098540068,13.83483982,1.931166279
2017,"Macao SAR, China",MAC,10,2.705579996,14.10256958,1.890117707
2018,"Macao SAR, China",MAC,10,2.727880001,15.1596899,1.960989075
2019,"Macao SAR, China",MAC,10,3.061460018,16.59794998,2.102295114
2020,"Macao SAR, China",MAC,10,3.049100002,17.5189867,2.159338059
2016,Madagascar,MDG,5,2.687190056,19.83818054,1.95989641
2017,Madagascar,MDG,5,2.836420059,15.83769989,1.726274531
2018,Madagascar,MDG,5,2.874520063,19.81804085,1.98633568
2019,Madagascar,MDG,5,2.944900036,16.44109917,1.780899651
2020,Madagascar,MDG,5,3.030803363,14.32063961,1.658075118
2016,Malawi,MWI,8,4.748569965,17.19881058,2.272762896
2017,Malawi,MWI,8,4.031330109,14.34442043,1.984153079
2018,Malawi,MWI,8,3.381939888,15.82935047,1.982953461
2019,Malawi,MWI,8,3.711319923,14.59023952,1.95250125
2020,Malawi,MWI,8,2.907619953,11.49765015,1.635868918
2016,Malaysia,MYS,6,4.751920223,20.93572044,2.394473669
2017,Malaysia,MYS,6,4.675310135,21.31582069,2.407430534
2018,Malaysia,MYS,6,4.479599953,19.64325905,2.271554046
2019,Malaysia,MYS,6,4.16339016,17.68560028,2.099619182
2020,Malaysia,MYS,6,3.967213472,16.75746918,2.011257385
2016,Maldives,MDV,7,3.68701005,10.15742016,1.606735379
2017,Maldives,MDV,7,3.887470007,11.35381031,1.712878164
2018,Maldives,MDV,7,3.912489891,11.38990021,1.718888194
2019,Maldives,MDV,7,4.121590137,12.05595016,1.792410664
2020,Maldives,MDV,7,4.266450167,10.50504017,1.714717682
2016,Mali,MLI,9,3.094779968,13.90388012,1.876199251
2017,Mali,MLI,9,3.789769888,16.53433037,2.14720171
2018,Mali,MLI,9,3.882529974,15.8884201,2.119644713
2019,Mali,MLI,9,3.438679934,14.63601971,1.973897766
2020,Mali,MLI,9,3.553313255,14.46611977,1.980004624
2016,Malta,MLT,11,5.084459782,14.16854954,2.305255098
2017,Malta,MLT,11,4.651629925,13.37271023,2.190322465
2018,Malta,MLT,11,4.218800068,12.57687092,2.075389831
2019,Malta,MLT,11,3.785970211,11.78103161,1.960457198
2020,Malta,MLT,11,3.353140354,10.9851923,1.845524565
2016,Marshall Islands,MHL,13,9.611289978,24.65839958,3.763422864
2017,Marshall Islands,MHL,13,9.611289978,12.52021027,2.987554077
2018,Marshall Islands,MHL,13,9.611289978,15.07800961,3.15104771
2019,Marshall Islands,MHL,13,9.611289978,15.04273987,3.148793281
2020,Marshall Islands,MHL,13,9.611289978,16.16671944,3.220637659
2016,Mauritania,MRT,9,1.944059968,9.330610275,1.413560136
2017,Mauritania,MRT,9,1.929692477,9.434222698,1.418056483
2018,Mauritania,MRT,9,1.915324986,9.537835121,1.42255283
2019,Mauritania,MRT,9,1.893730044,10.22801971,1.463472933
2020,Mauritania,MRT,9,1.886590004,9.745059967,1.431545523
2016,Mauritius,MUS,11,5.013599873,19.96249962,2.665114418
2017,Mauritius,MUS,11,5.02312994,20.35720062,2.691754106
2018,Mauritius,MUS,11,4.834589958,19.27433014,2.594631727
2019,Mauritius,MUS,11,4.719299793,18.67692947,2.539382064
2020,Mauritius,MUS,11,4.607999802,16.1177597,2.359327395
2016,Mexico,MEX,14,4.90681982,17.93932915,2.696460216
2017,Mexico,MEX,14,4.518219948,17.57729912,2.615802971
2018,Mexico,MEX,14,4.254429817,16.57785034,2.512875152
2019,Mexico,MEX,14,3.928234816,15.89711094,2.421082619
2020,Mexico,MEX,14,3.602039814,15.21637154,2.329290087
2016,"Micronesia, Fed. Sts.",FSM,8,13.51266003,21.58470917,3.850275245
2017,"Micronesia, Fed. Sts.",FSM,8,12.41641998,19.14845085,3.532296697
2018,"Micronesia, Fed. Sts.",FSM,8,9.697050095,17.12528992,3.000484799
2019,"Micronesia, Fed. Sts.",FSM,8,7.789245129,18.10730934,2.780882165
2020,"Micronesia, Fed. Sts.",FSM,8,5.881440163,16.94817607,2.424417805
2016,Middle East & North Africa,MEA,9,4.255970001,11.12190461,1.870243336
2017,Middle East & North Africa,MEA,9,4.255970001,11.19604969,1.874982664
2018,Middle East & North Africa,MEA,9,4.255970001,11.27019477,1.879721991
2019,Middle East & North Africa,MEA,9,4.255970001,11.34433985,1.884461318
2020,Middle East & North Africa,MEA,9,4.255970001,11.41848493,1.889200645
2016,Middle East & North Africa (IDA & IBRD countries),TMN,9,0,0,0.529411765
2017,Middle East & North Africa (IDA & IBRD countries),TMN,9,0,0,0.529411765
2018,Middle East & North Africa (IDA & IBRD countries),TMN,9,0,0,0.529411765
2019,Middle East & North Africa (IDA & IBRD countries),TMN,9,0,0,0.529411765
2020,Middle East & North Africa (IDA & IBRD countries),TMN,9,0,0,0.529411765
2016,Middle East & North Africa (excluding high income),MNA,9,4.217890143,14.37280941,2.072403851
2017,Middle East & North Africa (excluding high income),MNA,9,4.217890143,13.63574457,2.025290926
2018,Middle East & North Africa (excluding high income),MNA,9,4.217890143,11.80013514,1.907959418
2019,Middle East & North Africa (excluding high income),MNA,9,4.217890143,12.16161489,1.931065076
2020,Middle East & North Africa (excluding high income),MNA,9,4.217890143,11.42455006,1.883952152
2016,Middle income,MIC,10,4.026730061,15.60490036,2.181688721
2017,Middle income,MIC,10,4.091020107,15.87569523,2.208513362
2018,Middle income,MIC,10,3.979744911,14.6950798,2.11657907
2019,Middle income,MIC,10,3.85898006,14.15939045,2.064463668
2020,Middle income,MIC,10,3.803063393,13.67755381,2.025388651
2016,Moldova,MDA,9,5.608449936,18.62162971,2.549802797
2017,Moldova,MDA,12,5.618440151,18.43283081,2.715684071
2018,Moldova,MDA,12,5.439730167,17.56772995,2.633936381
2019,Moldova,MDA,12,6.104579926,19.46438026,2.85357358
2020,Moldova,MDA,12,6.269956589,19.74529711,2.896006978
2016,Monaco,MCO,11,1.370929956,6.596549988,1.271618425
2017,Monaco,MCO,11,1.457929969,6.980629921,1.309045494
2018,Monaco,MCO,11,1.22541666,5.551696777,1.183294448
2019,Monaco,MCO,11,1.152660012,5.029270172,1.139132459
2020,Monaco,MCO,11,1.079903364,4.506843567,1.09497047
2016,Mongolia,MNG,12,5.18061018,13.06311035,2.307650502
2017,Mongolia,MNG,12,4.088590145,12.64562035,2.119335514
2018,Mongolia,MNG,12,6.173019886,20.48335075,2.928835569
2019,Mongolia,MNG,12,4.940889835,16.53417969,2.49403918
2020,Mongolia,MNG,12,4.860983054,16.42383003,2.475158718
2016,Montenegro,MNE,9,0,0,0.529411765
2017,Montenegro,MNE,9,0,0,0.529411765
2018,Montenegro,MNE,9,0,0,0.529411765
2019,Montenegro,MNE,9,0,0,0.529411765
2020,Montenegro,MNE,9,0,0,0.529411765
2016,Morocco,MAR,9,0,4.685219765,0.828889362
2017,Morocco,MAR,9,0,5.116839886,0.856478368
2018,Morocco,MAR,9,0,5.356780052,0.871815259
2019,Morocco,MAR,9,0,5.980080128,0.911656381
2020,Morocco,MAR,9,0,6.411700249,0.939245387
2016,Mozambique,MOZ,0,5.865039825,19.94601059,2.143022694
2017,Mozambique,MOZ,0,5.505559921,18.36519051,1.988770845
2018,Mozambique,MOZ,0,5.452189922,16.72156906,1.875811882
2019,Mozambique,MOZ,0,6.229990005,19.03367996,2.13872288
2020,Mozambique,MOZ,0,6.351640066,17.9349308,2.086496566
2016,Myanmar,MMR,5,1.899999976,9.683899879,1.194326875
2017,Myanmar,MMR,5,2.087680101,9.927680016,1.237687629
2018,Myanmar,MMR,5,1.922889948,10.38910961,1.242791563
2019,Myanmar,MMR,5,1.974210024,10.56412983,1.261574644
2020,Myanmar,MMR,5,1.998946706,10.85753981,1.283990567
2016,Namibia,NAM,7,10.65202999,23.93919945,3.518549919
2017,Namibia,NAM,7,9.759980202,24.6740303,3.433488341
2018,Namibia,NAM,7,8.988050461,23.32430077,3.232961286
2019,Namibia,NAM,7,9.480409622,26.39039993,3.501819024
2020,Namibia,NAM,7,9.409589767,24.94137955,3.398716151
2016,Nauru,NRU,14,0,8.883709908,1.391373021
2017,Nauru,NRU,14,0,12.74796963,1.638375142
2018,Nauru,NRU,14,0,9.609689713,1.437777394
2019,Nauru,NRU,14,0,4.32558012,1.10001897
2020,Nauru,NRU,14,0,3.529390097,1.049126784
2016,Nepal,NPL,9,3.903209925,19.12849998,2.329810304
2017,Nepal,NPL,9,4.76722002,17.09638977,2.327800106
2018,Nepal,NPL,9,4.43445015,14.10186958,2.087138378
2019,Nepal,NPL,9,4.700070262,11.58855438,1.965802415
2020,Nepal,NPL,9,4.965690374,9.075239182,1.844466452
2016,Netherlands,NLD,13,5.479599953,12.80685997,2.394347878
2017,Netherlands,NLD,13,5.17509985,12.42325974,2.324759425
2018,Netherlands,NLD,13,5.357649803,12.91154957,2.382989838
2019,Netherlands,NLD,13,5.296674728,12.96389437,2.377310819
2020,Netherlands,NLD,13,5.235699654,13.01623917,2.371631799
2016,New Caledonia,NCL,0,0,0,0
2017,New Caledonia,NCL,0,0,0,0
2018,New Caledonia,NCL,0,0,0,0
2019,New Caledonia,NCL,0,0,0,0
2020,New Caledonia,NCL,0,0,0,0
2016,New Zealand,NZL,10,6.411789894,16.83169937,2.613116433
2017,New Zealand,NZL,10,6.259739876,16.64263916,2.578526947
2018,New Zealand,NZL,10,6.048500061,16.08296013,2.511486993
2019,New Zealand,NZL,10,5.866855145,15.70859051,2.460672273
2020,New Zealand,NZL,10,5.685210228,15.33422089,2.409857553
2016,Nicaragua,NIC,7,4.081140041,21.32547951,2.378928723
2017,Nicaragua,NIC,7,4.357689857,22.43330002,2.490672178
2018,Nicaragua,NIC,7,3.562550068,23.54112053,2.443795554
2019,Nicaragua,NIC,7,3.442830086,24.64894104,2.496887374
2020,Nicaragua,NIC,7,3.230060101,25.75676155,2.536206924
2016,Niger,NER,0,2.970959902,15.34716034,1.420714923
2017,Niger,NER,0,2.577159882,13.21516037,1.226152151
2018,Niger,NER,0,3.44698,16.33996964,1.554630368
2019,Niger,NER,0,3.523169994,13.01280975,1.353236311
2020,Niger,NER,0,3.707240025,13.33253956,1.400917413
2016,Nigeria,NGA,9,0,7.958079815,1.038089424
2017,Nigeria,NGA,9,0,6.120110035,0.920607043
2018,Nigeria,NGA,9,0,7.034130096,0.979030884
2019,Nigeria,NGA,9,0,7.02989006,0.978759862
2020,Nigeria,NGA,9,0,5.621039867,0.888706654
2016,North America,NAC,11,0,0,0.647058824
2017,North America,NAC,11,0,0,0.647058824
2018,North America,NAC,11,0,0,0.647058824
2019,North America,NAC,11,0,0,0.647058824
2020,North America,NAC,11,0,0,0.647058824
2016,North Macedonia,MKD,13,0,0,0.764705882
2017,North Macedonia,MKD,13,0,0,0.764705882
2018,North Macedonia,MKD,13,0,0,0.764705882
2019,North Macedonia,MKD,13,0,0,0.764705882
2020,North Macedonia,MKD,13,0,0,0.764705882
2016,Northern Mariana Islands,MNP,0,0,0,0
2017,Northern Mariana Islands,MNP,0,0,0,0
2018,Northern Mariana Islands,MNP,0,0,0,0
2019,Northern Mariana Islands,MNP,0,0,0,0
2020,Northern Mariana Islands,MNP,0,0,0,0
2016,Norway,NOR,10,8.030550003,15.83950996,2.789287664
2017,Norway,NOR,10,7.911980152,15.93850994,2.778066261
2018,Norway,NOR,10,7.644110203,15.62637043,2.718467157
2019,Norway,NOR,10,7.450890303,15.51980066,2.683056903
2020,Norway,NOR,10,7.257670403,15.4132309,2.64764665
2016,Not classified,INX,0,0,0,0
2017,Not classified,INX,0,0,0,0
2018,Not classified,INX,0,0,0,0
2019,Not classified,INX,0,0,0,0
2020,Not classified,INX,0,0,0,0
2016,OECD members,OED,10,5.02045989,13.10830975,2.169188832
2017,OECD members,OED,10.5,4.953934908,12.35070992,2.140328763
2018,OECD members,OED,10.5,4.898489952,12.22383976,2.124012896
2019,OECD members,OED,10.5,4.837504983,11.78160477,2.086719045
2020,OECD members,OED,11,4.776520014,11.33936977,2.07883696
2016,Oman,OMN,10,6.053679943,13.99845982,2.379013138
2017,Oman,OMN,10,5.840189934,13.55008984,2.318754969
2018,Oman,OMN,10,5.207230091,12.69789982,2.17059931
2019,Oman,OMN,10,5.413209915,12.42101955,2.18338816
2020,Oman,OMN,10,5.199719906,12.2049799,2.137980464
2016,Other small states,OSS,9,5.414669991,13.5529747,2.19713491
2017,Other small states,OSS,9,5.02312994,15.11530972,2.239047227
2018,Other small states,OSS,9,5.459015131,14.41243982,2.258635114
2019,Other small states,OSS,9,4.719299793,14.84217238,2.176618683
2020,Other small states,OSS,9,4.487509727,15.27190495,2.16977994
2016,Pacific island small states,PSS,0,0,0,0
2017,Pacific island small states,PSS,0,0,0,0
2018,Pacific island small states,PSS,0,0,0,0
2019,Pacific island small states,PSS,0,0,0,0
2020,Pacific island small states,PSS,0,0,0,0
2016,Pakistan,PAK,12,3.002919912,15.06348038,2.113194933
2017,Pakistan,PAK,12,2.89951992,14.54477978,2.064735608
2018,Pakistan,PAK,12,2.672673305,12.74894651,1.916371158
2019,Pakistan,PAK,12,2.507550001,11.59167957,1.81795927
2020,Pakistan,PAK,12,2.342426697,10.43441264,1.719547383
2016,Palau,PLW,12,0,0,0.705882353
2017,Palau,PLW,12,0,0,0.705882353
2018,Palau,PLW,12,0,0,0.705882353
2019,Palau,PLW,12,0,0,0.705882353
2020,Palau,PLW,12,0,0,0.705882353
2016,Panama,PAN,11,2.846080065,7.466390133,1.545554306
2017,Panama,PAN,11,2.882240057,8.681870461,1.628599398
2018,Panama,PAN,11,2.88293004,8.681099892,1.628652267
2019,Panama,PAN,11,3.127360106,10.09027004,1.754903862
2020,Panama,PAN,11,3.221120119,10.24318027,1.778555189
2016,Papua New Guinea,PNG,0,2.055030107,12.16930008,1.082021042
2017,Papua New Guinea,PNG,0,1.964930058,10.69820023,0.974653208
2018,Papua New Guinea,PNG,0,1.874830008,9.227100372,0.867285374
2019,Papua New Guinea,PNG,0,1.784729958,7.756000519,0.759917539
2020,Papua New Guinea,PNG,0,1.694629908,6.284900665,0.652549705
2016,Paraguay,PRY,13,2.899679899,12.06089656,1.964813875
2017,Paraguay,PRY,13,3.08968997,11.50658989,1.957506054
2018,Paraguay,PRY,13,3.283200026,11.96580029,2.015499918
2019,Paraguay,PRY,13,3.469710112,11.94795036,2.041964194
2020,Paraguay,PRY,13,3.659720182,9.843669891,1.935582594
2016,Peru,PER,14,3.813169956,17.87010002,2.530164712
2017,Peru,PER,14,3.931309938,18.23591995,2.571033615
2018,Peru,PER,14,3.714299917,17.1314106,2.468314254
2019,Peru,PER,14,3.819960117,17.76287079,2.524315664
2020,Peru,PER,14,4.246679783,15.95880032,2.472158614
2016,Philippines,PHL,11,3.569999933,16.98801041,2.261319829
2017,Philippines,PHL,11,4.400000095,17.17048073,2.395831051
2018,Philippines,PHL,13,3.133100033,15.39999962,2.212796528
2019,Philippines,PHL,13,3.234369993,17.48324013,2.360945429
2020,Philippines,PHL,13,3.122493347,14.23373985,2.136679726
2016,Poland,POL,10,4.633399963,11.28394985,1.995287903
2017,Poland,POL,10,4.558460236,11.0591898,1.969829539
2018,Poland,POL,10,4.615799904,11.12355042,1.982430254
2019,Poland,POL,10,4.606999874,11.0433507,1.97600143
2020,Poland,POL,10,4.598199844,10.96315098,1.969572605
2016,Portugal,PRT,12,5.356060505,11.29880047,2.220844723
2017,Portugal,PRT,12,5.015610218,11.05543041,2.15489877
2018,Portugal,PRT,12,4.675159931,10.81206036,2.088952817
2019,Portugal,PRT,12,4.334709644,10.5686903,2.023006864
2020,Portugal,PRT,12,3.994259357,10.32532024,1.95706091
2016,Post-demographic dividend,PST,10,4.978164911,12.33271503,2.113353039
2017,Post-demographic dividend,PST,10,4.917155027,12.07277966,2.087708028
2018,Post-demographic dividend,PST,10,4.992740154,11.75162029,2.07836694
2019,Post-demographic dividend,PST,10,5.000027776,11.46107292,2.060873891
2020,Post-demographic dividend,PST,10,5.007315397,11.17052555,2.043380841
2016,Pre-demographic dividend,PRE,8.5,2.970959902,13.0909996,1.776501923
2017,Pre-demographic dividend,PRE,8.5,3.63261497,15.34288502,2.018372781
2018,Pre-demographic dividend,PRE,8.5,3.239939928,16.11419487,2.009555058
2019,Pre-demographic dividend,PRE,8.5,3.32622993,14.21378994,1.900853571
2020,Pre-demographic dividend,PRE,8.5,3.444653273,12.37802029,1.801039583
2016,Puerto Rico,PRI,13,0,0,0.764705882
2017,Puerto Rico,PRI,13,0,0,0.764705882
2018,Puerto Rico,PRI,13,0,0,0.764705882
2019,Puerto Rico,PRI,13,0,0,0.764705882
2020,Puerto Rico,PRI,13,0,0,0.764705882
2016,Qatar,QAT,9,2.89316988,8.308080037,1.488677503
2017,Qatar,QAT,9,2.967459917,8.560850143,1.515830099
2018,Qatar,QAT,9,3.041749954,8.813620249,1.542982695
2019,Qatar,QAT,9,2.812289953,8.636489868,1.497698358
2020,Qatar,QAT,9,3.190330029,9.319160461,1.597287887
2016,Romania,ROU,10,2.979890108,9.5105896,1.637200424
2017,Romania,ROU,10,3.095390081,10.05265045,1.688943839
2018,Romania,ROU,10,3.344749928,10.46096039,1.751950455
2019,Romania,ROU,10,3.527179837,10.93614578,1.80932547
2020,Romania,ROU,10,3.709609747,11.41133118,1.866700485
2016,Russian Federation,RUS,11,3.760440111,10.98528004,1.905814344
2017,Russian Federation,RUS,11,4.689909935,13.46508026,2.201892524
2018,Russian Federation,RUS,11,4.678199768,14.34107971,2.256152886
2019,Russian Federation,RUS,11,5.137079597,16.01897955,2.431322157
2020,Russian Federation,RUS,11,5.595959425,17.69687939,2.606491428
2016,Rwanda,RWA,6,3.436729908,12.27838993,1.64643969
2017,Rwanda,RWA,6,3.126460075,11.07960987,1.523891255
2018,Rwanda,RWA,6,3.073750019,10.80461025,1.498511796
2019,Rwanda,RWA,6,3.355459929,10.76183033,1.537473018
2020,Rwanda,RWA,6,3.407269955,10.78318977,1.546506674
2016,Samoa,WSM,8,4.162220001,13.03890038,1.920077625
2017,Samoa,WSM,8,4.183159828,13.21240044,1.934266978
2018,Samoa,WSM,8,4.532149792,14.84702969,2.090405681
2019,Samoa,WSM,8,4.706250191,15.59646988,2.16407812
2020,Samoa,WSM,8,4.809160233,16.21499062,2.218845396
2016,San Marino,SMR,10,3.365105152,12.1254549,1.861357121
2017,San Marino,SMR,10,3.369970083,13.10361004,1.924600509
2018,San Marino,SMR,10,3.555160046,14.48633003,2.040393329
2019,San Marino,SMR,10,3.379699945,15.05992031,2.051087283
2020,San Marino,SMR,10,3.384564877,16.03807545,2.11433067
2016,Sao Tome and Principe,STP,6,5.173039913,15.96667957,2.139183977
2017,Sao Tome and Principe,STP,6,5.036369801,18.39999962,2.274492484
2018,Sao Tome and Principe,STP,6,5.235109806,20.11654091,2.413628577
2019,Sao Tome and Principe,STP,6,5.921549797,17.59244919,2.353889058
2020,Sao Tome and Principe,STP,6,6.171053092,16.12594032,2.297079148
2016,Saudi Arabia,SAU,9,0,0,0.529411765
2017,Saudi Arabia,SAU,9,0,0,0.529411765
2018,Saudi Arabia,SAU,9,0,0,0.529411765
2019,Saudi Arabia,SAU,9,0,0,0.529411765
2020,Saudi Arabia,SAU,9,0,0,0.529411765
2016,Senegal,SEN,11,5.113090038,21.33736992,2.767721118
2017,Senegal,SEN,11,4.624969959,20.5892601,2.647655867
2018,Senegal,SEN,11,4.8582201,21.5420208,2.743079197
2019,Senegal,SEN,11,5.287199974,18.31226921,2.600127644
2020,Senegal,SEN,11,5.345236619,22.06278038,2.848448964
2016,Serbia,SRB,8,3.63470006,8.692990303,1.5642107
2017,Serbia,SRB,8,3.710160017,9.25646019,1.611396276
2018,Serbia,SRB,8,3.582319975,8.804280281,1.563571574
2019,Serbia,SRB,8,3.619220018,8.604599953,1.55626963
2020,Serbia,SRB,8,3.614060005,8.575136503,1.553622606
2016,Seychelles,SYC,10,4.421020031,11.72342968,1.991945083
2017,Seychelles,SYC,10,3.677289963,10.25983047,1.788313335
2018,Seychelles,SYC,10,4.498839855,11.82717991,2.010094823
2019,Seychelles,SYC,10,3.914589882,11.13055992,1.879092661
2020,Seychelles,SYC,10,3.745779832,9.168009758,1.72866168
2016,Sierra Leone,SLE,9,3.060230017,12.47358036,1.779661279
2017,Sierra Leone,SLE,9,4.635769844,19.89410019,2.487172916
2018,Sierra Leone,SLE,9,6.989630222,32.72782898,3.655893681
2019,Sierra Leone,SLE,9,7.365429878,35.00582886,3.857124493
2020,Sierra Leone,SLE,9,9.261469841,34.32725143,4.094381702
2016,Singapore,SGP,6,2.874830008,0,0.778442891
2017,Singapore,SGP,6,2.768260002,0,0.762669534
2018,Singapore,SGP,6,2.645090103,0,0.744439238
2019,Singapore,SGP,6,2.631969929,0,0.74249733
2020,Singapore,SGP,6,2.506659985,0,0.723950286
2016,Sint Maarten (Dutch part),SXM,14,0,0,0.823529412
2017,Sint Maarten (Dutch part),SXM,14,0,0,0.823529412
2018,Sint Maarten (Dutch part),SXM,14,0,0,0.823529412
2019,Sint Maarten (Dutch part),SXM,14,0,0,0.823529412
2020,Sint Maarten (Dutch part),SXM,14,0,0,0.823529412
2016,Slovak Republic,SVK,10,3.911070108,9.168419838,1.753152398
2017,Slovak Republic,SVK,10,3.940639973,9.519089699,1.779943709
2018,Slovak Republic,SVK,10,3.975830078,9.513609886,1.784801906
2019,Slovak Republic,SVK,10,4.008210063,9.68620491,1.800626659
2020,Slovak Republic,SVK,10,4.040590048,9.858799934,1.816451413
2016,Slovenia,SVN,9,4.792669773,10.38195992,1.902382915
2017,Slovenia,SVN,9,4.780779839,10.84708023,1.93035342
2018,Slovenia,SVN,9,4.936039925,11.33996964,1.984838682
2019,Slovenia,SVN,9,5.007725,11.81897449,2.026066565
2020,Slovenia,SVN,9,5.079410076,12.29797935,2.067294448
2016,Small states,SST,9,5.314610004,13.5529747,2.182325097
2017,Small states,SST,9,5.02312994,15.11530972,2.239047227
2018,Small states,SST,9,5.32633996,14.41243982,2.238997948
2019,Small states,SST,9,4.719299793,14.75605536,2.171114112
2020,Small states,SST,9,4.520863056,15.15708224,2.167377118
2016,Solomon Islands,SLB,0,0,0,0
2017,Solomon Islands,SLB,0,0,0,0
2018,Solomon Islands,SLB,0,0,0,0
2019,Solomon Islands,SLB,0,0,0,0
2020,Solomon Islands,SLB,0,0,0,0
2016,Somalia,SOM,0,0,1.314839959,0.084044107
2017,Somalia,SOM,0,0,1.70468998,0.108963183
2018,Somalia,SOM,0,0,3.00248003,0.191917466
2019,Somalia,SOM,0,0,4.262450218,0.272454317
2020,Somalia,SOM,0,0,4.412380219,0.28203779
2016,South Africa,ZAF,9,5.942850113,18.04874039,2.562678265
2017,South Africa,ZAF,9,6.113059998,18.71928978,2.6307322
2018,South Africa,ZAF,9,6.158989906,18.90159035,2.649182844
2019,South Africa,ZAF,9,6.505050182,19.59622955,2.744804094
2020,South Africa,ZAF,9,6.836130142,19.52728081,2.789399843
2016,South Asia,SAS,9,3.450089931,14.07723999,1.939869549
2017,South Asia,SAS,9,3.136415005,14.54477978,1.923327706
2018,South Asia,SAS,9,3.199790001,11.68877029,1.750152678
2019,South Asia,SAS,9,2.507550001,11.34377003,1.625642391
2020,South Asia,SAS,9,2.193370024,10.43261337,1.520900005
2016,South Asia (IDA & IBRD),TSA,9,3.450089931,14.07723999,1.939869549
2017,South Asia (IDA & IBRD),TSA,9,3.136415005,14.54477978,1.923327706
2018,South Asia (IDA & IBRD),TSA,9,3.199790001,11.68877029,1.750152678
2019,South Asia (IDA & IBRD),TSA,9,2.507550001,11.34377003,1.625642391
2020,South Asia (IDA & IBRD),TSA,9,2.193370024,10.43261337,1.520900005
2016,South Sudan,SSD,8,1.543900013,0.833360016,0.752367948
2017,South Sudan,SSD,8,1.543900013,1.073699951,0.767730392
2018,South Sudan,SSD,8,1.543900013,0.867030025,0.754520123
2019,South Sudan,SSD,8,1.543900013,0.883865029,0.755596211
2020,South Sudan,SSD,8,1.543900013,0.900700033,0.756672298
2016,Spain,ESP,10,4.227640152,9.961039543,1.850671697
2017,Spain,ESP,10,4.207779884,10.21348953,1.863868706
2018,Spain,ESP,10,4.178160191,10.0303297,1.847777203
2019,Spain,ESP,10,4.15342021,10.06497478,1.846329955
2020,Spain,ESP,10,4.128680229,10.09961987,1.844882708
2016,Sri Lanka,LKA,11,3.449199915,17.72875977,2.290788736
2017,Sri Lanka,LKA,11,2.799249887,14.49975967,1.988193507
2018,Sri Lanka,LKA,11,2.135390043,11.33090019,1.687383662
2019,Sri Lanka,LKA,11,1.478485107,8.131970406,1.385681125
2020,Sri Lanka,LKA,11,0.821580172,4.933040619,1.083978588
2016,St. Kitts and Nevis,KNA,12,0,0,0.705882353
2017,St. Kitts and Nevis,KNA,12,0,0,0.705882353
2018,St. Kitts and Nevis,KNA,12,0,0,0.705882353
2019,St. Kitts and Nevis,KNA,12,0,0,0.705882353
2020,St. Kitts and Nevis,KNA,12,0,0,0.705882353
2016,St. Lucia,LCA,10,5.208280087,21.97570038,2.763788464
2017,St. Lucia,LCA,10,3.633480072,14.09974003,2.027274728
2018,St. Lucia,LCA,10,3.331799984,14.30671978,1.995853328
2019,St. Lucia,LCA,10,3.264879942,14.08432007,1.971732825
2020,St. Lucia,LCA,10,3.569050074,14.32271957,2.03199126
2016,St. Martin (French part),MAF,0,0,0,0
2017,St. Martin (French part),MAF,0,0,0,0
2018,St. Martin (French part),MAF,0,0,0,0
2019,St. Martin (French part),MAF,0,0,0,0
2020,St. Martin (French part),MAF,0,0,0,0
2016,St. Vincent and the Grenadines,VCT,12,5.733399868,20.1484108,2.842358453
2017,St. Vincent and the Grenadines,VCT,12,5.73195982,18.97827911,2.767350907
2018,St. Vincent and the Grenadines,VCT,12,5.693779945,19.01264,2.763896264
2019,St. Vincent and the Grenadines,VCT,12,5.673969984,18.4447546,2.72466517
2020,St. Vincent and the Grenadines,VCT,12,5.654160023,17.8768692,2.685434076
2016,Sub-Saharan Africa,SSF,8,3.561609983,15.34716034,1.978724892
2017,Sub-Saharan Africa,SSF,8,3.789769888,16.21059418,2.067685077
2018,Sub-Saharan Africa,SSF,8,3.641860008,16.80236435,2.083618773
2019,Sub-Saharan Africa,SSF,8,3.534980059,14.59023952,1.926401302
2020,Sub-Saharan Africa,SSF,8,3.526103417,14.05592966,1.890934578
2016,Sub-Saharan Africa (IDA & IBRD countries),TSS,8,3.561609983,15.34716034,1.978724892
2017,Sub-Saharan Africa (IDA & IBRD countries),TSS,8,3.789769888,16.21059418,2.067685077
2018,Sub-Saharan Africa (IDA & IBRD countries),TSS,8,3.641860008,16.80236435,2.083618773
2019,Sub-Saharan Africa (IDA & IBRD countries),TSS,8,3.534980059,14.59023952,1.926401302
2020,Sub-Saharan Africa (IDA & IBRD countries),TSS,8,3.526103417,14.05592966,1.890934578
2016,Sub-Saharan Africa (excluding high income),SSA,8,3.561609983,15.34716034,1.978724892
2017,Sub-Saharan Africa (excluding high income),SSA,8,3.789769888,16.21059418,2.067685077
2018,Sub-Saharan Africa (excluding high income),SSA,8,3.641860008,16.80236435,2.083618773
2019,Sub-Saharan Africa (excluding high income),SSA,8,3.534980059,14.59023952,1.926401302
2020,Sub-Saharan Africa (excluding high income),SSA,8,3.526103417,14.05592966,1.890934578
2016,Sudan,SDN,8,0,0,0.470588235
2017,Sudan,SDN,8,0,0,0.470588235
2018,Sudan,SDN,8,0,0,0.470588235
2019,Sudan,SDN,8,0,0,0.470588235
2020,Sudan,SDN,8,0,0,0.470588235
2016,Suriname,SUR,6,5.98029995,16.07542038,2.265616683
2017,Suriname,SUR,6,6.10751009,17.32357979,2.364226883
2018,Suriname,SUR,6,5.688600063,14.72416973,2.136070907
2019,Suriname,SUR,6,7.23706007,15.27698994,2.400593536
2020,Suriname,SUR,6,7.65598011,13.94235039,2.377287928
2016,Sweden,SWE,9,7.618619919,15.61890984,2.655393948
2017,Sweden,SWE,9,7.568830013,15.68610001,2.652319349
2018,Sweden,SWE,9,7.640840054,15.66701984,2.661757911
2019,Sweden,SWE,10,7.651950121,15.69107485,2.723763422
2020,Sweden,SWE,10,7.663060188,15.71512985,2.726945403
2016,Switzerland,CHE,11,4.926459789,15.36124039,2.358106001
2017,Switzerland,CHE,11,4.951570034,15.46181965,2.368251543
2018,Switzerland,CHE,11,4.86093998,15.52665997,2.358982018
2019,Switzerland,CHE,11,4.828180075,15.60936975,2.359420027
2020,Switzerland,CHE,11,4.79542017,15.69207954,2.359858035
2016,Syrian Arab Republic,SYR,9,0,0,0.529411765
2017,Syrian Arab Republic,SYR,9,0,0,0.529411765
2018,Syrian Arab Republic,SYR,9,0,0,0.529411765
2019,Syrian Arab Republic,SYR,9,0,0,0.529411765
2020,Syrian Arab Republic,SYR,9,0,0,0.529411765
2016,Tajikistan,TJK,9,5.763679981,17.0383606,2.47157629
2017,Tajikistan,TJK,9,5.83796978,18.14114952,2.553061755
2018,Tajikistan,TJK,9,5.5583601,15.88862038,2.367696039
2019,Tajikistan,TJK,9,5.712900162,18.65759087,2.567561031
2020,Tajikistan,TJK,9,5.695973555,17.77205086,2.50845233
2016,Tanzania,TZA,7,4.101970196,28.28813934,2.827062546
2017,Tanzania,TZA,7,4.430510044,24.39653969,2.626939835
2018,Tanzania,TZA,7,3.696439981,20.50494003,2.269540924
2019,Tanzania,TZA,7,3.534980059,16.61334038,1.996893667
2020,Tanzania,TZA,7,3.104340076,12.72174072,1.684405244
2016,Thailand,THA,9,3.637520075,17.31904984,2.174826306
2017,Thailand,THA,9,3.355730057,15.83858013,2.038487647
2018,Thailand,THA,9,3.056770086,14.48729038,1.907864812
2019,Thailand,THA,9,2.968980074,16.90824556,2.049617672
2020,Thailand,THA,9,2.746133407,16.77131081,2.007881461
2016,Timor-Leste,TLS,9,8.078430176,7.246910095,2.188314889
2017,Timor-Leste,TLS,9,7.106100082,8.205820084,2.105694135
2018,Timor-Leste,TLS,9,6.830910206,7.881289959,2.044219609
2019,Timor-Leste,TLS,9,6.207150221,8.198479891,1.97217197
2020,Timor-Leste,TLS,9,5.583390236,8.515669823,1.90012433
2016,Togo,TGO,10,3.686490059,15.99131012,2.156029196
2017,Togo,TGO,10,3.760529995,23.14003944,2.62393206
2018,Togo,TGO,10,4.043940067,21.76909065,2.578248836
2019,Togo,TGO,10,4.969379902,24.65798092,2.899879431
2020,Togo,TGO,10,5.39700985,27.54687119,3.147829509
2016,Tonga,TON,15,3.199470043,4.814259529,1.66363019
2017,Tonga,TON,15,4.786190033,7.492729664,2.069686449
2018,Tonga,TON,15,6.372910023,10.1711998,2.475742708
2019,Tonga,TON,15,7.959630013,11.92780018,2.822873377
2020,Tonga,TON,15,9.546350002,15.52814007,3.287855226
2016,Trinidad and Tobago,TTO,7,3.971920013,10.4340601,1.666587445
2017,Trinidad and Tobago,TTO,7,3.561269999,9.886910439,1.57083379
2018,Trinidad and Tobago,TTO,7,3.286240101,9.77173996,1.522765138
2019,Trinidad and Tobago,TTO,7,3.561239958,10.62077999,1.617738027
2020,Trinidad and Tobago,TTO,7,3.424346606,9.377129555,1.517982834
2016,Tunisia,TUN,9,7.32434988,0,1.613484015
2017,Tunisia,TUN,9,7.32434988,0,1.613484015
2018,Tunisia,TUN,9,7.32434988,0,1.613484015
2019,Tunisia,TUN,9,7.32434988,0,1.613484015
2020,Tunisia,TUN,9,7.32434988,0,1.613484015
2016,Turkey,TUR,12,4.29460001,12.40666962,2.134553254
2017,Turkey,TUR,12,4.29460001,12.40666962,2.134553254
2018,Turkey,TUR,12,4.29460001,12.40666962,2.134553254
2019,Turkey,TUR,12,4.29460001,12.40666962,2.134553254
2020,Turkey,TUR,12,4.29460001,12.40666962,2.134553254
2016,Turkmenistan,TKM,12,3.120650053,23.01025009,2.638574816
2017,Turkmenistan,TKM,12,3.120650053,23.01025009,2.638574816
2018,Turkmenistan,TKM,12,3.120650053,23.01025009,2.638574816
2019,Turkmenistan,TKM,12,3.120650053,23.01025009,2.638574816
2020,Turkmenistan,TKM,12,3.120650053,23.01025009,2.638574816
2016,Turks and Caicos Islands,TCA,13,3.065490007,11.8375597,1.975079707
2017,Turks and Caicos Islands,TCA,13,2.977289915,12.04469013,1.975264974
2018,Turks and Caicos Islands,TCA,13,2.743769884,11.94102001,1.934075268
2019,Turks and Caicos Islands,TCA,13,3.488399982,12.1184597,2.055629366
2020,Turks and Caicos Islands,TCA,13,3.629369974,11.62213039,2.044769048
2016,Tuvalu,TUV,8,0,0,0.470588235
2017,Tuvalu,TUV,8,0,0,0.470588235
2018,Tuvalu,TUV,8,0,0,0.470588235
2019,Tuvalu,TUV,8,0,0,0.470588235
2020,Tuvalu,TUV,8,0,0,0.470588235
2016,Uganda,UGA,7,2.147109985,11.74205017,1.480104767
2017,Uganda,UGA,7,2.263360023,12.84181976,1.567607745
2018,Uganda,UGA,7,2.130520105,11.24717999,1.446017382
2019,Uganda,UGA,7,2.649810076,10.99974489,1.507061188
2020,Uganda,UGA,7,3.013930082,10.7523098,1.545138389
2016,Ukraine,UKR,11,5.00977993,12.35311985,2.178160156
2017,Ukraine,UKR,11,5.412260056,13.05142021,2.28236609
2018,Ukraine,UKR,11,5.319479942,12.7508297,2.249420126
2019,Ukraine,UKR,11,5.439650059,13.1361599,2.291836597
2020,Ukraine,UKR,11,5.582940102,15.81424999,2.484227439
2016,United Arab Emirates,ARE,12,3.102699995,10.26766014,1.821416177
2017,United Arab Emirates,ARE,12,3.102699995,10.26766014,1.821416177
2018,United Arab Emirates,ARE,12,3.102699995,10.26766014,1.821416177
2019,United Arab Emirates,ARE,12,3.102699995,10.26766014,1.821416177
2020,United Arab Emirates,ARE,12,3.102699995,10.26766014,1.821416177
2016,United Kingdom,GBR,11,5.418940067,13.44863987,2.308744935
2017,United Kingdom,GBR,11,5.444180012,13.76128006,2.332464533
2018,United Kingdom,GBR,11,5.238900185,13.34407997,2.275413917
2019,United Kingdom,GBR,11,5.148880243,13.29180002,2.258748408
2020,United Kingdom,GBR,11,5.058860302,13.23952007,2.2420829
2016,United States,USA,12,0,0,0.705882353
2017,United States,USA,12,0,0,0.705882353
2018,United States,USA,12,0,0,0.705882353
2019,United States,USA,12,0,0,0.705882353
2020,United States,USA,12,0,0,0.705882353
2016,Upper middle income,UMC,10,3.850500107,14.38564491,2.077670662
2017,Upper middle income,UMC,10,3.931309938,14.46691036,2.094825731
2018,Upper middle income,UMC,10,4.09145987,14.34107971,2.110486367
2019,Upper middle income,UMC,10,3.882860065,14.15939045,2.067998132
2020,Upper middle income,UMC,10,3.893646717,14.0839723,2.064773956
2016,Uruguay,URY,14,4.380859852,14.71417999,2.412462826
2017,Uruguay,URY,14,4.485839844,14.92741966,2.441631051
2018,Uruguay,URY,14,4.662799835,15.19254971,2.484769803
2019,Uruguay,URY,14,4.683320045,15.08080006,2.480663987
2020,Uruguay,URY,14,4.78414011,16.36347961,2.577574725
2016,Uzbekistan,UZB,12,5.667729855,23.09033012,3.020685124
2017,Uzbekistan,UZB,12,5.281340122,22.53945923,2.928284358
2018,Uzbekistan,UZB,12,5.900000095,21.81299019,2.973416172
2019,Uzbekistan,UZB,12,7.001860142,21.17432022,3.0956782
2020,Uzbekistan,UZB,12,5.112410069,20.53565025,2.775198367
2016,Vanuatu,VUT,0,5.273873647,14.80127684,1.726675004
2017,Vanuatu,VUT,0,4.533530235,12.20798016,1.451334647
2018,Vanuatu,VUT,0,3.793186824,9.614683469,1.17599429
2019,Vanuatu,VUT,0,1.78587997,4.6760602,0.563219051
2020,Vanuatu,VUT,0,2.3125,4.428090096,0.625313577
2016,"Venezuela, RB",VEN,14,1.190230012,16.18619919,2.034310732
2017,"Venezuela, RB",VEN,17,1.344079971,23.8731308,2.724898515
2018,"Venezuela, RB",VEN,17,1.497929931,31.56006241,3.239015709
2019,"Venezuela, RB",VEN,17,1.65177989,39.24699402,3.753132903
2020,"Venezuela, RB",VEN,17,1.805629849,46.93392563,4.267250097
2016,Vietnam,VNM,10,4.344810009,15.60490036,2.228767527
2017,Vietnam,VNM,10,4.085539818,15.09342003,2.157699472
2018,Vietnam,VNM,10,4.167449951,16.0908699,2.233579583
2019,Vietnam,VNM,10,4.061970234,14.02956963,2.08621001
2020,Vietnam,VNM,10,3.967690309,14.4071703,2.096391802
2016,Virgin Islands (U.S.),VIR,0,0,0,0
2017,Virgin Islands (U.S.),VIR,0,0,0,0
2018,Virgin Islands (U.S.),VIR,0,0,0,0
2019,Virgin Islands (U.S.),VIR,0,0,0,0
2020,Virgin Islands (U.S.),VIR,0,0,0,0
2016,West Bank and Gaza,PSE,10,4.982960224,16.92126083,2.407361022
2017,West Bank and Gaza,PSE,10,4.721539974,16.07543945,2.314603777
2018,West Bank and Gaza,PSE,10,5.318870068,17.78866005,2.512522671
2019,West Bank and Gaza,PSE,10,5.486824989,17.71245003,2.532510252
2020,West Bank and Gaza,PSE,10,5.654779911,17.97617976,2.574226662
2016,World,WLD,10,4.164805174,13.97148991,2.097718108
2017,World,WLD,10,4.328239918,14.49975967,2.155674795
2018,World,WLD,10,4.255720139,13.82756519,2.101974755
2019,World,WLD,10,3.663199902,13.75560284,2.009676413
2020,World,WLD,10,3.495998144,13.68364048,1.980329181
2016,"Yemen, Rep.",YEM,9,0,0,0.529411765
2017,"Yemen, Rep.",YEM,9,0,0,0.529411765
2018,"Yemen, Rep.",YEM,9,0,0,0.529411765
2019,"Yemen, Rep.",YEM,9,0,0,0.529411765
2020,"Yemen, Rep.",YEM,9,0,0,0.529411765
2016,Zambia,ZMB,7,3.747920036,15.40297031,1.951044346
2017,Zambia,ZMB,7,3.729640007,14.88183022,1.915027639
2018,Zambia,ZMB,7,4.739739895,17.01243019,2.200719065
2019,Zambia,ZMB,7,4.46517992,15.29187012,2.050104028
2020,Zambia,ZMB,7,4.704266548,12.37802029,1.899238829
2016,Zimbabwe,ZWE,7,5.47262001,23.52708054,2.725606329
2017,Zimbabwe,ZWE,7,5.381060123,20.87420082,2.542483473
2018,Zimbabwe,ZWE,7,3.587280035,19.0398407,2.159735598
2019,Zimbabwe,ZWE,7,2.644610047,16.79622078,1.876800233
2020,Zimbabwe,ZWE,7,1.70194006,14.55260086,1.593864867
