Year,Country_Name,Country_Code,Compulsory_education_duration_year,Government_expenditure_on_education_on_gdp,Government_expenditure_on_education_total_of_goverment_expenditure,Weighted_education
2016,Afghanistan,AFG,9,3.5119800567627,13.0909996032715,1.88598972811604
2017,Afghanistan,AFG,9,3.37331008911133,12.0332002639771,1.79785111531993
2018,Afghanistan,AFG,9,3.19979000091553,11.6960601806641,1.75061864479174
2019,Afghanistan,AFG,9,3.21377992630005,11.3437700271606,1.73017102196122
2020,Afghanistan,AFG,9,3.1143798828125,10.2538604736328,1.64579225144853
2016,Africa Eastern and Southern,AFE,7,4.88108491897583,17.1988105773926,2.23355281830444
2017,Africa Eastern and Southern,AFE,7,5.02312994003296,16.7732000350952,2.22737193325547
2018,Africa Eastern and Southern,AFE,7,4.95163488388062,17.01243019104,2.23208150394183
2019,Africa Eastern and Southern,AFE,7,4.71929979324341,15.3222951889038,2.08966090445078
2020,Africa Eastern and Southern,AFE,7,4.66537141799927,14.6967900594075,2.04169693316623
2016,Africa Western and Central,AFW,9,2.83455002307891,12.8473448753357,1.77014942611375
2017,Africa Western and Central,AFW,9,3.43119990825654,16.2105941772461,2.07343689771537
2018,Africa Western and Central,AFW,9,3.06633508205414,16.3399696350098,2.02770312639355
2019,Africa Western and Central,AFW,9,3.03285002708435,14.1593904495239,1.88336517152088
2020,Africa Western and Central,AFW,9,3.09895002841949,14.3899097442627,1.90788330177013
2016,Albania,ALB,9,3.96209001541138,13.596960067749,1.98495102434741
2017,Albania,ALB,9,3.61172008514404,12.3908004760742,1.85599570302506
2018,Albania,ALB,9,3.95120334625244,13.4892997741699,1.97645808748686
2019,Albania,ALB,9,3.94576001167297,13.4354696273804,1.97221161905658
2020,Albania,ALB,9,3.9403166770935,13.3816394805908,1.96796515062631
2016,Algeria,DZA,10,7.34435987472534,16.1110401153564,2.70508122172273
2017,Algeria,DZA,10,6.50538015365601,17.5560493469238,2.67326886151011
2018,Algeria,DZA,10,5.8663501739502,13.7749500274658,2.33699991376007
2019,Algeria,DZA,10,6.10035991668701,14.4634799957275,2.41564613633232
2020,Algeria,DZA,10,5.68569326400756,16.5491905212402,2.48758947781916
2016,Andorra,AND,10,3.23707008361816,9.99098014831543,1.7059718596551
2017,Andorra,AND,10,3.21708989143372,9.39243984222412,1.66475611882761
2018,Andorra,AND,10,3.2467200756073,13.4619197845459,1.92926138805205
2019,Andorra,AND,10,3.15060997009277,10.8952398300171,1.75097491507608
2020,Andorra,AND,10,3.12178993225097,8.99186992645264,1.62504654603744
2016,Angola,AGO,6,2.75494003295898,6.55097007751465,1.17943375512545
2017,Angola,AGO,6,2.46688008308411,6.76378011703491,1.15040093255775
2018,Angola,AGO,6,2.04469990730286,5.41023015975952,1.00139588334794
2019,Angola,AGO,6,1.82117998600006,6.04536008834839,1.00891012693147
2020,Angola,AGO,6,1.50992663701375,6.46722984313965,0.989807487870725
2016,Antigua and Barbuda,ATG,11,2.43079996109009,6.76265001296997,1.43910614843131
2017,Antigua and Barbuda,ATG,11,2.44847989082336,7.39179992675781,1.48193798425905
2018,Antigua and Barbuda,ATG,11,2.64407992362976,7.23061990737915,1.50058604749489
2019,Antigua and Barbuda,ATG,11,2.82214999198914,8.54749011993408,1.61111596250295
2020,Antigua and Barbuda,ATG,11,3.32161998748779,8.94178009033203,1.71024506694413
2016,Argentina,ARG,14,5.54548978805542,13.3555402755737,2.49799517123827
2017,Argentina,ARG,14,5.45431995391846,13.2639198303223,2.4786448369328
2018,Argentina,ARG,14,4.94551992416382,12.5233402252197,2.35600008868854
2019,Argentina,ARG,14,4.80237007141113,12.5300703048706,2.33524275664076
2020,Argentina,ARG,14,4.55466349919636,12.2549136479695,2.28099195177492
2016,Armenia,ARM,12,2.75812005996704,10.1971998214722,1.76591132665815
2017,Armenia,ARM,12,2.70759010314941,10.4031295776367,1.77159537819902
2018,Armenia,ARM,12,2.25587010383606,8.98857975006104,1.61431906873822
2019,Armenia,ARM,12,2.56185007095337,9.06116771697999,1.66424676145216
2020,Armenia,ARM,12,2.70476007461548,8.68249034881592,1.66119385387925
2016,Aruba,ABW,13,5.4913501739502,21.3665504455566,2.94321942210373
2017,Aruba,ABW,13,5.4913501739502,21.3665504455566,2.94321942210373
2018,Aruba,ABW,13,5.4913501739502,21.3665504455566,2.94321942210373
2019,Aruba,ABW,13,5.4913501739502,21.3665504455566,2.94321942210373
2020,Aruba,ABW,13,5.4913501739502,21.3665504455566,2.94321942210373
2016,Australia,AUS,10,5.276780128479,13.804349899292,2.25161726519653
2017,Australia,AUS,10,5.12790012359619,13.6029195785522,2.21670627757176
2018,Australia,AUS,10,5.10789012908936,13.4804601669312,2.20591704886083
2019,Australia,AUS,10,5.02344512939454,13.3185153007508,2.18306694069298
2020,Australia,AUS,10,4.93900012969972,13.1565704345704,2.16021683252513
2016,Austria,AUT,10,5.4796199798584,10.9538497924805,2.09943649622266
2017,Austria,AUT,13,5.3718900680542,10.9303102493286,2.25845741114429
2018,Austria,AUT,13,5.22535991668701,10.7277002334595,2.22381881810894
2019,Austria,AUT,13,5.09822988510131,10.614625453949,2.19777468493444
2020,Austria,AUT,13,4.97109985351562,10.5015506744384,2.17173055175993
2016,Azerbaijan,AZE,10,2.90340995788574,8.20689964294434,1.54254924429854
2017,Azerbaijan,AZE,10,2.47381997108459,6.95039987564087,1.39865088776111
2018,Azerbaijan,AZE,10,2.45543003082275,7.41052007675171,1.42533972593291
2019,Azerbaijan,AZE,10,2.68108010292053,8.07215023040771,1.50102921242681
2020,Azerbaijan,AZE,10,2.60697015126546,10.5025300979614,1.64540927216205
2016,"Bahamas, The",BHS,12,2.32517004013062,11.886079788208,1.80978328930657
2017,"Bahamas, The",BHS,12,2.41849994659424,10.5762195587158,1.73987118326279
2018,"Bahamas, The",BHS,12,2.30952000617981,11.4196796417236,1.7776548048493
2019,"Bahamas, The",BHS,12,2.39893007278442,11.2660703659058,1.78106967968826
2020,"Bahamas, The",BHS,12,2.51087999343872,11.2443103790283,1.79624842375151
2016,Bahrain,BHR,9,2.32452011108398,7.22384977340698,1.33520840459634
2017,Bahrain,BHR,9,2.32452011108398,7.22384977340698,1.33520840459634
2018,Bahrain,BHR,9,2.32452011108398,7.22384977340698,1.33520840459634
2019,Bahrain,BHR,9,2.32452011108398,7.22384977340698,1.33520840459634
2020,Bahrain,BHR,9,2.32452011108398,7.22384977340698,1.33520840459634
2016,Bangladesh,BGD,5,1.53553998470306,11.4192800521851,1.25130827901632
2017,Bangladesh,BGD,5,1.46580000718434,16.0549793243408,1.53729837558817
2018,Bangladesh,BGD,5,1.39606002966562,11.6814804077148,1.24742369621553
2019,Bangladesh,BGD,5,1.32632005214691,9.27375030517578,1.08320026726076
2020,Bangladesh,BGD,5,1.25658007462819,11.8447504043579,1.23721551970967
2016,Barbados,BRB,11,4.70732021331787,13.3624496459961,2.19790929527422
2017,Barbados,BRB,11,4.36638021469116,12.879150390625,2.11655467015137
2018,Barbados,BRB,11,5.42886018753052,16.358570098877,2.496214920765
2019,Barbados,BRB,11,3.20398998260498,10.7784900665283,1.81023658156217
2020,Barbados,BRB,11,4.29515981674194,16.1424694061279,2.3146035878923
2016,Belarus,BLR,9,4.94654989242554,12.1587800979614,2.03873233159367
2017,Belarus,BLR,9,4.79499006271362,12.2816896438599,2.02415639491352
2018,Belarus,BLR,9,5.38111019134521,13.2640399932861,2.17369914142411
2019,Belarus,BLR,9,4.97947978973389,13.2321500778198,2.11221569538516
2020,Belarus,BLR,9,4.95244979858398,12.8966102600098,2.08676741701368
2016,Belgium,BEL,12,6.46173000335693,12.1649503707886,2.43985814178607
2017,Belgium,BEL,12,6.42534017562866,12.3507099151611,2.44634579177831
2018,Belgium,BEL,12,6.37663984298706,12.2238397598267,2.43102819164166
2019,Belgium,BEL,12,6.33409476280212,12.2532844543457,2.42661321656946
2020,Belgium,BEL,12,6.29154968261718,12.2827291488647,2.42219824149726
2016,Belize,BLZ,8,7.29365015029907,20.5020198822021,2.86059853021338
2017,Belize,BLZ,8,7.45028018951416,21.6585102081299,2.95770369460624
2018,Belize,BLZ,8,7.47227001190186,22.1137504577637,2.99005719033926
2019,Belize,BLZ,8,7.1383900642395,22.0944194793701,2.93940420765011
2020,Belize,BLZ,8,7.94095993041992,21.5209808349609,3.02153805401783
2016,Benin,BEN,6,2.89910006523132,18.7914009094238,1.98317481623143
2017,Benin,BEN,6,3.53558993339539,19.8796501159668,2.14694177270635
2018,Benin,BEN,6,2.93396997451782,17.7091808319092,1.91916076248126
2019,Benin,BEN,6,2.96519994735718,17.1680707931519,1.88919552725474
2020,Benin,BEN,6,2.98723324139913,16.6269607543946,1.85786909759585
2016,Bermuda,BMU,13,1.32495999336243,7.77346992492676,1.45768980750812
2017,Bermuda,BMU,13,1.32495999336243,7.77346992492676,1.45768980750812
2018,Bermuda,BMU,13,1.32495999336243,7.77346992492676,1.45768980750812
2019,Bermuda,BMU,13,1.32495999336243,7.77346992492676,1.45768980750812
2020,Bermuda,BMU,13,1.32495999336243,7.77346992492676,1.45768980750812
2016,Brazil,BRA,14,6.314040184021,15.9288301467896,2.77623159670632
2017,Brazil,BRA,14,6.32047986984253,16.5049095153809,2.81400752079958
2018,Brazil,BRA,14,6.08851003646851,16.1483592987061,2.75688325270811
2019,Brazil,BRA,14,5.97574496269226,16.2581238746643,2.74720908070901
2020,Brazil,BRA,14,5.86297988891602,16.3678884506226,2.73753490870991
2016,British Virgin Islands,VGB,12,3.79742002487183,14.3893804550171,2.18770014678145
2017,British Virgin Islands,VGB,12,2.66543006896973,15.009349822998,2.05978327518913
2018,British Virgin Islands,VGB,12,2.69412994384766,13.9963903427124,1.99928311165625
2019,British Virgin Islands,VGB,12,2.918790102005,12.195460319519,1.91742010223579
2020,British Virgin Islands,VGB,12,2.62591346104939,13.1613798141479,1.9358128555505
2016,Brunei Darussalam,BRN,9,4.42540979385376,11.4419498443604,1.91577918799522
2017,Brunei Darussalam,BRN,9,4.42540979385376,11.4419498443604,1.91577918799522
2018,Brunei Darussalam,BRN,9,4.42540979385376,11.4419498443604,1.91577918799522
2019,Brunei Darussalam,BRN,9,4.42540979385376,11.4419498443604,1.91577918799522
2020,Brunei Darussalam,BRN,9,4.42540979385376,11.4419498443604,1.91577918799522
2016,Bulgaria,BGR,11,4.09102010726929,12.7309503555298,2.06632590613257
2017,Bulgaria,BGR,11,4.09102010726929,12.7309503555298,2.06632590613257
2018,Bulgaria,BGR,11,4.09102010726929,12.7309503555298,2.06632590613257
2019,Bulgaria,BGR,11,4.09102010726929,12.7309503555298,2.06632590613257
2020,Bulgaria,BGR,11,4.09102010726929,12.7309503555298,2.06632590613257
2016,Burkina Faso,BFA,10,5.54996490478514,20.2268314361572,2.70257392419376
2017,Burkina Faso,BFA,10,5.62846994400024,21.4440002441406,2.79199440548284
2018,Burkina Faso,BFA,10,5.43056011199951,22.661169052124,2.8405029019114
2019,Burkina Faso,BFA,10,5.78548002243042,23.8783378601074,2.970835368061
2020,Burkina Faso,BFA,10,5.86398506164551,25.0955066680907,3.06025584935008
2016,Cabo Verde,CPV,10,5.28879022598267,17.8430099487305,2.51154460018068
2017,Cabo Verde,CPV,10,5.18174982070923,16.4125804901123,2.40426907227085
2018,Cabo Verde,CPV,10,5.36885023117065,17.5685405731201,2.50585024350383
2019,Cabo Verde,CPV,10,4.73345994949341,15.1536998748779,2.25745077507249
2020,Cabo Verde,CPV,10,4.54834985733032,17.0901908874512,2.35383257468129
2016,Cameroon,CMR,6,2.65423011779785,12.6946897506714,1.55723214445382
2017,Cameroon,CMR,6,3.15481996536255,15.9128103256226,1.83702525539637
2018,Cameroon,CMR,6,3.13120007514954,16.8831596374512,1.8955536771832
2019,Cameroon,CMR,6,3.10050010681152,14.0946702957153,1.71277053803432
2020,Cameroon,CMR,6,3.24925676981607,14.3899097442627,1.75365951632588
2016,Caribbean small states,CSS,6.5,4.64326500892639,14.7895903587341,2.01494497572379
2017,Caribbean small states,CSS,6.5,4.41071999073029,14.1447253227234,1.93930659317014
2018,Caribbean small states,CSS,6.5,4.35002493858337,14.177869796753,1.93244174118556
2019,Caribbean small states,CSS,6.5,4.36243999004364,13.9673848152161,1.92082515895261
2020,Caribbean small states,CSS,6.5,5.40337991714478,9.37712955474854,1.78148649890184
2016,Central African Republic,CAF,10,1.7540899515152,7.31901979446411,1.31568617225751
2017,Central African Republic,CAF,10,1.75364995002747,8.89505004882813,1.41636034683775
2018,Central African Republic,CAF,10,1.56587994098663,9.13549995422363,1.40393810351612
2019,Central African Republic,CAF,10,1.76871001720428,9.79780960083008,1.47629345024904
2020,Central African Republic,CAF,10,1.77358337243397,9.78244018554688,1.47603234476597
2016,Central Europe and the Baltics,CEB,10,4.63339996337891,11.2839498519897,1.99528790290655
2017,Central Europe and the Baltics,CEB,10,4.09102010726929,10.8470802307129,1.88708606168324
2018,Central Europe and the Baltics,CEB,10,4.26692008972168,11.1235504150391,1.93079278022821
2019,Central Europe and the Baltics,CEB,10,4.08368015289306,11.0433506965638,1.89854521888904
2020,Central Europe and the Baltics,CEB,10,3.90044021606444,10.9631509780885,1.86629765754987
2016,Chad,TCD,10,2.29999995231628,13,1.75961220990571
2017,Chad,TCD,10,2.45481991767883,16.3627490997314,1.99747275041047
2018,Chad,TCD,10,2.25947999954224,12.3357548713684,1.71115656338464
2019,Chad,TCD,10,2.37245988845825,14.2137899398804,1.84792198337108
2020,Chad,TCD,10,2.39661320050557,11.6715097427368,1.68899524431475
2016,Chile,CHL,12,5.34201002120972,21.1554794311523,2.84880056913842
2017,Chile,CHL,12,5.41966009140015,21.3115501403809,2.87026949017679
2018,Chile,CHL,12,5.43316984176636,21.3795299530029,2.87661430520588
2019,Chile,CHL,12,5.47874975204468,21.4915552139282,2.8905211732396
2020,Chile,CHL,12,5.524329662323,21.6035804748535,2.90442804127333
2016,China,CHN,9,3.79362010955811,12.2695598602295,1.87516894956203
2017,China,CHN,9,3.66744995117188,12.1553001403809,1.84919114562474
2018,China,CHN,9,3.54249000549316,11.4506902694702,1.78565749069703
2019,China,CHN,9,3.41692495346068,11.0412554740905,1.74090176126454
2020,China,CHN,9,3.29135990142821,10.6318206787109,1.69614603183204
2016,Colombia,COL,12,4.47721004486084,14.9271898269653,2.32269201008675
2017,Colombia,COL,12,4.53551006317139,15.4687404632568,2.36593668376722
2018,Colombia,COL,12,4.44910001754761,12.8371896743774,2.18493938944141
2019,Colombia,COL,12,4.5062198638916,14.1365804672241,2.27645026259801
2020,Colombia,COL,12,4.51588980356852,13.873044013977,2.26103634676843
2016,"Congo, Dem. Rep.",COD,6,2.1186900138855,14.6354198455811,1.60201798716141
2017,"Congo, Dem. Rep.",COD,6,1.45494997501373,14.006420135498,1.46357281679235
2018,"Congo, Dem. Rep.",COD,6,0.79120993614196,13.3774204254149,1.3251276464233
2019,"Congo, Dem. Rep.",COD,6,0.12746989727019,12.7484207153318,1.18668247605424
2020,"Congo, Dem. Rep.",COD,6,-0.536270141601579,12.1194210052487,1.04823730568518
2016,"Congo, Rep.",COG,10,5.20979022979736,11.3723001480103,2.08624637023303
2017,"Congo, Rep.",COG,10,4.44296979904175,15.68577003479,2.24846525458083
2018,"Congo, Rep.",COG,10,3.00147008895874,15.582799911499,2.02852800835529
2019,"Congo, Rep.",COG,10,3.89800000190735,16.6643295288086,2.23035380852964
2020,"Congo, Rep.",COG,10,3.46073659261068,17.0830593109131,2.19239979665498
2016,Costa Rica,CRI,13,6.89395999908447,23.4232006072998,3.28227914195096
2017,Costa Rica,CRI,13,7.06980991363525,30.1514205932617,3.73837202553496
2018,Costa Rica,CRI,13,6.7790699005127,26.086669921875,3.43552235410964
2019,Costa Rica,CRI,13,6.80879020690918,24.5510101318359,3.34176240423215
2020,Costa Rica,CRI,13,6.74626016616821,21.5394802093506,3.14001144143542
2016,Cote d'Ivoire,CIV,10,3.97232007980347,22.3875999450684,2.60718330455333
2017,Cote d'Ivoire,CIV,10,3.80347990989685,20.6334991455078,2.47007187563165
2018,Cote d'Ivoire,CIV,10,3.23993992805481,18.2890892028809,2.2368088323302
2019,Cote d'Ivoire,CIV,10,3.70040011405945,17.3795795440674,2.24682570709283
2020,Cote d'Ivoire,CIV,10,3.60976012547811,15.0821800231934,2.08656117305878
2016,Croatia,HRV,8,3.90566992759705,8.63871002197266,1.60084719747822
2017,Croatia,HRV,8,3.90566992759705,8.63871002197266,1.60084719747822
2018,Croatia,HRV,8,3.90566992759705,8.63871002197266,1.60084719747822
2019,Croatia,HRV,8,3.90566992759705,8.63871002197266,1.60084719747822
2020,Croatia,HRV,8,3.90566992759705,8.63871002197266,1.60084719747822
2016,Cyprus,CYP,10,6.14541006088257,16.4027805328369,2.54627338627447
2017,Cyprus,CYP,10,5.75416994094849,15.6789302825928,2.44209793810318
2018,Cyprus,CYP,10,5.36292982101441,14.9550800323487,2.33792248993188
2019,Cyprus,CYP,10,4.97168970108032,14.2312297821046,2.23374704176059
2020,Cyprus,CYP,10,4.58044958114624,13.5073795318605,2.1295715935893
2016,Czech Republic,CZE,9,5.55373001098633,13.971489906311,2.2444684377137
2017,Czech Republic,CZE,9,3.80615997314453,9.76358985900879,1.7168442465092
2018,Czech Republic,CZE,9,4.26692008972168,10.5118703842163,1.83287087862855
2019,Czech Republic,CZE,9,3.62351512908935,8.78206062316894,1.62707209908598
2020,Czech Republic,CZE,9,2.98011016845702,7.0522508621216,1.4212733195434
2016,Denmark,DNK,10,7.75243997573853,15.3363304138184,2.71596172006248
2017,Denmark,DNK,10,7.75243997573853,15.3363304138184,2.71596172006248
2018,Denmark,DNK,10,7.75243997573853,15.3363304138184,2.71596172006248
2019,Denmark,DNK,10,7.75243997573853,15.3363304138184,2.71596172006248
2020,Denmark,DNK,10,7.75243997573853,15.3363304138184,2.71596172006248
2016,Djibouti,DJI,10,3.92439007759094,12.0085096359253,1.93666141826007
2017,Djibouti,DJI,10,3.74855995178223,13.2546997070313,1.99029294652564
2018,Djibouti,DJI,10,3.62773990631104,13.991530418396,2.01950840999316
2019,Djibouti,DJI,10,3.47941482067109,14.9830408096313,2.0609319058597
2020,Djibouti,DJI,10,3.33108973503114,15.9745512008667,2.10235540172625
2016,Dominica,DMA,12,5.12972021102905,12.6981000900269,2.27678698324434
2017,Dominica,DMA,12,4.7667498588562,9.78390979766846,2.03678996072865
2018,Dominica,DMA,12,5.57154989242554,8.44583988189697,2.07037893109088
2019,Dominica,DMA,12,5.57160997390747,8.29829978942871,2.06095711295249
2020,Dominica,DMA,12,4.99812984466553,10.6661701202393,2.12743013072461
2016,Dominican Republic,DOM,15,3.85050010681152,21.9451999664307,2.85499240598029
2017,Dominican Republic,DOM,15,3.92026996612549,22.343599319458,2.89078454372872
2018,Dominican Republic,DOM,15,3.92848992347717,22.1554698944092,2.87997600765102
2019,Dominican Republic,DOM,15,4.04276990890503,22.3415107727051,2.90878218121403
2020,Dominican Republic,DOM,15,4.1068598429362,19.3228797912598,2.72531826113618
2016,Early-demographic dividend,EAR,10,3.9921749830246,16.9546356201172,2.26284884921584
2017,Early-demographic dividend,EAR,10,4.35768985748291,17.1334352493286,2.32837727680225
2018,Early-demographic dividend,EAR,10,3.97974491119385,15.3999996185303,2.16163729657953
2019,Early-demographic dividend,EAR,10,3.56645500659943,14.4634799957275,2.0406045227479
2020,Early-demographic dividend,EAR,10,3.42454834779104,13.6330947875976,1.96652308059192
2016,East Asia & Pacific,EAS,9,4.06335997581482,16.2182998657226,2.16749504202755
2017,East Asia & Pacific,EAS,9,4.08553981781006,15.0934200286865,2.09887594288435
2018,East Asia & Pacific,EAS,9,3.43450498580933,14.9436450004578,1.9929431348217
2019,East Asia & Pacific,EAS,9,3.12007749080658,14.3063175678254,1.90566718121877
2020,East Asia & Pacific,EAS,9,2.80564999580384,13.668990135193,1.81839122761584
2016,East Asia & Pacific (IDA & IBRD countries),TEA,9,3.79362010955811,15.6049003601074,2.08836273988761
2017,East Asia & Pacific (IDA & IBRD countries),TEA,9,3.87649488449097,13.8695201873779,1.98970409170356
2018,East Asia & Pacific (IDA & IBRD countries),TEA,9,3.1331000328064,14.4872903823853,1.91916235775245
2019,East Asia & Pacific (IDA & IBRD countries),TEA,9,3.23436999320984,16.3442122936248,2.05284505327629
2020,East Asia & Pacific (IDA & IBRD countries),TEA,9,3.04795328776041,16.5906496047973,2.04100582440584
2016,East Asia & Pacific (excluding high income),EAP,9,3.79362010955811,15.6049003601074,2.08836273988761
2017,East Asia & Pacific (excluding high income),EAP,9,3.87649488449097,13.8695201873779,1.98970409170356
2018,East Asia & Pacific (excluding high income),EAP,9,3.1331000328064,14.4872903823853,1.91916235775245
2019,East Asia & Pacific (excluding high income),EAP,9,3.23436999320984,13.9284853935242,1.89843264043784
2020,East Asia & Pacific (excluding high income),EAP,9,3.04795328776041,13.3696804046632,1.83512260728792
2016,Ecuador,ECU,15,4.36275005340576,12.0713901519776,2.29967973996444
2017,Ecuador,ECU,15,4.61426019668579,11.9204301834107,2.32725628424619
2018,Ecuador,ECU,15,4.6214599609375,11.7694702148438,2.31867260862331
2019,Ecuador,ECU,15,4.22565984725952,11.6185102462769,2.25044118383219
2020,Ecuador,ECU,15,4.13413000106812,11.46755027771,2.22724460294135
2016,El Salvador,SLV,15,3.82523989677429,13.9743499755859,2.34175973401152
2017,El Salvador,SLV,15,3.7252299785614,13.4645204544067,2.29436920775067
2018,El Salvador,SLV,15,3.60575008392334,13.2915000915527,2.26562566577822
2019,El Salvador,SLV,15,3.38515996932983,12.51881980896,2.18358681515621
2020,El Salvador,SLV,15,3.23846666018167,13.0928897857666,2.1985691848945
2016,Estonia,EST,9,5.11445999145508,13.1083097457886,2.1242781966148
2017,Estonia,EST,9,4.95629978179932,12.7503004074097,2.07798517625895
2018,Estonia,EST,9,5.23887014389038,13.3928499221802,2.16087977004261
2019,Estonia,EST,9,5.30107522010803,13.535120010376,2.17918055675651
2020,Estonia,EST,9,5.36328029632568,13.6773900985718,2.19748134347041
2016,Ethiopia,ETH,8,5.06151008605957,23.0133590698242,2.69074485129631
2017,Ethiopia,ETH,8,5.64951992034912,26.5099201202393,3.00127475462271
2018,Ethiopia,ETH,8,5.06867980957031,24.0015506744385,2.75497089680724
2019,Ethiopia,ETH,8,5.07226467132568,24.4956464767456,2.78708391956271
2020,Ethiopia,ETH,8,5.07584953308104,24.9897422790528,2.81919694231817
2016,Euro area,EMU,10,4.8159499168396,12.0950951576233,2.07415512481087
2017,Euro area,EMU,10,4.88274002075195,11.0554304122925,2.01758568010343
2018,Euro area,EMU,10,4.80559992790222,11.1888446807861,2.01469601832248
2019,Euro area,EMU,10,4.80042493343353,10.7357194423675,1.98496646507828
2020,Euro area,EMU,11,4.79524993896484,10.2825942039489,2.01406044124584
2016,Europe & Central Asia,ECS,10,4.83923006057739,12.3531198501587,2.09409365119863
2017,Europe & Central Asia,ECS,10,4.78077983856201,11.9676303863525,2.06080212115937
2018,Europe & Central Asia,ECS,10,4.67819976806641,11.7471752166748,2.03152789498959
2019,Europe & Central Asia,ECS,10,4.59768462181092,11.4442028999328,2.00024501688507
2020,Europe & Central Asia,ECS,10,4.51716947555543,11.1412305831908,1.96896213878056
2016,Europe & Central Asia (IDA & IBRD countries),TEC,10,3.96209001541138,12.3531198501587,1.96426872502679
2017,Europe & Central Asia (IDA & IBRD countries),TEC,10,4.09102010726929,12.3908004760742,1.9857601161982
2018,Europe & Central Asia (IDA & IBRD countries),TEC,10,4.61579990386963,12.85116481781,2.09285875834802
2019,Europe & Central Asia (IDA & IBRD countries),TEC,10,3.94576001167297,13.1001873016356,2.009604020265
2020,Europe & Central Asia (IDA & IBRD countries),TEC,10,3.9403166770935,13.3492097854613,2.0247157853444
2016,Europe & Central Asia (excluding high income),ECA,10,3.86126506328583,12.5096597671509,1.95935166597655
2017,Europe & Central Asia (excluding high income),ECA,10,4.09102010726929,12.7309503555298,2.0075023767208
2018,Europe & Central Asia (excluding high income),ECA,10,4.48639988899231,12.9514999389648,2.08011973213209
2019,Europe & Central Asia (excluding high income),ECA,10,3.94576001167297,13.772500038147,2.05257801365076
2020,Europe & Central Asia (excluding high income),ECA,10,3.97392499446868,14.1934467951456,2.0836534628755
2016,European Union,EUU,10,4.79266977310181,12.025239944458,2.06624432528698
2017,European Union,EUU,10,4.61972999572754,11.0554304122925,1.97865773778747
2018,European Union,EUU,10,4.62730979919434,11.1235504150391,1.98413382614582
2019,European Union,EUU,10,4.5446298122406,10.6727056503296,1.94307857657524
2020,European Union,EUU,10,4.46194982528687,10.2218608856202,1.90202332700467
2016,Faroe Islands,FRO,9,7.71989011764526,16.2498092651367,2.71070975390329
2017,Faroe Islands,FRO,9,8.23338031768799,17.250919342041,2.85070170721443
2018,Faroe Islands,FRO,9,8.74687051773072,17.3672103881836,2.93413633963819
2019,Faroe Islands,FRO,9,9.26036071777345,15.4116296768188,2.88513765886117
2020,Faroe Islands,FRO,9,9.77385091781618,15.1322364807128,2.94328029384713
2016,Finland,FIN,10,6.85153007507324,12.312310218811,2.38932432701752
2017,Finland,FIN,10,6.36311006546021,11.8638696670532,2.28836943768921
2018,Finland,FIN,10,6.26929998397827,11.7516202926636,2.26730972820896
2019,Finland,FIN,10,5.97818493843078,11.4712753295899,2.20630242880469
2020,Finland,FIN,10,5.68706989288329,11.1909303665162,2.14529512940041
2016,Fragile and conflict affected situations,FCS,9,2.83076500892639,12.8473448753357,1.76958920863694
2017,Fragile and conflict affected situations,FCS,9,2.70759010314941,14.503210067749,1.85720049118794
2018,Fragile and conflict affected situations,FCS,9,3.13120007514954,13.1701002120972,1.83468681437733
2019,Fragile and conflict affected situations,FCS,9,3.28141760826111,13.3314778804779,1.86723561724753
2020,Fragile and conflict affected situations,FCS,9,3.43163514137269,13.4928555488587,1.89978442011773
2016,France,FRA,10,5.4900302886963,9.58002948760987,2.01316320910274
2017,France,FRA,10,5.45160007476807,9.65242958068848,2.01210296665286
2018,France,FRA,10,5.41316986083984,9.72482967376709,2.01104272420298
2019,France,FRA,10,5.37473964691161,9.7972297668457,2.0099824817531
2020,France,FRA,13,5.33630943298338,9.86962985992431,2.18539282753852
2016,Gabon,GAB,10,2.76999998092651,10.2796401977539,1.65529216701324
2017,Gabon,GAB,10,3.32680988311768,16.0584392547607,2.10708403850167
2018,Gabon,GAB,10,2.93345999717712,14.6950798034668,1.96171912228966
2019,Gabon,GAB,10,2.76782989501953,14.1593904495239,1.90296324398425
2020,Gabon,GAB,10,2.76710653305053,15.025520324707,1.95821889629443
2016,"Gambia, The",GMB,9,2.0244300365448,10.3577899932861,1.49111262367296
2017,"Gambia, The",GMB,9,2.45918989181519,10.7730298042297,1.5820031288822
2018,"Gambia, The",GMB,9,2.36543989181519,11.1882696151733,1.59466923501206
2019,"Gambia, The",GMB,9,2.87529993057251,11.6035094261169,1.69667526941235
2020,"Gambia, The",GMB,9,3.15892322858174,12.0187492370605,1.76519615132548
2016,Georgia,GEO,9,3.59386992454529,12.6661996841431,1.87095713280082
2017,Georgia,GEO,9,3.57442998886108,12.9533596038818,1.88643500155154
2018,Georgia,GEO,9,3.5210599899292,12.9514999389648,1.87841687368128
2019,Georgia,GEO,9,3.80864000320435,11.5451822280883,1.83109007104579
2020,Georgia,GEO,9,3.83912992477417,11.1715097427368,1.81171785076966
2016,Germany,DEU,13,4.83923006057739,10.9105396270752,2.17835501952994
2017,Germany,DEU,13,4.88274002075195,11.0476903915405,2.19356152893764
2018,Germany,DEU,13,4.99274015426636,11.2301797866821,2.22150723485681
2019,Germany,DEU,13,5.06949520111084,11.3899998664855,2.24308334252024
2020,Germany,DEU,13,5.14625024795533,11.549819946289,2.26465945018367
2016,Ghana,GHA,11,4.52884006500244,22.0933208465576,2.72956677775558
2017,Ghana,GHA,11,3.62737989425659,20.0976390838623,2.4685789700938
2018,Ghana,GHA,11,4.0041298866272,18.5981693267822,2.42849591193057
2019,Ghana,GHA,11,3.74177479743958,16.8505935668945,2.27796047901806
2020,Ghana,GHA,11,3.47941970825196,15.1030178070068,2.12742504610555
2016,Greece,GRC,10,3.35046982765197,6.94232988357544,1.52788743038682
2017,Greece,GRC,10,3.47220993041992,7.18391990661621,1.56134845282555
2018,Greece,GRC,10,3.59395003318787,7.42550992965698,1.59480947526427
2019,Greece,GRC,10,3.71569013595582,7.66709995269774,1.62827049770299
2020,Greece,GRC,10,3.83743023872376,7.90868997573851,1.66173152014171
2016,Grenada,GRD,12,2.79504990577699,14.0411701202393,2.01708251703139
2017,Grenada,GRD,12,3.17379999160767,14.0411701202393,2.07314107028241
2018,Grenada,GRD,12,3.55255007743835,14.0411701202393,2.12919962353344
2019,Grenada,GRD,12,3.93130016326903,14.0411701202393,2.18525817678446
2020,Grenada,GRD,12,4.31005024909971,14.0411701202393,2.24131673003548
2016,Guatemala,GTM,16,2.94474005699158,23.4347496032715,2.87496646928489
2017,Guatemala,GTM,16,2.95009994506836,23.0880508422852,2.8535989201003
2018,Guatemala,GTM,16,3.13704991340637,23.7495403289795,2.92355143808731
2019,Guatemala,GTM,16,3.19928002357483,23.7553806304932,2.93313538613434
2020,Guatemala,GTM,16,3.29972004890442,21.141170501709,2.78090205786764
2016,Guinea,GIN,6,2.54450011253357,15.7688598632813,1.73749094905453
2017,Guinea,GIN,6,2.3203399181366,13.3767900466919,1.5514128844484
2018,Guinea,GIN,6,2.38432002067566,14.8701200485229,1.6563356656006
2019,Guinea,GIN,6,1.84836995601654,12.4053602218628,1.41946346574191
2020,Guinea,GIN,6,2.19947004318237,12.2907600402832,1.4641043574649
2016,Guinea-Bissau,GNB,9,2.29999995231628,10,1.50902973684181
2017,Guinea-Bissau,GNB,9,2.20000004768372,15,1.81382705557935
2018,Guinea-Bissau,GNB,9,2.13787007331848,20,2.12422947800378
2019,Guinea-Bissau,GNB,9,2.94781994819641,25,2.56370787030086
2020,Guinea-Bissau,GNB,9,3.16375994682312,30,2.91526724812054
2016,Guyana,GUY,6,4.73775005340576,18.7175102233887,2.25058913551059
2017,Guyana,GUY,6,4.6647801399231,17.6357307434082,2.17064194274536
2018,Guyana,GUY,6,4.45058012008667,16.0061702728271,2.03477740598684
2019,Guyana,GUY,6,4.30699515342712,14.6505002975462,1.92687154122497
2020,Guyana,GUY,6,4.16341018676758,13.2948303222654,1.81896567646309
2016,Haiti,HTI,6,1.4227499961853,13.1072101593018,1.40132973386872
2017,Haiti,HTI,6,1.5911899805069,15.196849822998,1.55982945762985
2018,Haiti,HTI,6,1.68210005760193,14.6441402435303,1.53795599716375
2019,Haiti,HTI,6,1.81177508831024,15.4126052856445,1.60626912881126
2020,Haiti,HTI,6,1.94145011901856,16.1810703277588,1.67458226045878
2016,Heavily indebted poor countries (HIPC),HPC,8.5,3.09477996826172,14.9912900924683,1.91629434928094
2017,Heavily indebted poor countries (HIPC),HPC,8.5,3.62737989425659,15.9128103256226,2.05402736588268
2018,Heavily indebted poor countries (HIPC),HPC,8.5,3.31093990802765,16.8023643493652,2.06405126981772
2019,Heavily indebted poor countries (HIPC),HPC,8.5,3.43867993354797,14.5902395248413,1.94155974784676
2020,Heavily indebted poor countries (HIPC),HPC,8.5,3.55331325531005,13.3325395584106,1.87813481205948
2016,High income,HIC,10,4.92645978927612,12.89328956604,2.14153192450452
2017,High income,HIC,10,4.88274002075195,11.8638696670532,2.06926083260338
2018,High income,HIC,10,4.8984899520874,11.7529649734497,2.06450298070724
2019,High income,HIC,10,4.88450503349303,11.1828026771545,2.02598850880859
2020,High income,HIC,10,4.87052011489867,10.6126403808594,1.98747403690995
2016,Honduras,HND,12,5.15961980819702,18.0094108581543,2.62070951722746
2017,Honduras,HND,12,4.93701982498169,19.6704692840576,2.69393690855005
2018,Honduras,HND,12,6.05646991729736,23.1551094055176,3.08236295637575
2019,Honduras,HND,12,4.91284990310669,20.1177406311035,2.71894896118441
2020,Honduras,HND,12,4.83059326807658,24.2547702789307,2.97121168864157
2016,"Hong Kong SAR, China",HKG,9,3.29264998435974,18.1269607543945,2.17542369064486
2017,"Hong Kong SAR, China",HKG,9,3.31010007858276,17.8412799835205,2.15974585343148
2018,"Hong Kong SAR, China",HKG,9,3.32651996612549,18.7878398895264,2.22267992617363
2019,"Hong Kong SAR, China",HKG,9,3.81060004234314,20.3140106201172,2.39188059833483
2020,"Hong Kong SAR, China",HKG,9,4.4063401222229,20.6210594177246,2.49968215014945
2016,Hungary,HUN,13,4.62049007415771,9.86271953582764,2.07900316548452
2017,Hungary,HUN,13,4.61972999572754,9.93560981750488,2.08354978791063
2018,Hungary,HUN,13,4.62730979919434,10.0750398635864,2.09358398912956
2019,Hungary,HUN,13,4.63071966171265,10.1812000274657,2.10087440095207
2020,Hungary,HUN,13,4.63412952423097,10.2873601913451,2.10816481277459
2016,IBRD only,IBD,10,3.96209001541138,14.8206849098205,2.12199461477134
2017,IBRD only,IBD,10,4.00842487812043,14.4997596740723,2.10833917952351
2018,IBRD only,IBD,10,4.16744995117188,14.1106300354004,2.10700334741311
2019,IBRD only,IBD,10,3.88286006450653,14.147985458374,2.06726912932921
2020,IBRD only,IBD,10,3.85645008087158,13.9237523078918,2.0490273008485
2016,IDA & IBRD total,IBT,9,3.81920492649079,14.9271898269653,2.04883051331425
2017,IDA & IBRD total,IBT,9,3.91296994686127,15.3327951431274,2.08863476183156
2018,IDA & IBRD total,IBT,9,3.79841494560242,14.8701200485229,2.04210552165559
2019,IDA & IBRD total,IBT,9,3.66319990158081,14.147985458374,1.97593384242571
2020,IDA & IBRD total,IBT,9,3.61119822661081,13.8882506688435,1.95163495212953
2016,IDA blend,IDB,9.5,5.36266994476318,13.8790850639343,2.23969504160545
2017,IDA blend,IDB,9.5,4.86215496063233,15.68577003479,2.2810968123247
2018,IDA blend,IDB,9.5,3.58728003501892,15.582799911499,2.08582159180576
2019,IDA blend,IDB,9.5,3.89800000190735,16.4346573352813,2.18626147808474
2020,IDA blend,IDB,9.5,3.40977668762207,17.2865147590637,2.1684502902445
2016,IDA only,IDX,9,3.26575493812561,15.3471603393555,1.99375910867065
2017,IDA only,IDX,9,3.74508500099182,16.1665592193604,2.117080126629
2018,IDA only,IDX,9,3.50476503372192,15.8885202407837,2.06373837135824
2019,IDA only,IDX,9,3.44075500965118,16.1592001914978,2.07156605657028
2020,IDA only,IDX,9,3.49908836682637,16.4298801422119,2.09750170587016
2016,IDA total,IDA,9,3.5119800567627,15.0634803771973,2.01207000464342
2017,IDA total,IDA,9,3.7751499414444,15.9128103256226,2.10531047892375
2018,IDA total,IDA,9,3.56255006790161,15.8884201049805,2.07228469594487
2019,IDA total,IDA,9,3.44283008575439,16.3008899688721,2.08092994790986
2020,IDA total,IDA,9,3.41978009541828,16.7133598327637,2.10388326233201
2016,Iceland,ISL,10,7.43219995498657,15.9746599197388,2.70936500064643
2017,Iceland,ISL,10,7.58385992050171,17.0447006225586,2.80020871820278
2018,Iceland,ISL,10,7.57405996322632,17.2171592712402,2.80978172901451
2019,Iceland,ISL,10,7.64498996734619,17.8384089469909,2.85999009319854
2020,Iceland,ISL,10,7.71591997146607,18.4596586227416,2.91019845738258
2016,India,IND,8,3.45097994804382,12.7535495758057,1.79656792545203
2017,India,IND,8,3.45097994804382,12.7535495758057,1.79656792545203
2018,India,IND,8,3.45097994804382,12.7535495758057,1.79656792545203
2019,India,IND,8,3.45097994804382,12.7535495758057,1.79656792545203
2020,India,IND,8,3.45097994804382,12.7535495758057,1.79656792545203
2016,Indonesia,IDN,9,3.5,21.0787792205811,2.39479262823961
2017,Indonesia,IDN,9,2.6699800491333,16.1104793548584,1.95436993850241
2018,Indonesia,IDN,9,3,20,2.25183276632563
2019,Indonesia,IDN,9,2.84185004234314,18.2132329940796,2.11421557634057
2020,Indonesia,IDN,9,2.62246672312418,17.2580509185791,2.02068989237423
2016,"Iran, Islamic Rep.",IRN,9,3.36576008796692,19.4454307556152,2.27052080763418
2017,"Iran, Islamic Rep.",IRN,9,3.79040002822876,20.3052101135254,2.38832828213403
2018,"Iran, Islamic Rep.",IRN,9,3.9553599357605,21.1460399627686,2.4664894383846
2019,"Iran, Islamic Rep.",IRN,9,3.66319990158081,21.2461605072021,2.42964669216611
2020,"Iran, Islamic Rep.",IRN,9,3.76234650611877,21.846403757731,2.48268865367676
2016,Ireland,IRL,10,3.73173999786377,13.2103204727173,1.9849667310824
2017,Ireland,IRL,10,3.46884989738464,13.2017097473145,1.94550614418442
2018,Ireland,IRL,10,3.38309001922607,13.2029495239258,1.93289212661981
2019,Ireland,IRL,10,3.20876502990722,13.19926404953,1.90685482438851
2020,Ireland,IRL,10,3.03444004058837,13.1955785751343,1.88081752215721
2016,Israel,ISR,15,5.8632698059082,15.4365997314453,2.73687370153846
2017,Israel,ISR,15,6.10272979736328,15.7010803222656,2.78922152497832
2018,Israel,ISR,15,6.1648998260498,15.5212202072144,2.78692667516563
2019,Israel,ISR,15,6.3157148361206,15.5635304450989,2.81195316197922
2020,Israel,ISR,15,6.4665298461914,15.6058406829835,2.83697964879281
2016,Italy,ITA,12,3.81578993797302,7.77489995956421,1.76762380143677
2017,Italy,ITA,12,4.04493999481201,8.29518032073975,1.83479628942633
2018,Italy,ITA,12,4.2557201385498,8.79574012756348,1.89798932766509
2019,Italy,ITA,12,4.47568523883819,9.30616021156311,1.96317209077925
2020,Italy,ITA,12,4.69565033912658,9.81658029556275,2.0283548538934
2016,Jamaica,JAM,6,5.31461000442505,19.1451206207275,2.36330250676597
2017,Jamaica,JAM,6,5.26016998291016,18.4025402069092,2.3077793961007
2018,Jamaica,JAM,6,5.41380977630615,18.5839996337891,2.34211834441636
2019,Jamaica,JAM,6,5.16364002227783,17.3139896392822,2.22391229058031
2020,Jamaica,JAM,6,5.40337991714478,16.7036126454671,2.22038095358309
2016,Jordan,JOR,10,3.45282006263733,12.1501598358154,1.87591887871973
2017,Jordan,JOR,10,3.22853994369507,11.1960496902466,1.78173694000294
2018,Jordan,JOR,10,2.98481011390686,9.82532024383545,1.65804610325391
2019,Jordan,JOR,10,2.98847007751465,9.85974979400635,1.66078853680486
2020,Jordan,JOR,10,2.83368674914042,9.09627978007,1.58907842283324
2016,Kazakhstan,KAZ,9,2.97810006141663,13.8440999984741,1.85510841018819
2017,Kazakhstan,KAZ,9,2.75081992149353,11.4199104309082,1.66651548130646
2018,Kazakhstan,KAZ,9,2.61595010757446,13.8801803588867,1.80381307558226
2019,Kazakhstan,KAZ,9,2.8569700717926,14.1095304489136,1.85414626033295
2020,Kazakhstan,KAZ,9,2.81659340858459,14.1980072657267,1.85382554371454
2016,Kenya,KEN,12,5.36266994476318,17.3545703887939,2.60890566332605
2017,Kenya,KEN,12,5.36668014526367,17.7087001800537,2.63213506204997
2018,Kenya,KEN,12,5.30625009536743,19.0351905822754,2.70797964919803
2019,Kenya,KEN,12,4.97439002990723,19.8755006790161,2.71257358278587
2020,Kenya,KEN,12,5.07996988296509,20.7158107757569,2.78191271349382
2016,Kiribati,KIR,9,10.0935897827148,12.8880500793457,2.84715703020297
2017,Kiribati,KIR,9,10.8631601333618,12.5488796234131,2.9393809799108
2018,Kiribati,KIR,9,11.9682903289795,15.1397199630737,3.26855618183165
2019,Kiribati,KIR,9,12.3946599960327,12.3946599960327,3.15619961173663
2020,Kiribati,KIR,9,13.161683400472,20.1776103973389,3.76720969486328
2016,Kuwait,KWT,9,5.84771013259888,10.51535987854,2.06706562941595
2017,Kuwait,KWT,9,6.3654899597168,11.137809753418,2.18348866085234
2018,Kuwait,KWT,9,6.38917016983032,11.7543096542358,2.22640000989208
2019,Kuwait,KWT,9,6.49243021011353,12.8262996673584,2.31020468530076
2020,Kuwait,KWT,9,6.55125999450684,11.912670135498,2.26051316535761
2016,Kyrgyz Republic,KGZ,10,6.58615016937256,16.920919418335,2.64462629747661
2017,Kyrgyz Republic,KGZ,10,6.02618980407715,16.2781391143799,2.5206606382192
2018,Kyrgyz Republic,KGZ,10,5.55267000198364,16.7959003448486,2.48367039659546
2019,Kyrgyz Republic,KGZ,10,5.36674976348877,16.472749710083,2.4354967885319
2020,Kyrgyz Republic,KGZ,10,4.9602829615275,16.3233598073323,2.365786952217
2016,Late-demographic dividend,LTE,10,4.38085985183716,13.4036402702332,2.09339947081586
2017,Late-demographic dividend,LTE,10,4.22944498062134,12.9533596038818,2.04220687281062
2018,Late-demographic dividend,LTE,10,4.44910001754761,13.0772247314453,2.08263528694549
2019,Late-demographic dividend,LTE,10,4.06197023391724,14.0295696258545,2.08621001040167
2020,Late-demographic dividend,LTE,10,3.9556736946106,14.2382127443949,2.08381352359693
2016,Latin America & Caribbean,LCN,13,4.36275005340576,17.0281496047973,2.49886700001105
2017,Latin America & Caribbean,LCN,13,4.42176485061646,17.577299118042,2.54270318518965
2018,Latin America & Caribbean,LCN,13,4.25442981719971,16.1483592987061,2.42659870590005
2019,Latin America & Caribbean,LCN,13,4.04276990890503,14.6086902618408,2.29685595818553
2020,Latin America & Caribbean,LCN,13,3.93610986073812,13.8022038141886,2.22951894424369
2016,Latin America & Caribbean (excluding high income),LAC,13.5,4.36275005340576,17.9047145843506,2.58430848955747
2017,Latin America & Caribbean (excluding high income),LAC,13.5,4.43795490264892,17.577299118042,2.57451122894062
2018,Latin America & Caribbean (excluding high income),LAC,13.5,4.09145987033844,16.3631048202515,2.44561585315258
2019,Latin America & Caribbean (excluding high income),LAC,13.5,4.04276990890503,15.7252850532532,2.39764006878766
2020,Latin America & Caribbean (excluding high income),LAC,13.5,3.93610986073812,15.9588003158569,2.39677959796417
2016,Latin America & the Caribbean (IDA & IBRD countries),TLA,14,4.36275005340576,17.0281496047973,2.55769052942282
2017,Latin America & the Caribbean (IDA & IBRD countries),TLA,14,4.42176485061646,17.577299118042,2.60152671460142
2018,Latin America & the Caribbean (IDA & IBRD countries),TLA,14,4.25442981719971,16.1483592987061,2.48542223531182
2019,Latin America & the Caribbean (IDA & IBRD countries),TLA,14,4.04276990890503,14.6086902618408,2.3556794875973
2020,Latin America & the Caribbean (IDA & IBRD countries),TLA,14,3.93610986073812,15.9588003158569,2.42619136267006
2016,Latvia,LVA,11,4.65953016281128,12.89328956604,2.16084737394678
2017,Latvia,LVA,11,4.37029981613159,11.9676303863525,2.05887077009254
2018,Latvia,LVA,11,4.24517011642456,11.1475095748901,1.98792857133497
2019,Latvia,LVA,11,4.03799009323119,10.2746195793151,1.90146917002906
2020,Latvia,LVA,11,3.83081007003783,9.4017295837402,1.81500976872315
2016,Least developed countries: UN classification,LDC,8,2.93502998352051,13.1072101593018,1.74280836758036
2017,Least developed countries: UN classification,LDC,8,3.45445001125336,15.0576548576355,1.94435912554745
2018,Least developed countries: UN classification,LDC,8,3.29086494445801,14.6441402435303,1.89371529794336
2019,Least developed countries: UN classification,LDC,8,3.08948993682862,15.4126052856445,1.91302992926788
2020,Least developed countries: UN classification,LDC,8,3.14097658793132,16.1810703277588,1.96977044983038
2016,Lebanon,LBN,10,2.12392997741699,7.14896011352539,1.35955579842312
2017,Lebanon,LBN,10,2.13294005393982,7.14754009246826,1.36079860672855
2018,Lebanon,LBN,10,2.52447009086609,8.04745006561279,1.47627064081919
2019,Lebanon,LBN,10,2.59202003479004,8.14395046234131,1.49243693535499
2020,Lebanon,LBN,10,2.74805005391439,9.89828968048096,1.62766758184349
2016,Lesotho,LSO,7,7.76074981689453,13.9976396560669,2.4551524241374
2017,Lesotho,LSO,7,8.15688991546631,15.115309715271,2.58522593847046
2018,Lesotho,LSO,7,7.28535985946655,14.1297998428345,2.3932378991049
2019,Lesotho,LSO,7,7.80014991760254,13.1358604431152,2.40589938350787
2020,Lesotho,LSO,7,7.37501001358032,13.7912197113037,2.38486503717357
2016,Liberia,LBR,6,2.14812994003296,8.53608989715575,1.21650834880311
2017,Liberia,LBR,6,2.76128005981445,8.34193992614746,1.29485030046205
2018,Liberia,LBR,6,2.58412003517151,8.14778995513916,1.25621896294304
2019,Liberia,LBR,6,2.27039003372192,7.95363998413086,1.1973739922033
2020,Liberia,LBR,6,2.30928993225098,7.75949001312256,1.19072154303751
2016,Lithuania,LTU,10,4.004310131073,12.025239944458,1.94955972869685
2017,Lithuania,LTU,11,3.81220006942749,11.7656402587891,1.96335565264537
2018,Lithuania,LTU,11,3.89495992660522,11.742730140686,1.974140478463
2019,Lithuania,LTU,11,3.84028482437132,11.6014752388,1.9570190886402
2020,Lithuania,LTU,11,3.78560972213744,11.460220336914,1.93989769881739
2016,Low & middle income,LMY,9,3.80339503288269,15.0634803771973,2.05520214525044
2017,Low & middle income,LMY,9,3.92026996612549,15.68577003479,2.11227726371007
2018,Low & middle income,LMY,9,3.71429991722107,15.1350598335266,2.04659056891749
2019,Low & middle income,LMY,9,3.66319990158081,14.1593904495239,1.97666284544413
2020,Low & middle income,LMY,9,3.61646819114685,13.8580271402994,1.95048307884203
2016,Low income,LIC,9,2.82907497882843,13.4974398612976,1.81089291097794
2017,Low income,LIC,9,2.98144006729126,14.3444204330444,1.88758306828686
2018,Low income,LIC,9,3.19979000091553,15.8293504714966,2.01481710478429
2019,Low income,LIC,9,3.21377992630005,16.995305776596,2.09141519706923
2020,Low income,LIC,9,3.34201490879059,18.1612610816956,2.18492262576633
2016,Lower middle income,LMC,9,4.10197019577026,16.1110401153564,2.16635371003297
2017,Lower middle income,LMC,9,4.37884497642517,16.0652093887329,2.20440428188166
2018,Lower middle income,LMC,9,3.97974491119385,15.735710144043,2.12427226574951
2019,Lower middle income,LMC,9,3.7992000579834,14.2790751457214,2.00444234355646
2020,Lower middle income,LMC,9,3.69827667872111,13.668420155843,1.95047188806429
2016,Luxembourg,LUX,12,3.47292017936706,8.26754951477049,1.74836585812259
2017,Luxembourg,LUX,12,3.56959009170532,8.47449970245361,1.77590209194327
2018,Luxembourg,LUX,12,3.66626000404358,8.68144989013672,1.80343832576394
2019,Luxembourg,LUX,12,3.76292991638184,8.88840007781983,1.83097455958461
2020,Luxembourg,LUX,12,3.8595998287201,9.09535026550294,1.85851079340529
2016,"Macao SAR, China",MAC,10,3.09854006767273,13.8348398208618,1.93116627910426
2017,"Macao SAR, China",MAC,10,2.70557999610901,14.1025695800781,1.89011770706727
2018,"Macao SAR, China",MAC,10,2.72788000106812,15.1596899032593,1.96098907509002
2019,"Macao SAR, China",MAC,10,3.06146001815796,16.5979499816895,2.10229511369745
2020,"Macao SAR, China",MAC,10,3.04910000165303,17.5189867019654,2.15933805856185
2016,Madagascar,MDG,5,2.68719005584717,19.8381805419922,1.95989641002632
2017,Madagascar,MDG,5,2.8364200592041,15.8376998901367,1.72627453088864
2018,Madagascar,MDG,5,2.87452006340027,19.8180408477783,1.98633568013863
2019,Madagascar,MDG,5,2.94490003585815,16.4410991668701,1.78089965080434
2020,Madagascar,MDG,5,3.03080336252847,14.3206396102905,1.65807511796517
2016,Malawi,MWI,8,4.74856996536255,17.1988105773926,2.27276289583435
2017,Malawi,MWI,8,4.03133010864258,14.3444204330444,1.98415307934581
2018,Malawi,MWI,8,3.38193988800049,15.8293504714966,1.98295346139453
2019,Malawi,MWI,8,3.71131992340088,14.5902395248413,1.95250125027218
2020,Malawi,MWI,8,2.90761995315552,11.4976501464844,1.63586891759041
2016,Malaysia,MYS,6,4.75192022323608,20.9357204437256,2.39447366932466
2017,Malaysia,MYS,6,4.6753101348877,21.3158206939697,2.4074305342558
2018,Malaysia,MYS,6,4.47959995269775,19.6432590484619,2.27155404635167
2019,Malaysia,MYS,6,4.16339015960693,17.6856002807617,2.09961918194302
2020,Malaysia,MYS,6,3.96721347173054,16.7574691772461,2.01125738495469
2016,Maldives,MDV,7,3.68701004981995,10.1574201583862,1.60673537928485
2017,Maldives,MDV,7,3.88747000694275,11.3538103103638,1.71287816408096
2018,Maldives,MDV,7,3.91248989105225,11.3899002075195,1.7188881943329
2019,Maldives,MDV,7,4.12159013748169,12.0559501647949,1.79241066421153
2020,Maldives,MDV,7,4.26645016670227,10.5050401687622,1.71471768183852
2016,Mali,MLI,9,3.09477996826172,13.9038801193237,1.87619925139782
2017,Mali,MLI,9,3.78976988792419,16.534330368042,2.14720170993404
2018,Mali,MLI,9,3.88252997398376,15.8884201049805,2.11964471321067
2019,Mali,MLI,9,3.43867993354797,14.6360197067261,1.97389776565879
2020,Mali,MLI,9,3.55331325531005,14.4661197662354,1.98000462449784
2016,Malta,MLT,11,5.08445978164673,14.1685495376587,2.30525509811433
2017,Malta,MLT,11,4.65162992477417,13.3727102279663,2.19032246476469
2018,Malta,MLT,11,4.2188000679016,12.5768709182739,2.07538983141505
2019,Malta,MLT,11,3.78597021102904,11.7810316085815,1.96045719806541
2020,Malta,MLT,11,3.35314035415648,10.985192298889,1.84552456471577
2016,Marshall Islands,MHL,13,9.61128997802734,24.6583995819092,3.76342286390353
2017,Marshall Islands,MHL,13,9.61128997802734,12.5202102661133,2.98755407688799
2018,Marshall Islands,MHL,13,9.61128997802734,15.0780096054077,3.15104771001373
2019,Marshall Islands,MHL,13,9.61128997802734,15.0427398681641,3.14879328082816
2020,Marshall Islands,MHL,13,9.61128997802734,16.1667194366455,3.22063765907435
2016,Mauritania,MRT,9,1.94405996799469,9.33061027526855,1.41356013634047
2017,Mauritania,MRT,9,1.92969247698784,9.43422269821166,1.41805648295538
2018,Mauritania,MRT,9,1.91532498598099,9.53783512115478,1.42255282957029
2019,Mauritania,MRT,9,1.89373004436493,10.2280197143555,1.46347293251442
2020,Mauritania,MRT,9,1.88659000396729,9.74505996704102,1.43154552280011
2016,Mauritius,MUS,11,5.01359987258911,19.9624996185303,2.66511441820386
2017,Mauritius,MUS,11,5.02312994003296,20.3572006225586,2.69175410646939
2018,Mauritius,MUS,11,4.83458995819092,19.2743301391602,2.59463172668601
2019,Mauritius,MUS,11,4.71929979324341,18.676929473877,2.53938206437307
2020,Mauritius,MUS,11,4.60799980163574,16.1177597045898,2.35932739465676
2016,Mexico,MEX,14,4.90681982040405,17.9393291473389,2.69646021641006
2017,Mexico,MEX,14,4.51821994781494,17.577299118042,2.61580297064708
2018,Mexico,MEX,14,4.25442981719971,16.5778503417969,2.51287515155553
2019,Mexico,MEX,14,3.92823481559754,15.8971109390259,2.42108261912827
2020,Mexico,MEX,14,3.60203981399536,15.2163715362549,2.329290086701
2016,"Micronesia, Fed. Sts.",FSM,8,13.5126600265503,21.5847091674805,3.85027524495897
2017,"Micronesia, Fed. Sts.",FSM,8,12.4164199829102,19.1484508514404,3.53229669715479
2018,"Micronesia, Fed. Sts.",FSM,8,9.69705009460449,17.1252899169922,3.00048479852856
2019,"Micronesia, Fed. Sts.",FSM,8,7.78924512863158,18.1073093414307,2.78088216526803
2020,"Micronesia, Fed. Sts.",FSM,8,5.88144016265868,16.9481760660807,2.42441780537105
2016,Middle East & North Africa,MEA,9,4.2559700012207,11.1219046115875,1.87024333617999
2017,Middle East & North Africa,MEA,9,4.2559700012207,11.1960496902466,1.87498266350021
2018,Middle East & North Africa,MEA,9,4.2559700012207,11.2701947689056,1.87972199082043
2019,Middle East & North Africa,MEA,9,4.2559700012207,11.3443398475647,1.88446131814065
2020,Middle East & North Africa,MEA,9,4.2559700012207,11.4184849262237,1.88920064546087
2016,Middle East & North Africa (excluding high income),MNA,9,4.21789014339447,14.3728094100952,2.07240385127713
2017,Middle East & North Africa (excluding high income),MNA,9,4.21789014339447,13.6357445716858,2.02529092633829
2018,Middle East & North Africa (excluding high income),MNA,9,4.21789014339447,11.8001351356506,1.90795941753429
2019,Middle East & North Africa (excluding high income),MNA,9,4.21789014339447,12.1616148948669,1.9310650764606
2020,Middle East & North Africa (excluding high income),MNA,9,4.21789014339447,11.4245500564574,1.88395215152176
2016,Middle income,MIC,10,4.0267300605774,15.6049003601074,2.18168872115731
2017,Middle income,MIC,10,4.09102010726929,15.8756952285767,2.20851336169112
2018,Middle income,MIC,10,3.97974491119385,14.6950798034668,2.11657907021419
2019,Middle income,MIC,10,3.85898005962372,14.1593904495239,2.06446366839518
2020,Middle income,MIC,10,3.80306339263916,13.6775538126627,2.0253886508078
2016,Moldova,MDA,9,5.60844993591309,18.6216297149658,2.54980279730439
2017,Moldova,MDA,12,5.6184401512146,18.4328308105469,2.71568407130129
2018,Moldova,MDA,12,5.43973016738892,17.5677299499512,2.63393638072434
2019,Moldova,MDA,12,6.10457992553711,19.4643802642822,2.85357358018346
2020,Moldova,MDA,12,6.26995658874511,19.7452971140543,2.89600697839806
2016,Monaco,MCO,11,1.37092995643616,6.59654998779297,1.27161842497648
2017,Monaco,MCO,11,1.45792996883392,6.98062992095947,1.30904549417302
2018,Monaco,MCO,11,1.22541666030884,5.55169677734375,1.18329444759188
2019,Monaco,MCO,11,1.15266001224518,5.02927017211914,1.13913245889958
2020,Monaco,MCO,11,1.07990336418152,4.50684356689452,1.09497047020728
2016,Mongolia,MNG,12,5.18061017990112,13.0631103515625,2.30765050174721
2017,Mongolia,MNG,12,4.08859014511108,12.6456203460693,2.11933551427102
2018,Mongolia,MNG,12,6.17301988601685,20.4833507537842,2.92883556900302
2019,Mongolia,MNG,12,4.94088983535767,16.5341796875,2.49403917958812
2020,Mongolia,MNG,12,4.86098305384318,16.4238300323486,2.4751587178556
2016,Myanmar,MMR,5,1.89999997615814,9.68389987945557,1.19432687513042
2017,Myanmar,MMR,5,2.08768010139465,9.92768001556396,1.23768762855658
2018,Myanmar,MMR,5,1.92288994789124,10.3891096115112,1.24279156267931
2019,Myanmar,MMR,5,1.97421002388,10.5641298294067,1.26157464436514
2020,Myanmar,MMR,5,1.99894670645395,10.8575398127237,1.28399056744337
2016,Namibia,NAM,7,10.6520299911499,23.9391994476318,3.51854991885035
2017,Namibia,NAM,7,9.75998020172119,24.6740303039551,3.43348834074216
2018,Namibia,NAM,7,8.98805046081543,23.3243007659912,3.23296128629928
2019,Namibia,NAM,7,9.48040962219238,26.3903999328613,3.50181902387037
2020,Namibia,NAM,7,9.40958976745605,24.9413795471191,3.39871615051339
2016,Nepal,NPL,9,3.90320992469788,19.1284999847412,2.3298103042626
2017,Nepal,NPL,9,4.76722002029419,17.0963897705078,2.32780010580425
2018,Nepal,NPL,9,4.43445014953613,14.1018695831299,2.08713837824723
2019,Nepal,NPL,9,4.70007026195525,11.5885543823242,1.96580241523955
2020,Nepal,NPL,9,4.96569037437438,9.0752391815186,1.84446645223186
2016,Netherlands,NLD,13,5.47959995269775,12.8068599700928,2.39434787832949
2017,Netherlands,NLD,13,5.17509984970093,12.4232597351074,2.3247594246767
2018,Netherlands,NLD,13,5.35764980316162,12.9115495681763,2.38298983845725
2019,Netherlands,NLD,13,5.29667472839355,12.963894367218,2.37731081852113
2020,Netherlands,NLD,13,5.23569965362549,13.0162391662598,2.37163179858501
2016,New Zealand,NZL,10,6.411789894104,16.8316993713379,2.61311643283231
2017,New Zealand,NZL,10,6.25973987579346,16.6426391601563,2.57852694663427
2018,New Zealand,NZL,10,6.04850006103516,16.0829601287842,2.51148699277117
2019,New Zealand,NZL,10,5.86685514450074,15.7085905075073,2.46067227274059
2020,New Zealand,NZL,10,5.68521022796631,15.3342208862305,2.40985755271002
2016,Nicaragua,NIC,7,4.08114004135132,21.3254795074463,2.37892872349065
2017,Nicaragua,NIC,7,4.35768985748291,22.4333000183105,2.49067217843334
2018,Nicaragua,NIC,7,3.56255006790161,23.5411205291747,2.44379555359792
2019,Nicaragua,NIC,7,3.44283008575439,24.6489410400389,2.49688737407333
2020,Nicaragua,NIC,7,3.23006010055541,25.7567615509031,2.53620692426756
2016,Norway,NOR,10,8.03055000305176,15.8395099639893,2.78928766354109
2017,Norway,NOR,10,7.91198015213013,15.9385099411011,2.77806626089365
2018,Norway,NOR,10,7.64411020278931,15.6263704299927,2.71846715670763
2019,Norway,NOR,10,7.45089030265808,15.5198006629944,2.68305690329091
2020,Norway,NOR,10,7.25767040252686,15.4132308959961,2.64764664987418
2016,OECD members,OED,10,5.0204598903656,13.1083097457886,2.16918883235429
2017,OECD members,OED,10.5,4.95393490791321,12.3507099151611,2.14032876337232
2018,OECD members,OED,10.5,4.8984899520874,12.2238397598267,2.12401289595581
2019,OECD members,OED,10.5,4.8375049829483,11.7816047668457,2.08671904540363
2020,OECD members,OED,11,4.7765200138092,11.3393697738647,2.07883695955733
2016,Oman,OMN,10,6.05367994308472,13.998459815979,2.37901313772724
2017,Oman,OMN,10,5.84018993377686,13.5500898361206,2.3187549694151
2018,Oman,OMN,10,5.20723009109497,12.6978998184204,2.17059930994077
2019,Oman,OMN,10,5.41320991516113,12.4210195541382,2.1833881603988
2020,Oman,OMN,10,5.19971990585326,12.2049798965454,2.13798046447866
2016,Other small states,OSS,9,5.41466999053955,13.5529747009278,2.19713491019512
2017,Other small states,OSS,9,5.02312994003296,15.115309715271,2.23904722660547
2018,Other small states,OSS,9,5.4590151309967,14.4124398231506,2.25863511350135
2019,Other small states,OSS,9,4.71929979324341,14.842172384262,2.17661868266051
2020,Other small states,OSS,9,4.48750972747803,15.2719049453733,2.16977994014897
2016,Pakistan,PAK,12,3.00291991233826,15.0634803771973,2.11319493282004
2017,Pakistan,PAK,12,2.89951992034912,14.5447797775269,2.06473560773646
2018,Pakistan,PAK,12,2.67267330487569,12.7489465077718,1.91637115782766
2019,Pakistan,PAK,12,2.50755000114441,11.5916795730591,1.81795927033146
2020,Pakistan,PAK,12,2.34242669741312,10.4344126383463,1.71954738283527
2016,Panama,PAN,11,2.84608006477356,7.46639013290405,1.54555430647447
2017,Panama,PAN,11,2.88224005699158,8.68187046051025,1.62859939789618
2018,Panama,PAN,11,2.8829300403595,8.6810998916626,1.62865226739517
2019,Panama,PAN,11,3.12736010551453,10.0902700424194,1.75490386181046
2020,Panama,PAN,11,3.22112011909485,10.2431802749634,1.77855518850912
2016,Paraguay,PRY,13,2.8996798992157,12.0608965555827,1.9648138745842
2017,Paraguay,PRY,13,3.08968997001648,11.5065898895264,1.95750605435888
2018,Paraguay,PRY,13,3.28320002555847,11.9658002853394,2.01549991831221
2019,Paraguay,PRY,13,3.46971011161804,11.9479503631592,2.041964193801
2020,Paraguay,PRY,13,3.65972018241882,9.84366989135742,1.93558259368294
2016,Peru,PER,14,3.81316995620728,17.8701000213623,2.53016471173655
2017,Peru,PER,14,3.93130993843079,18.2359199523926,2.5710336146562
2018,Peru,PER,14,3.71429991722107,17.1314105987549,2.46831425394275
2019,Peru,PER,14,3.81996011734009,17.7628707885742,2.52431566425581
2020,Peru,PER,14,4.24667978286743,15.9588003158569,2.4721586143465
2016,Philippines,PHL,11,3.5699999332428,16.9880104064941,2.26131982936955
2017,Philippines,PHL,11,4.40000009536743,17.1704807281494,2.39583105089809
2018,Philippines,PHL,13,3.1331000328064,15.3999996185303,2.21279652839442
2019,Philippines,PHL,13,3.23436999320984,17.4832401275635,2.36094542899883
2020,Philippines,PHL,13,3.12249334653218,14.2337398529053,2.13667972611467
2016,Poland,POL,10,4.63339996337891,11.2839498519897,1.99528790290655
2017,Poland,POL,10,4.5584602355957,11.0591897964478,1.96982953905095
2018,Poland,POL,10,4.61579990386963,11.1235504150391,1.9824302540435
2019,Poland,POL,10,4.60699987411499,11.0433506965638,1.97600142961197
2020,Poland,POL,10,4.59819984436035,10.9631509780885,1.96957260518045
2016,Portugal,PRT,12,5.35606050491334,11.2988004684449,2.22084472346787
2017,Portugal,PRT,12,5.0156102180481,11.0554304122925,2.15489877019469
2018,Portugal,PRT,12,4.67515993118286,10.8120603561401,2.08895281692151
2019,Portugal,PRT,12,4.33470964431762,10.5686902999877,2.02300686364833
2020,Portugal,PRT,12,3.99425935745238,10.3253202438352,1.95706091037515
2016,Post-demographic dividend,PST,10,4.97816491127015,12.3327150344848,2.11335303922829
2017,Post-demographic dividend,PST,10,4.91715502738952,12.0727796554566,2.08770802819472
2018,Post-demographic dividend,PST,10,4.99274015426636,11.7516202926636,2.07836694015633
2019,Post-demographic dividend,PST,10,5.00002777576446,11.461072921753,2.06087389062034
2020,Post-demographic dividend,PST,10,5.00731539726257,11.1705255508424,2.04338084108436
2016,Pre-demographic dividend,PRE,8.5,2.97095990180969,13.0909996032715,1.77650192303173
2017,Pre-demographic dividend,PRE,8.5,3.63261497020722,15.342885017395,2.01837278103864
2018,Pre-demographic dividend,PRE,8.5,3.23993992805481,16.1141948699952,2.0095550582695
2019,Pre-demographic dividend,PRE,8.5,3.32622992992401,14.2137899398804,1.90085357121328
2020,Pre-demographic dividend,PRE,8.5,3.44465327262878,12.3780202865601,1.80103958311613
2016,Qatar,QAT,9,2.89316987991332,8.3080800374349,1.48867750281142
2017,Qatar,QAT,9,2.96745991706848,8.56085014343262,1.51583009894313
2018,Qatar,QAT,9,3.04174995422363,8.81362024943034,1.54298269507483
2019,Qatar,QAT,9,2.81228995323181,8.63648986816406,1.49769835834052
2020,Qatar,QAT,9,3.19033002853394,9.31916046142578,1.59728788733824
2016,Romania,ROU,10,2.97989010810852,9.51058959960938,1.63720042444639
2017,Romania,ROU,10,3.09539008140564,10.0526504516602,1.68894383898058
2018,Romania,ROU,10,3.34474992752075,10.4609603881836,1.75195045458651
2019,Romania,ROU,10,3.52717983722686,10.9361457824707,1.80932546965656
2020,Romania,ROU,10,3.70960974693298,11.4113311767578,1.86670048472662
2016,Russian Federation,RUS,11,3.76044011116028,10.9852800369263,1.9058143443666
2017,Russian Federation,RUS,11,4.68990993499756,13.4650802612305,2.20189252411979
2018,Russian Federation,RUS,11,4.67819976806641,14.3410797119141,2.25615288638189
2019,Russian Federation,RUS,11,5.13707959651947,16.018979549408,2.43132215738954
2020,Russian Federation,RUS,11,5.59595942497254,17.6968793869018,2.60649142839718
2016,Rwanda,RWA,6,3.4367299079895,12.2783899307251,1.64643969028912
2017,Rwanda,RWA,6,3.12646007537842,11.0796098709106,1.52389125535285
2018,Rwanda,RWA,6,3.07375001907349,10.8046102523804,1.49851179550249
2019,Rwanda,RWA,6,3.35545992851257,10.761830329895,1.53747301793619
2020,Rwanda,RWA,6,3.4072699546814,10.7831897735596,1.54650667424629
2016,Samoa,WSM,8,4.1622200012207,13.0389003753662,1.92007762461107
2017,Samoa,WSM,8,4.18315982818604,13.2124004364014,1.93426697755624
2018,Samoa,WSM,8,4.53214979171753,14.8470296859741,2.09040568056362
2019,Samoa,WSM,8,4.70625019073486,15.5964698791504,2.16407812036314
2020,Samoa,WSM,8,4.80916023254395,16.2149906158447,2.21884539625034
2016,San Marino,SMR,10,3.36510515213012,12.1254549026489,1.86135712137846
2017,San Marino,SMR,10,3.36997008323669,13.1036100387573,1.92460050853553
2018,San Marino,SMR,10,3.55516004562378,14.4863300323486,2.0403933292334
2019,San Marino,SMR,10,3.37969994544983,15.0599203109741,2.05108728284967
2020,San Marino,SMR,10,3.3845648765564,16.0380754470824,2.11433067000673
2016,Sao Tome and Principe,STP,6,5.17303991317749,15.9666795730591,2.13918397727984
2017,Sao Tome and Principe,STP,6,5.03636980056763,18.3999996185303,2.27449248351986
2018,Sao Tome and Principe,STP,6,5.23510980606079,20.1165409088135,2.41362857700369
2019,Sao Tome and Principe,STP,6,5.92154979705811,17.5924491882324,2.35388905849177
2020,Sao Tome and Principe,STP,6,6.17105309168498,16.125940322876,2.29707914815585
2016,Senegal,SEN,11,5.11309003829956,21.3373699188232,2.767721118242
2017,Senegal,SEN,11,4.62496995925903,20.5892601013184,2.64765586749395
2018,Senegal,SEN,11,4.85822010040283,21.5420207977295,2.74307919703315
2019,Senegal,SEN,11,5.28719997406006,18.3122692108154,2.60012764424105
2020,Senegal,SEN,11,5.34523661931356,22.062780380249,2.84844896359932
2016,Serbia,SRB,8,3.63470005989075,8.69299030303955,1.56421070048973
2017,Serbia,SRB,8,3.71016001701355,9.25646018981934,1.61139627629828
2018,Serbia,SRB,8,3.58231997489929,8.80428028106689,1.56357157447156
2019,Serbia,SRB,8,3.61922001838684,8.60459995269775,1.55626962956985
2020,Serbia,SRB,8,3.6140600045522,8.57513650258381,1.55362260592988
2016,Seychelles,SYC,10,4.42102003097534,11.7234296798706,1.99194508343783
2017,Seychelles,SYC,10,3.67728996276855,10.2598304748535,1.78831333514164
2018,Seychelles,SYC,10,4.49883985519409,11.8271799087524,2.01009482297835
2019,Seychelles,SYC,10,3.91458988189697,11.1305599212646,1.87909266106432
2020,Seychelles,SYC,10,3.74577983220418,9.16800975799561,1.72866168028596
2016,Sierra Leone,SLE,9,3.06023001670837,12.4735803604126,1.77966127863745
2017,Sierra Leone,SLE,9,4.63576984405518,19.894100189209,2.48717291577221
2018,Sierra Leone,SLE,9,6.98963022232056,32.7278289794922,3.65589368090856
2019,Sierra Leone,SLE,9,7.36542987823486,35.0058288574219,3.85712449302857
2020,Sierra Leone,SLE,9,9.26146984100342,34.3272514343262,4.09438170171491
2016,Slovak Republic,SVK,10,3.9110701084137,9.16841983795166,1.7531523984615
2017,Slovak Republic,SVK,10,3.94063997268677,9.5190896987915,1.77994370882083
2018,Slovak Republic,SVK,10,3.975830078125,9.51360988616943,1.7848019056888
2019,Slovak Republic,SVK,10,4.00821006298065,9.68620491027831,1.80062665930246
2020,Slovak Republic,SVK,10,4.0405900478363,9.8587999343872,1.81645141291611
2016,Slovenia,SVN,9,4.79266977310181,10.3819599151611,1.90238291502768
2017,Slovenia,SVN,9,4.78077983856201,10.8470802307129,1.93035342036271
2018,Slovenia,SVN,9,4.93603992462158,11.3399696350098,1.98483868163608
2019,Slovenia,SVN,9,5.00772500038146,11.8189744949341,2.02606656494028
2020,Slovenia,SVN,9,5.07941007614135,12.2979793548584,2.06729444824448
2016,Small states,SST,9,5.31461000442505,13.5529747009278,2.18232509689147
2017,Small states,SST,9,5.02312994003296,15.115309715271,2.23904722660547
2018,Small states,SST,9,5.32633996009826,14.4124398231506,2.23899794796359
2019,Small states,SST,9,4.71929979324341,14.756055355072,2.17111411247786
2020,Small states,SST,9,4.52086305618286,15.1570822397867,2.16737711767333
2016,South Africa,ZAF,9,5.94285011291504,18.0487403869629,2.56267826534425
2017,South Africa,ZAF,9,6.11305999755859,18.7192897796631,2.63073220046028
2018,South Africa,ZAF,9,6.15898990631104,18.90159034729,2.64918284439927
2019,South Africa,ZAF,9,6.50505018234253,19.5962295532227,2.74480409366601
2020,South Africa,ZAF,9,6.83613014221191,19.5272808074951,2.78939984310644
2016,South Asia,SAS,9,3.45008993148804,14.0772399902344,1.93986954929145
2017,South Asia,SAS,9,3.13641500473023,14.5447797775269,1.92332770647999
2018,South Asia,SAS,9,3.19979000091553,11.6887702941894,1.75015267781516
2019,South Asia,SAS,9,2.50755000114441,11.3437700271606,1.62564239121524
2020,South Asia,SAS,9,2.1933700243632,10.4326133728026,1.52090000518984
2016,South Asia (IDA & IBRD),TSA,9,3.45008993148804,14.0772399902344,1.93986954929145
2017,South Asia (IDA & IBRD),TSA,9,3.13641500473023,14.5447797775269,1.92332770647999
2018,South Asia (IDA & IBRD),TSA,9,3.19979000091553,11.6887702941894,1.75015267781516
2019,South Asia (IDA & IBRD),TSA,9,2.50755000114441,11.3437700271606,1.62564239121524
2020,South Asia (IDA & IBRD),TSA,9,2.1933700243632,10.4326133728026,1.52090000518984
2016,South Sudan,SSD,8,1.54390001296997,0.833360016345978,0.752367948365007
2017,South Sudan,SSD,8,1.54390001296997,1.07369995117188,0.767730392371553
2018,South Sudan,SSD,8,1.54390001296997,0.867030024528503,0.754520123432287
2019,South Sudan,SSD,8,1.54390001296997,0.883865028619765,0.755596210965927
2020,South Sudan,SSD,8,1.54390001296997,0.900700032711027,0.756672298499567
2016,Spain,ESP,10,4.22764015197754,9.96103954315186,1.85067169666161
2017,Spain,ESP,10,4.20777988433838,10.2134895324707,1.86386870582323
2018,Spain,ESP,10,4.17816019058228,10.0303297042847,1.84777720253888
2019,Spain,ESP,10,4.15342020988465,10.0649747848511,1.84632995547752
2020,Spain,ESP,10,4.12868022918702,10.0996198654175,1.84488270841615
2016,Sri Lanka,LKA,11,3.44919991493225,17.728759765625,2.29078873562946
2017,Sri Lanka,LKA,11,2.79924988746643,14.4997596740723,1.98819350697531
2018,Sri Lanka,LKA,11,2.13539004325867,11.3309001922607,1.68738366201285
2019,Sri Lanka,LKA,11,1.47848510742188,8.13197040557855,1.38568112520455
2020,Sri Lanka,LKA,11,0.82158017158509,4.93304061889639,1.08397858839625
2016,St. Lucia,LCA,10,5.20828008651733,21.975700378418,2.76378846401206
2017,St. Lucia,LCA,10,3.63348007202148,14.0997400283813,2.02727472834519
2018,St. Lucia,LCA,10,3.33179998397827,14.3067197799683,1.99585332805604
2019,St. Lucia,LCA,10,3.26487994194031,14.0843200683594,1.97173282501168
2020,St. Lucia,LCA,10,3.56905007362366,14.3227195739746,2.03199126033167
2016,St. Vincent and the Grenadines,VCT,12,5.73339986801147,20.1484107971191,2.84235845268693
2017,St. Vincent and the Grenadines,VCT,12,5.7319598197937,18.9782791137695,2.76735090691148
2018,St. Vincent and the Grenadines,VCT,12,5.69377994537354,19.0126399993896,2.76389626430243
2019,St. Vincent and the Grenadines,VCT,12,5.67396998405457,18.4447546005248,2.72466517011019
2020,St. Vincent and the Grenadines,VCT,12,5.6541600227356,17.87686920166,2.68543407591794
2016,Sub-Saharan Africa,SSF,8,3.56160998344421,15.3471603393555,1.97872489161297
2017,Sub-Saharan Africa,SSF,8,3.78976988792419,16.2105941772461,2.06768507719928
2018,Sub-Saharan Africa,SSF,8,3.64186000823975,16.8023643493652,2.08361877337758
2019,Sub-Saharan Africa,SSF,8,3.53498005867004,14.5902395248413,1.92640130187055
2020,Sub-Saharan Africa,SSF,8,3.52610341707865,14.0559296607971,1.89093457756568
2016,Sub-Saharan Africa (IDA & IBRD countries),TSS,8,3.56160998344421,15.3471603393555,1.97872489161297
2017,Sub-Saharan Africa (IDA & IBRD countries),TSS,8,3.78976988792419,16.2105941772461,2.06768507719928
2018,Sub-Saharan Africa (IDA & IBRD countries),TSS,8,3.64186000823975,16.8023643493652,2.08361877337758
2019,Sub-Saharan Africa (IDA & IBRD countries),TSS,8,3.53498005867004,14.5902395248413,1.92640130187055
2020,Sub-Saharan Africa (IDA & IBRD countries),TSS,8,3.52610341707865,14.0559296607971,1.89093457756568
2016,Sub-Saharan Africa (excluding high income),SSA,8,3.56160998344421,15.3471603393555,1.97872489161297
2017,Sub-Saharan Africa (excluding high income),SSA,8,3.78976988792419,16.2105941772461,2.06768507719928
2018,Sub-Saharan Africa (excluding high income),SSA,8,3.64186000823975,16.8023643493652,2.08361877337758
2019,Sub-Saharan Africa (excluding high income),SSA,8,3.53498005867004,14.5902395248413,1.92640130187055
2020,Sub-Saharan Africa (excluding high income),SSA,8,3.52610341707865,14.0559296607971,1.89093457756568
2016,Suriname,SUR,6,5.980299949646,16.0754203796387,2.26561668299475
2017,Suriname,SUR,6,6.10751008987427,17.323579788208,2.36422688280523
2018,Suriname,SUR,6,5.68860006332397,14.7241697311401,2.13607090735938
2019,Suriname,SUR,6,7.23706007003784,15.2769899368286,2.40059353621641
2020,Suriname,SUR,6,7.65598011016845,13.9423503875732,2.37728792817121
2016,Sweden,SWE,9,7.61861991882324,15.6189098358154,2.65539394843342
2017,Sweden,SWE,9,7.56883001327515,15.6861000061035,2.65231934900336
2018,Sweden,SWE,9,7.64084005355835,15.6670198440552,2.66175791087397
2019,Sweden,SWE,10,7.6519501209259,15.6910748481751,2.72376342150601
2020,Sweden,SWE,10,7.66306018829345,15.715129852295,2.72694540272628
2016,Switzerland,CHE,11,4.92645978927612,15.3612403869629,2.35810600138482
2017,Switzerland,CHE,11,4.9515700340271,15.4618196487427,2.36825154333542
2018,Switzerland,CHE,11,4.86093997955322,15.5266599655151,2.35898201828217
2019,Switzerland,CHE,11,4.82818007469177,15.6093697547912,2.35942002673084
2020,Switzerland,CHE,11,4.79542016983032,15.6920795440673,2.35985803517951
2016,Tajikistan,TJK,9,5.76367998123169,17.0383605957031,2.47157629048989
2017,Tajikistan,TJK,9,5.83796977996826,18.141149520874,2.55306175494978
2018,Tajikistan,TJK,9,5.55836009979248,15.8886203765869,2.36769603874679
2019,Tajikistan,TJK,9,5.71290016174316,18.6575908660889,2.56756103124312
2020,Tajikistan,TJK,9,5.69597355524698,17.7720508575439,2.50845232971868
2016,Tanzania,TZA,7,4.10197019577026,28.2881393432618,2.82706254610622
2017,Tanzania,TZA,7,4.4305100440979,24.3965396881104,2.62693983517957
2018,Tanzania,TZA,7,3.69643998146057,20.504940032959,2.26954092417431
2019,Tanzania,TZA,7,3.53498005867004,16.6133403778075,1.9968936666143
2020,Tanzania,TZA,7,3.10434007644653,12.7217407226561,1.6844052439685
2016,Thailand,THA,9,3.63752007484436,17.3190498352051,2.1748263063989
2017,Thailand,THA,9,3.3557300567627,15.8385801315308,2.03848764739361
2018,Thailand,THA,9,3.05677008628845,14.4872903823853,1.90786481213701
2019,Thailand,THA,9,2.96898007392883,16.908245563507,2.0496176723689
2020,Thailand,THA,9,2.74613340695698,16.7713108062744,2.00788146102556
2016,Timor-Leste,TLS,9,8.07843017578125,7.24691009521484,2.18831488925562
2017,Timor-Leste,TLS,9,7.10610008239746,8.20582008361816,2.10569413492415
2018,Timor-Leste,TLS,9,6.83091020584106,7.88128995895386,2.04421960942814
2019,Timor-Leste,TLS,9,6.20715022087096,8.19847989082337,1.9721719695144
2020,Timor-Leste,TLS,9,5.58339023590087,8.51566982269288,1.90012432960066
2016,Togo,TGO,10,3.68649005889893,15.9913101196289,2.15602919611986
2017,Togo,TGO,10,3.7605299949646,23.1400394439697,2.6239320600116
2018,Togo,TGO,10,4.04394006729126,21.7690906524658,2.57824883600754
2019,Togo,TGO,10,4.96937990188599,24.6579809188842,2.89987943112539
2020,Togo,TGO,10,5.39700984954834,27.5468711853027,3.14782950946056
2016,Tonga,TON,15,3.19947004318238,4.8142595291138,1.66363019007158
2017,Tonga,TON,15,4.78619003295899,7.4927296638489,2.06968644906484
2018,Tonga,TON,15,6.3729100227356,10.171199798584,2.47574270805811
2019,Tonga,TON,15,7.95963001251221,11.9278001785278,2.82287337693016
2020,Tonga,TON,15,9.54635000228881,15.5281400680542,3.28785522604463
2016,Trinidad and Tobago,TTO,7,3.97192001342773,10.4340600967407,1.66658744468162
2017,Trinidad and Tobago,TTO,7,3.56126999855042,9.8869104385376,1.57083379023959
2018,Trinidad and Tobago,TTO,7,3.2862401008606,9.7717399597168,1.52276513795475
2019,Trinidad and Tobago,TTO,7,3.56123995780945,10.6207799911499,1.6177380273249
2020,Trinidad and Tobago,TTO,7,3.42434660593669,9.37712955474854,1.51798283358586
2016,Turkey,TUR,12,4.29460000991821,12.4066696166992,2.13455325355552
2017,Turkey,TUR,12,4.29460000991821,12.4066696166992,2.13455325355552
2018,Turkey,TUR,12,4.29460000991821,12.4066696166992,2.13455325355552
2019,Turkey,TUR,12,4.29460000991821,12.4066696166992,2.13455325355552
2020,Turkey,TUR,12,4.29460000991821,12.4066696166992,2.13455325355552
2016,Turkmenistan,TKM,12,3.12065005302429,23.0102500915527,2.63857481613772
2017,Turkmenistan,TKM,12,3.12065005302429,23.0102500915527,2.63857481613772
2018,Turkmenistan,TKM,12,3.12065005302429,23.0102500915527,2.63857481613772
2019,Turkmenistan,TKM,12,3.12065005302429,23.0102500915527,2.63857481613772
2020,Turkmenistan,TKM,12,3.12065005302429,23.0102500915527,2.63857481613772
2016,Turks and Caicos Islands,TCA,13,3.06549000740051,11.8375597000122,1.97507970741746
2017,Turks and Caicos Islands,TCA,13,2.97728991508484,12.0446901321411,1.97526497354983
2018,Turks and Caicos Islands,TCA,13,2.7437698841095,11.9410200119019,1.9340752684432
2019,Turks and Caicos Islands,TCA,13,3.48839998245239,12.1184597015381,2.05562936626713
2020,Turks and Caicos Islands,TCA,13,3.62936997413635,11.6221303939819,2.04476904824744
2016,Uganda,UGA,7,2.14710998535156,11.7420501708984,1.48010476721537
2017,Uganda,UGA,7,2.26336002349854,12.8418197631836,1.56760774465656
2018,Uganda,UGA,7,2.13052010536194,11.2471799850464,1.44601738186708
2019,Uganda,UGA,7,2.64981007575989,10.9997448921204,1.50706118778405
2020,Uganda,UGA,7,3.01393008232117,10.7523097991943,1.54513838852754
2016,Ukraine,UKR,11,5.00977993011475,12.3531198501587,2.17816015559863
2017,Ukraine,UKR,11,5.41226005554199,13.051420211792,2.28236608977077
2018,Ukraine,UKR,11,5.31947994232178,12.7508296966553,2.24942012582275
2019,Ukraine,UKR,11,5.43965005874634,13.1361598968506,2.29183659711696
2020,Ukraine,UKR,11,5.58294010162353,15.8142499923706,2.48422743884257
2016,United Arab Emirates,ARE,12,3.10269999504089,10.2676601409912,1.82141617698874
2017,United Arab Emirates,ARE,12,3.10269999504089,10.2676601409912,1.82141617698874
2018,United Arab Emirates,ARE,12,3.10269999504089,10.2676601409912,1.82141617698874
2019,United Arab Emirates,ARE,12,3.10269999504089,10.2676601409912,1.82141617698874
2020,United Arab Emirates,ARE,12,3.10269999504089,10.2676601409912,1.82141617698874
2016,United Kingdom,GBR,11,5.41894006729126,13.4486398696899,2.30874493461973
2017,United Kingdom,GBR,11,5.44418001174927,13.7612800598145,2.33246453320917
2018,United Kingdom,GBR,11,5.23890018463135,13.3440799713135,2.2754139170899
2019,United Kingdom,GBR,11,5.14888024330139,13.2918000221253,2.25874840832498
2020,United Kingdom,GBR,11,5.05886030197144,13.2395200729371,2.24208289956007
2016,Upper middle income,UMC,10,3.85050010681152,14.3856449127197,2.07767066172821
2017,Upper middle income,UMC,10,3.93130993843079,14.4669103622437,2.09482573113524
2018,Upper middle income,UMC,10,4.09145987033844,14.3410797119141,2.11048636727378
2019,Upper middle income,UMC,10,3.88286006450653,14.1593904495239,2.06799813234763
2020,Upper middle income,UMC,10,3.89364671707153,14.0839722951253,2.06477395588744
2016,Uruguay,URY,14,4.38085985183716,14.7141799926758,2.41246282605951
2017,Uruguay,URY,14,4.48583984375,14.9274196624756,2.44163105082194
2018,Uruguay,URY,14,4.66279983520508,15.1925497055054,2.48476980276964
2019,Uruguay,URY,14,4.68332004547119,15.0808000564575,2.48066398749322
2020,Uruguay,URY,14,4.78414011001586,16.3634796142578,2.5775747251924
2016,Uzbekistan,UZB,12,5.66772985458374,23.0903301239014,3.02068512428886
2017,Uzbekistan,UZB,12,5.2813401222229,22.5394592285156,2.92828435827349
2018,Uzbekistan,UZB,12,5.90000009536743,21.8129901885986,2.97341617228955
2019,Uzbekistan,UZB,12,7.00186014175415,21.1743202209472,3.09567819987365
2020,Uzbekistan,UZB,12,5.11241006851196,20.5356502532959,2.77519836704664
2016,"Venezuela, RB",VEN,14,1.19023001194,16.1861991882324,2.03431073247054
2017,"Venezuela, RB",VEN,17,1.34407997131348,23.8731307983398,2.72489851470619
2018,"Venezuela, RB",VEN,17,1.49792993068695,31.5600624084472,3.23901570870654
2019,"Venezuela, RB",VEN,17,1.65177989006043,39.2469940185546,3.7531329027069
2020,"Venezuela, RB",VEN,17,1.80562984943392,46.933925628662,4.26725009670725
2016,Vietnam,VNM,10,4.34481000900269,15.6049003601074,2.22876752692912
2017,Vietnam,VNM,10,4.08553981781006,15.0934200286865,2.15769947229611
2018,Vietnam,VNM,10,4.16744995117188,16.0908699035645,2.23357958251211
2019,Vietnam,VNM,10,4.06197023391724,14.0295696258545,2.08621001040167
2020,Vietnam,VNM,10,3.96769030888875,14.4071702957153,2.09639180202891
2016,West Bank and Gaza,PSE,10,4.98296022415161,16.9212608337402,2.40736102214945
2017,West Bank and Gaza,PSE,10,4.72153997421265,16.075439453125,2.3146037765856
2018,West Bank and Gaza,PSE,10,5.31887006759644,17.7886600494385,2.51252267149999
2019,West Bank and Gaza,PSE,10,5.48682498931885,17.7124500274658,2.53251025218436
2020,West Bank and Gaza,PSE,10,5.65477991104126,17.9761797587076,2.574226662196
2016,World,WLD,10,4.1648051738739,13.971489906311,2.09771810759175
2017,World,WLD,10,4.32823991775513,14.4997596740723,2.15567479501392
2018,World,WLD,10,4.2557201385498,13.8275651931762,2.10197475524963
2019,World,WLD,10,3.66319990158081,13.7556028366088,2.00967641281843
2020,World,WLD,10,3.49599814414978,13.6836404800414,1.98032918122732
2016,Zambia,ZMB,7,3.74792003631592,15.4029703140259,1.95104434557815
2017,Zambia,ZMB,7,3.72964000701904,14.8818302154541,1.9150276387619
2018,Zambia,ZMB,7,4.73973989486694,17.01243019104,2.20071906477776
2019,Zambia,ZMB,7,4.46517992019653,15.2918701171875,2.0501040278615
2020,Zambia,ZMB,7,4.70426654815673,12.3780202865601,1.89923882861585
2016,Zimbabwe,ZWE,7,5.47262001037598,23.5270805358887,2.72560632895188
2017,Zimbabwe,ZWE,7,5.3810601234436,20.8742008209229,2.5424834725266
2018,Zimbabwe,ZWE,7,3.58728003501892,19.0398406982422,2.15973559808575
2019,Zimbabwe,ZWE,7,2.64461004734039,16.7962207794189,1.87680023265268
2020,Zimbabwe,ZWE,7,1.70194005966186,14.5526008605957,1.59386486721962
