Year,Country_Name,Country_Code,Current_GDP,GDP_growth_annual,GDP_per_capita,Land_area,Weighted_gdp
2016,Afghanistan,AFG,18116562465,2.260314201,512.0127781,652860,10.87730982
2017,Afghanistan,AFG,18753469630,2.647003202,516.6798622,652860,12.43218218
2018,Afghanistan,AFG,18053228579,1.189228128,485.6684187,652860,6.551184265
2019,Afghanistan,AFG,18799450743,3.911603419,494.1793499,652860,17.45501227
2020,Afghanistan,AFG,20116137326,-2.351100673,516.7478708,652860,-7.558569529
2016,Africa Eastern and Southern,AFE,8.73355E+11,2.019390628,1431.778723,14807070.34,34.12943841
2017,Africa Eastern and Southern,AFE,9.85356E+11,2.542297932,1573.063386,14807044.03,36.57261343
2018,Africa Eastern and Southern,AFE,1.01285E+12,2.475271736,1574.978648,14807043.23,36.338941
2019,Africa Eastern and Southern,AFE,1.00991E+12,2.077897855,1530.059177,14807043.23,34.6749668
2020,Africa Eastern and Southern,AFE,9.20792E+11,-2.939185581,1359.618224,14807043.23,14.23501794
2016,Africa Western and Central,AFW,6.90543E+11,0.127594843,1673.835527,9045780,17.87023786
2017,Africa Western and Central,AFW,6.83742E+11,2.318041529,1613.473553,9045780,26.52869123
2018,Africa Western and Central,AFW,7.41692E+11,2.952230313,1704.139603,9045780,29.27516791
2019,Africa Western and Central,AFW,7.94572E+11,3.190336469,1777.918672,9045780,30.40478938
2020,Africa Western and Central,AFW,7.84588E+11,-0.884980919,1710.073363,9045780,13.98470331
2016,Albania,ALB,11861199831,3.314980684,4124.05539,27400,19.8449262
2017,Albania,ALB,13019689337,3.8022274,4531.019374,27400,22.43954989
2018,Albania,ALB,15156432310,4.019359686,5287.663694,27400,24.50845418
2019,Albania,ALB,15400242875,2.113419982,5395.659532,27400,17.05595505
2020,Albania,ALB,14887629268,-3.955397927,5246.292306,27400,-7.456383278
2016,Algeria,DZA,1.60034E+11,3.2,3946.452447,2381741,22.89629945
2017,Algeria,DZA,1.70097E+11,1.3,4109.698217,2381741,15.56624502
2018,Algeria,DZA,1.74911E+11,1.1,4142.018558,2381741,14.82291254
2019,Algeria,DZA,1.71767E+11,1,3989.668276,2381741,14.17811865
2020,Algeria,DZA,1.45009E+11,-5.1,3306.858208,2381741,-11.33347754
2016,American Samoa,ASM,671000000,-1.679389313,12038.2497,200,12.34272459
2017,American Samoa,ASM,612000000,-6.98757764,11003.82976,200,-10.52781129
2018,American Samoa,ASM,639000000,2.671118531,11521.60978,200,28.92676434
2019,American Samoa,ASM,648000000,-0.487804878,11715.36014,200,16.59783058
2020,American Samoa,ASM,709000000,3.921568627,12844.90099,200,36.02370688
2016,Andorra,AND,2896679212,3.70967807,37475.63506,470,74.17494988
2017,Andorra,AND,3000180750,0.34607189,38964.90448,470,63.07848574
2018,Andorra,AND,3218316013,1.58876549,41791.96984,470,72.52537803
2019,Andorra,AND,3155065488,2.015547638,40897.33087,470,72.81602334
2020,Andorra,AND,3310685365,-11.95269325,43432.71274,470,20.95730689
2016,Angola,AGO,1.01124E+11,-2.580049644,3506.073128,1246700,-2.735190212
2017,Angola,AGO,1.22124E+11,-0.147212941,4095.810057,1246700,7.95382171
2018,Angola,AGO,1.01353E+11,-2.003629727,3289.643995,1246700,-0.771903714
2019,Angola,AGO,89417190341,-0.624644318,2809.626088,1246700,3.970432984
2020,Angola,AGO,58375976293,-5.39998739,1776.166868,1246700,-16.80258158
2016,Antigua and Barbuda,ATG,1436585185,5.496459204,15198.74297,440,46.05112109
2017,Antigua and Barbuda,ATG,1467977778,3.14432324,15383.5764,440,36.93524522
2018,Antigua and Barbuda,ATG,1605944444,6.883640817,16679.59166,440,53.94455146
2019,Antigua and Barbuda,ATG,1687533333,4.862236166,17376.64968,440,46.9626228
2020,Antigua and Barbuda,ATG,1370281481,-20.19237057,13992.74448,440,-58.61363567
2016,Arab World,ARB,2.41198E+12,3.200033666,5969.616593,13081769.2,45.13827831
2017,Arab World,ARB,2.46644E+12,0.929186997,5987.341957,13081768.95,36.14514766
2018,Arab World,ARB,2.73078E+12,2.397753222,6504.148493,13081763.72,43.13948816
2019,Arab World,ARB,2.77647E+12,2.050387512,6489.043216,13081763.72,41.77828576
2020,Arab World,ARB,2.44758E+12,-5.281844288,5612.68657,13081763.72,10.68631686
2016,Argentina,ARG,5.57531E+11,-2.080327844,12790.24247,2736690,16.77684783
2017,Argentina,ARG,6.43629E+11,2.818502978,14613.04182,2736690,39.35638546
2018,Argentina,ARG,5.2482E+11,-2.617396463,11795.15939,2736690,13.0157814
2019,Argentina,ARG,4.51932E+11,-2.025934237,10056.63794,2736690,12.54593179
2020,Argentina,ARG,3.89288E+11,-9.895268964,8579.017773,2736690,-21.342344
2016,Armenia,ARM,10546135160,0.2,3591.828052,28470,6.542514995
2017,Armenia,ARM,11527458566,7.500000002,3914.527854,28470,36.25454069
2018,Armenia,ARM,12457941907,5.2,4220.540321,28470,27.54008858
2019,Armenia,ARM,13619291361,7.599999999,4604.646324,28470,37.74953943
2020,Armenia,ARM,12641209802,-7.4,4266.018074,28470,-22.7877008
2016,Aruba,ABW,2983636872,2.099999586,28452.17061,180,53.449752
2017,Aruba,ABW,3092430168,1.999999104,29350.80502,180,54.47261103
2018,Aruba,ABW,3202188607,1.899998623,30253.27936,180,55.50155063
2019,Aruba,ABW,3311464475,1.799998142,31153.83373,180,56.52744994
2020,Aruba,ABW,3420740342,1.699997661,32054.3881,180,57.55334925
2016,Australia,AUS,1.20669E+12,2.741643069,49881.76371,7692020,103.1562428
2017,Australia,AUS,1.32688E+12,2.295926947,53934.25018,7692020,107.9266215
2018,Australia,AUS,1.42853E+12,2.87097248,57180.7794,7692020,115.4828537
2019,Australia,AUS,1.39195E+12,2.113149425,54875.28596,7692020,108.7596863
2020,Australia,AUS,1.32784E+12,-0.003836559,51692.84275,7692020,95.18001313
2016,Austria,AUT,3.95569E+11,1.989437162,45276.83144,82520,80.21969501
2017,Austria,AUT,4.1623E+11,2.258572433,47312.00623,82520,84.54196244
2018,Austria,AUT,4.54946E+11,2.501595119,51461.43322,82520,92.12772421
2019,Austria,AUT,4.45012E+11,1.49121085,50114.40111,82520,85.94219351
2020,Austria,AUT,4.33258E+11,-6.734514076,48586.80132,82520,50.60734397
2016,Azerbaijan,AZE,37867518957,-3.1,3880.738731,82670,-6.085462984
2017,Azerbaijan,AZE,40865558912,0.2,4147.089716,82662,7.539640802
2018,Azerbaijan,AZE,47112941176,1.5,4739.84171,82654,13.68522012
2019,Azerbaijan,AZE,48174235294,2.5,4805.753718,82654,17.79078535
2020,Azerbaijan,AZE,42607176471,-4.3,4221.407478,82654,-10.34072121
2016,"Bahamas, The",BHS,11992600000,0.091146924,31732.91914,10010,50.63390687
2017,"Bahamas, The",BHS,12359700000,1.625011976,32376.50917,10010,57.78873144
2018,"Bahamas, The",BHS,12837800000,2.76704081,33290.02814,10010,63.80369501
2019,"Bahamas, The",BHS,13164400000,0.702459097,33799.41769,10010,56.35221729
2020,"Bahamas, The",BHS,9907500000,-14.5144814,25194.02514,10010,-18.1435008
2016,Bahrain,BHR,32234973404,3.558128119,22608.45256,779,50.0646959
2017,Bahrain,BHR,35473776596,4.290949778,23742.93734,780,54.79582263
2018,Bahrain,BHR,37801462766,2.136701347,24085.95599,780,46.72456133
2019,Bahrain,BHR,38652579787,2.141376784,23551.93009,780,45.89875408
2020,Bahrain,BHR,34729228723,-5.085180213,20409.9528,780,12.01360185
2016,Bangladesh,BGD,2.21415E+11,7.113478213,1401.564635,130170,31.12607683
2017,Bangladesh,BGD,2.49711E+11,7.284174423,1563.767819,130170,32.09797798
2018,Bangladesh,BGD,2.74039E+11,7.86375358,1698.132081,130170,34.65680478
2019,Bangladesh,BGD,3.02571E+11,8.152684149,1855.740094,130170,36.09463841
2020,Bangladesh,BGD,3.23057E+11,3.509135882,1961.613749,130170,17.71146068
2016,Barbados,BRB,4830000000,2.478698683,16900.04829,430,36.67748082
2017,Barbados,BRB,4978000000,0.475110679,17391.66891,430,29.44164183
2018,Barbados,BRB,5086500000,-0.580333154,17745.25537,430,25.77979586
2019,Barbados,BRB,5209000000,-0.096135553,18148.49785,430,28.35514804
2020,Barbados,BRB,4418000000,-18.9795097,15373.8547,430,-51.5721247
2016,Belarus,BLR,47722657821,-2.526446436,5039.681886,202988,-1.759965125
2017,Belarus,BLR,54726595249,2.5321835,5785.670673,202990,19.66362097
2018,Belarus,BLR,60031262269,3.149197594,6360.062473,202980,23.04710878
2019,Belarus,BLR,64409647194,1.4,6837.717826,202980,16.8115523
2020,Belarus,BLR,60258239056,-0.9,6424.152176,202980,6.952045763
2016,Belgium,BEL,4.7574E+11,1.266686409,41984.10303,30280,72.12673246
2017,Belgium,BEL,5.01523E+11,1.619580278,44089.31009,30280,76.90075932
2018,Belgium,BEL,5.43008E+11,1.819203664,47519.5531,30280,83.17746038
2019,Belgium,BEL,5.35289E+11,2.149559681,46591.49161,30280,83.0207424
2020,Belgium,BEL,5.21861E+11,-5.65965987,45159.34822,30280,49.50113125
2016,Belize,BLZ,1789304088,-0.033233632,4856.973249,22810,7.593874078
2017,Belize,BLZ,1858529677,1.813682033,4945.857699,22810,15.12233951
2018,Belize,BLZ,1915899787,2.906069731,5001.422157,22810,19.57992662
2019,Belize,BLZ,1982518541,1.762797913,5078.809944,22810,15.12943738
2020,Belize,BLZ,1636280797,-14.01053215,4115.177008,22810,-49.48992201
2016,Benin,BEN,11821066153,3.339673426,1087.287331,112760,15.26714377
2017,Benin,BEN,12701654743,5.671555469,1136.593872,112760,24.67374069
2018,Benin,BEN,14262407012,6.697259461,1241.825298,112760,28.94494357
2019,Benin,BEN,14391686633,6.865687336,1219.515506,112760,29.58348138
2020,Benin,BEN,15651545332,3.8487924,1291.040972,112760,17.63058096
2016,Bermuda,BMU,6899911000,-0.657206304,106885.8785,54,166.6030876
2017,Bermuda,BMU,7142316000,3.611419837,111820.5815,54,191.4905935
2018,Bermuda,BMU,7224329000,-0.4328013,113023.1856,54,177.2177906
2019,Bermuda,BMU,7484113000,0.459889943,117098.4463,54,187.2408899
2020,Bermuda,BMU,6842700000,-6.344080246,107079.4798,54,144.1620401
2016,Bhutan,BTN,2158972129,8.127033538,2930.574923,38144,37.20904958
2017,Bhutan,BTN,2450364928,4.651834675,3286.596744,38144,23.87224805
2018,Bhutan,BTN,2446866405,3.055129837,3243.477437,38140,17.41715116
2019,Bhutan,BTN,2535657069,5.755169995,3322.863329,38140,28.34309859
2020,Bhutan,BTN,2315437338,-10.07634112,3000.779327,38140,-35.49312747
2016,Bolivia,BOL,33941126200,4.263920838,3076.65644,1083300,23.63264118
2017,Bolivia,BOL,37508642165,4.195206301,3351.124344,1083300,23.79640033
2018,Bolivia,BOL,40287647930,4.223623511,3548.59078,1083300,24.22587569
2019,Bolivia,BOL,40895322844,2.216705778,3552.068143,1083300,16.20440413
2020,Bolivia,BOL,36572764863,-8.82949362,3133.099803,1083300,-28.64864909
2016,Bosnia and Herzegovina,BIH,16914287349,3.149806916,4994.971551,51200,20.60548182
2017,Bosnia and Herzegovina,BIH,18079075771,3.171434875,5394.268944,51200,21.32549976
2018,Bosnia and Herzegovina,BIH,20177409351,3.740071092,6070.349081,51200,24.67282502
2019,Bosnia and Herzegovina,BIH,20201323260,2.831002603,6119.762345,51200,21.11481048
2020,Bosnia and Herzegovina,BIH,19946496563,-3.196950134,6079.738285,51200,-3.060658393
2016,Botswana,BWA,15082578065,7.036896951,6982.917492,566730,40.09249538
2017,Botswana,BWA,16088437675,4.00344974,7296.092142,566730,28.45567983
2018,Botswana,BWA,16914245098,3.98039539,7503.878588,566730,28.69337731
2019,Botswana,BWA,16593720656,2.992737635,7203.064221,566730,24.26612469
2020,Botswana,BWA,15061922802,-8.492893511,6404.899932,566730,-22.9418195
2016,Brazil,BRA,1.79569E+12,-3.275916906,8710.06329,8358140,15.59987985
2017,Brazil,BRA,2.06351E+12,1.322869054,9928.675897,8358140,36.23020032
2018,Brazil,BRA,1.91693E+12,1.783666761,9151.381732,8358140,36.6753719
2019,Brazil,BRA,1.87782E+12,1.411152985,8897.552966,8358140,34.73878804
2020,Brazil,BRA,1.44473E+12,-4.059048273,6796.844542,8358140,9.037521161
2016,Brunei Darussalam,BRN,11400854268,-2.477917718,27158.40565,5270,33.10721272
2017,Brunei Darussalam,BRN,12128104859,1.328602552,28571.60829,5270,50.57153617
2018,Brunei Darussalam,BRN,13567351175,0.052237791,31628.47626,5270,50.30741776
2019,Brunei Darussalam,BRN,13469422959,3.869109865,31085.96193,5270,64.71587423
2020,Brunei Darussalam,BRN,12005825770,1.133573351,27442.95383,5270,48.00437046
2016,Bulgaria,BGR,53953897624,3.039825276,7569.478815,108560,24.3721425
2017,Bulgaria,BGR,59199447421,2.76217096,8366.293221,108560,24.52904866
2018,Bulgaria,BGR,66363422450,2.684576131,9446.700772,108560,25.93737413
2019,Bulgaria,BGR,68915416142,4.037592082,9879.268533,108560,32.03720252
2020,Bulgaria,BGR,69889347433,-4.387149834,10079.20338,108560,-1.344111923
2016,Burkina Faso,BFA,12833363370,5.957976708,688.2506963,273600,25.35727851
2017,Burkina Faso,BFA,14106956830,6.203489411,734.996268,273600,26.4147923
2018,Burkina Faso,BFA,15890065020,6.604569068,804.5005378,273600,28.13118779
2019,Burkina Faso,BFA,16178162030,5.688115149,796.1152068,273600,24.45242528
2020,Burkina Faso,BFA,17933606353,1.93032489,857.9327297,273600,9.521139693
2016,Burundi,BDI,2732808557,-0.600020001,260.5652208,25680,-1.944906056
2017,Burundi,BDI,2748180474,0.500009999,253.8263541,25680,2.444562381
2018,Burundi,BDI,2668495743,1.609933082,238.783467,25680,6.860347505
2019,Burundi,BDI,2631434363,1.842476677,228.2135892,25680,7.773745109
2020,Burundi,BDI,2841786382,0.297577119,238.9907259,25680,1.611449682
2016,Cabo Verde,CPV,1662998678,4.705791509,3130.998753,4030,23.78832967
2017,Cabo Verde,CPV,1768319144,3.702039188,3289.902203,4030,20.02501991
2018,Cabo Verde,CPV,1966503223,4.531161684,3616.464537,4030,23.85875651
2019,Cabo Verde,CPV,1981845741,5.66775246,3603.775241,4030,28.38504718
2020,Cabo Verde,CPV,1703698677,-14.78340501,3064.272388,4030,-54.2740525
2016,Cambodia,KHM,20016747754,6.933313973,1269.591499,176520,30.03781797
2017,Cambodia,KHM,22177200512,6.996903699,1385.260066,176520,30.47777293
2018,Cambodia,KHM,24571753583,7.469169207,1512.126989,176520,32.57042782
2019,Cambodia,KHM,27089389787,7.054106932,1643.121389,176520,31.12044685
2020,Cambodia,KHM,25808561551,-3.147589098,1543.669258,176520,-9.845254628
2016,Cameroon,CMR,33814337900,4.535794236,1413.255957,472710,21.14677698
2017,Cameroon,CMR,36098550142,3.541176549,1469.4475,472710,17.25987836
2018,Cameroon,CMR,39973839065,3.95551424,1585.240534,472710,19.10498053
2019,Cameroon,CMR,39670977333,3.475059979,1533.095688,472710,17.10026081
2020,Cameroon,CMR,40804449726,0.491914742,1537.130218,472710,5.175361809
2016,Canada,CAN,1.52799E+12,1.001394414,42315.60371,8965590,86.54326392
2017,Canada,CAN,1.64927E+12,3.039880225,45129.35644,8965590,99.29048674
2018,Canada,CAN,1.72533E+12,2.777040554,46548.52036,8965590,100.5728402
2019,Canada,CAN,1.74202E+12,1.879592028,46338.34096,8965590,96.66934036
2020,Canada,CAN,1.64542E+12,-5.233024303,43294.64816,8965590,63.28973253
2016,Caribbean small states,CSS,69598702058,-1.142029028,9574.221486,404850,11.29252441
2017,Caribbean small states,CSS,71693634217,0.089377344,9800.965886,404850,16.5795287
2018,Caribbean small states,CSS,75312833438,1.872186884,10234.21118,404850,24.40082286
2019,Caribbean small states,CSS,76173669481,0.616387706,10291.80732,404850,19.4697966
2020,Caribbean small states,CSS,66039332389,-8.161304989,8873.521929,404850,-17.89800626
2016,Cayman Islands,CYM,4909498980,3.239976888,78471.62873,240,137.2038013
2017,Cayman Islands,CYM,5166467299,3.184043376,81513.16302,240,141.7957811
2018,Cayman Islands,CYM,5522625585,4.19434091,86059.73922,240,153.0356122
2019,Cayman Islands,CYM,5935769351,3.817100404,91392.64259,240,159.9702857
2020,Cayman Islands,CYM,5591623665,-6.730287428,85082.52686,240,107.7900346
2016,Central African Republic,CAF,1825018191,4.750316841,402.1916451,622980,20.59886027
2017,Central African Republic,CAF,2072349794,4.527278213,450.9006579,622980,19.78410532
2018,Central African Republic,CAF,2220978978,3.789443593,475.9538139,622980,16.87260125
2019,Central African Republic,CAF,2220307369,3,467.9080323,622980,13.70208786
2020,Central African Republic,CAF,2380087758,0.829010003,492.7958712,622980,5.057713285
2016,Central Europe and the Baltics,CEB,1.32141E+12,3.070341259,12829.89634,1106354,35.80557987
2017,Central Europe and the Baltics,CEB,1.46392E+12,4.878583294,14248.74812,1106329.1,45.4476092
2018,Central Europe and the Baltics,CEB,1.64533E+12,4.491186349,16045.95364,1106266.4,46.95046243
2019,Central Europe and the Baltics,CEB,1.67386E+12,4.072158857,16346.55494,1106266.4,45.78285803
2020,Central Europe and the Baltics,CEB,1.65325E+12,-3.813940033,16168.19665,1106266.4,13.93253934
2016,Chad,TCD,10097778354,-6.255527085,693.4497674,1259200,-21.97481566
2017,Chad,TCD,10000395242,-2.988695986,665.9488849,1259200,-8.951142436
2018,Chad,TCD,11239167048,2.3740378,726.1510071,1259200,12.5965206
2019,Chad,TCD,11314951343,3.247181917,709.5400432,1259200,16.06288479
2020,Chad,TCD,10829076802,-0.947304885,659.270045,1259200,-0.795205785
2016,Chile,CHL,2.5044E+11,1.711089289,13753.59215,743532,30.04960283
2017,Chile,CHL,2.77035E+11,1.184544707,14998.81706,743532,29.94526064
2018,Chile,CHL,2.97572E+11,3.713859177,15888.14436,743532,41.49397267
2019,Chile,CHL,2.79385E+11,0.942005307,14741.7144,743532,28.57073732
2020,Chile,CHL,2.5294E+11,-5.771501669,13231.70421,743532,-0.704170091
2016,China,CHN,1.12333E+13,6.848762205,8094.363367,9424700.5,67.54264435
2017,China,CHN,1.23104E+13,6.947200793,8816.986905,9424700.8,70.31052407
2018,China,CHN,1.38948E+13,6.749773832,9905.342004,9424702.9,73.0532709
2019,China,CHN,1.42799E+13,5.949714233,10143.83817,9424702.9,70.67041959
2020,China,CHN,1.47227E+13,2.347513573,10434.77519,9424702.9,57.22789062
2016,Colombia,COL,2.82825E+11,2.087382502,5870.777957,1109500,19.67473806
2017,Colombia,COL,3.11884E+11,1.359360868,6376.706716,1109500,17.59683263
2018,Colombia,COL,3.34198E+11,2.564324283,6729.583332,1109500,23.00085035
2019,Colombia,COL,3.2343E+11,3.281116805,6424.979492,1109500,25.3734682
2020,Colombia,COL,2.71438E+11,-6.795758107,5334.556042,1109500,-16.71978616
2016,Comoros,COM,1012835518,3.320680025,1273.050952,1861,15.30226155
2017,Comoros,COM,1077439663,3.815702113,1323.814843,1861,17.36279413
2018,Comoros,COM,1188797575,3.642525019,1428.290463,1861,16.8356209
2019,Comoros,COM,1192559739,1.75532828,1401.542312,1861,9.244490012
2020,Comoros,COM,1235400352,-0.128835488,1420.661747,1861,1.738154154
2016,"Congo, Dem. Rep.",COD,37134799975,2.399398914,471.3188225,2267050,13.87513731
2017,"Congo, Dem. Rep.",COD,38019265626,3.726947653,467.0742317,2267050,19.17962217
2018,"Congo, Dem. Rep.",COD,47146004587,5.8211211,560.8073582,2267050,27.71513865
2019,"Congo, Dem. Rep.",COD,50400747050,4.384528881,580.7168706,2267050,22.00400775
2020,"Congo, Dem. Rep.",COD,48716960860,1.735422764,543.9503925,2267050,11.34745099
2016,"Congo, Rep.",COG,10215989995,-10.78323827,2050.993415,341500,-39.34855128
2017,"Congo, Rep.",COG,11090177747,-4.382530947,2169.991504,341500,-13.55632345
2018,"Congo, Rep.",COG,13670036996,-4.805351557,2606.615331,341500,-14.55338783
2019,"Congo, Rep.",COG,12750339023,-0.086885957,2369.729494,341500,3.944381716
2020,"Congo, Rep.",COG,10187122341,-7.944445679,1846.131297,341500,-28.31775586
2016,Costa Rica,CRI,58847016045,4.204323252,12011.22275,51060,35.9794927
2017,Costa Rica,CRI,60516043590,4.157698963,12225.57449,51060,36.13426766
2018,Costa Rica,CRI,62420165100,2.615904404,12485.4239,51060,30.38066286
2019,Costa Rica,CRI,64072870932,2.256315079,12693.82796,51060,29.27414255
2020,Costa Rica,CRI,61846895121,-4.063676535,12140.85415,51060,3.116154451
2016,Cote d'Ivoire,CIV,47964234560,7.179207824,2013.381448,318000,32.44862645
2017,Cote d'Ivoire,CIV,51588158718,7.359638088,2111.026557,318000,33.32907969
2018,Cote d'Ivoire,CIV,58011466451,6.89028432,2314.050958,318000,31.78043229
2019,Cote d'Ivoire,CIV,58539424930,6.231709513,2276.332394,318000,29.08701916
2020,Cote d'Ivoire,CIV,61348579465,1.958332479,2325.723705,318000,12.07491635
2016,Croatia,HRV,52295158344,3.532432232,12527.73986,56590,34.11071777
2017,Croatia,HRV,56214427431,3.41409226,13629.28959,56590,35.38583006
2018,Croatia,HRV,62247874949,2.900009599,15227.5601,56590,35.8668046
2019,Croatia,HRV,62246206341,3.481945603,15311.7669,56590,38.32786468
2020,Croatia,HRV,57203783203,-8.099761252,14134.16268,56590,-9.869128577
2016,Cuba,CUB,91370000000,0.513761468,8060.796598,104040,15.08152368
2017,Cuba,CUB,96851000000,1.809054399,8541.213686,103800,21.02919153
2018,Cuba,CUB,1.0005E+11,2.248480393,8824.194008,103800,23.238569
2019,Cuba,CUB,1.03428E+11,-0.164839982,9125.878679,103800,14.06677853
2020,Cuba,CUB,1.07352E+11,-10.94834097,9477.852873,103800,-28.50549147
2016,Curacao,CUW,3122287933,-0.986569701,19555.36585,444,27.01843278
2017,Curacao,CUW,3116610112,-1.73976542,19457.53152,444,23.85075007
2018,Curacao,CUW,3127908045,-2.166131078,19630.89349,444,22.41977062
2019,Curacao,CUW,3101787709,-3.399999927,19701.27038,444,17.59568755
2020,Curacao,CUW,2595821709,-18.4,16745.72431,444,-47.08417265
2016,Cyprus,CYP,20953442550,6.454554466,24605.92083,9240,64.81297279
2017,Cyprus,CYP,22870833710,5.852540355,26608.87509,9240,65.57822487
2018,Cyprus,CYP,25522671233,5.692841724,29334.11093,9240,69.25710884
2019,Cyprus,CYP,25758357775,5.283187396,29206.07672,9240,67.41605424
2020,Cyprus,CYP,24612646488,-5.2289881,27527.84531,9240,22.70903294
2016,Czech Republic,CZE,1.96272E+11,2.53728452,18575.23203,77220,39.90080876
2017,Czech Republic,CZE,2.18629E+11,5.168724304,20636.19995,77210,53.71505073
2018,Czech Republic,CZE,2.4895E+11,3.198656101,23419.73561,77200,50.27634002
2019,Czech Republic,CZE,2.52498E+11,3.029478257,23660.14881,77200,49.98430745
2020,Czech Republic,CZE,2.45339E+11,-5.797813877,22931.2746,77200,13.51299505
2016,Denmark,DNK,3.13116E+11,3.245956985,54663.99837,40000,99.94813696
2017,Denmark,DNK,3.32121E+11,2.821736341,57610.09818,40000,102.9372843
2018,Denmark,DNK,3.56841E+11,1.989537315,61591.92887,40000,105.9408351
2019,Denmark,DNK,3.47561E+11,2.114664208,59775.7351,40000,103.5553096
2020,Denmark,DNK,3.56085E+11,-2.062124959,61063.31643,40000,88.89641208
2016,Djibouti,DJI,2603540257,6.652650372,2802.166204,23180,31.08569602
2017,Djibouti,DJI,2751445574,5.403099843,2914.358197,23180,26.26528751
2018,Djibouti,DJI,3012803457,8.407662666,3141.861711,23180,38.64402556
2019,Djibouti,DJI,3324615549,7.770497257,3414.916178,23180,36.52802553
2020,Djibouti,DJI,3384385217,0.5,3425.484176,23180,7.462836231
2016,Dominica,DMA,576229629.6,2.556494913,8080.968623,750,23.02174984
2017,Dominica,DMA,519837037,-6.79942797,7274.517731,750,-15.67879595
2018,Dominica,DMA,550622222.2,2.214305241,7687.462963,750,21.02995555
2019,Dominica,DMA,611537037,7.571391597,8516.280039,750,43.770571
2020,Dominica,DMA,504214814.8,-16.60491154,7003.859021,750,-55.32926057
2016,Dominican Republic,DOM,75704720190,6.659200263,7280.88361,48310,38.32484803
2017,Dominican Republic,DOM,79997975622,4.666704677,7609.353275,48310,30.87980847
2018,Dominican Republic,DOM,85555378043,6.982527585,8050.644076,48310,40.84810727
2019,Dominican Republic,DOM,88941299734,5.05216802,8282.117131,48310,33.49700859
2020,Dominican Republic,DOM,78844702329,-6.720239373,7268.19691,48310,-15.2094106
2016,Early-demographic dividend,EAR,1.03078E+13,4.677949164,3257.391915,33317975.04,86.91570623
2017,Early-demographic dividend,EAR,1.11376E+13,4.560163061,3473.462861,33317661,87.73375899
2018,Early-demographic dividend,EAR,1.12148E+13,3.669162677,3452.378585,33317702.39,84.22453705
2019,Early-demographic dividend,EAR,1.15273E+13,2.29739484,3503.439733,33317702.39,79.17526663
2020,Early-demographic dividend,EAR,1.06682E+13,-4.505560993,3201.652532,33317702.39,50.50459025
2016,East Asia & Pacific,EAS,2.27207E+13,4.658616904,9845.914175,24502823.4,97.87827165
2017,East Asia & Pacific,EAS,2.42685E+13,5.048255066,10442.8595,24502555,102.1490691
2018,East Asia & Pacific,EAS,2.64163E+13,4.730265273,11297.6018,24502428.8,104.6828977
2019,East Asia & Pacific,EAS,2.69815E+13,4.064048758,11478.03313,24502428.8,102.9490642
2020,East Asia & Pacific,EAS,2.70974E+13,-0.133318687,11477.79259,24502428.8,86.29162428
2016,East Asia & Pacific (excluding high income),EAP,1.35602E+13,6.578776494,6575.51412,16019614.9,76.86475291
2017,East Asia & Pacific (excluding high income),EAP,1.48193E+13,6.702441306,7131.631349,16019325.2,79.67725819
2018,East Asia & Pacific (excluding high income),EAP,1.6575E+13,6.515506328,7924.234301,16019326.9,82.18927598
2019,East Asia & Pacific (excluding high income),EAP,1.71354E+13,5.775749149,8145.345437,16019326.9,80.22031958
2020,East Asia & Pacific (excluding high income),EAP,1.74489E+13,1.37857513,8254.670871,16019326.9,63.16270573
2016,East Asia & Pacific (IDA & IBRD countries),TEA,1.35429E+13,6.579035014,6648.812448,15899484.9,76.77721171
2017,East Asia & Pacific (IDA & IBRD countries),TEA,1.48005E+13,6.702805215,7210.916994,15899195.2,79.59787686
2018,East Asia & Pacific (IDA & IBRD countries),TEA,1.65539E+13,6.515541853,8012.14971,15899196.9,82.11971305
2019,East Asia & Pacific (IDA & IBRD countries),TEA,1.71136E+13,5.775833997,8235.583677,15899196.9,80.15379999
2020,East Asia & Pacific (IDA & IBRD countries),TEA,1.74267E+13,1.378306114,8346.03881,15899196.9,63.09601678
2016,Ecuador,ECU,99937696000,-1.226383985,6060.092962,248360,5.185275079
2017,Ecuador,ECU,1.04296E+11,2.368386526,6213.503127,248360,19.81221618
2018,Ecuador,ECU,1.07562E+11,1.289291933,6295.934662,248360,15.63007497
2019,Ecuador,ECU,1.08108E+11,0.012105103,6222.524653,248360,10.40572691
2020,Ecuador,ECU,98808010000,-7.750123377,5600.389615,248360,-21.63878447
2016,"Egypt, Arab Rep.",EGY,3.32442E+11,4.346643453,3519.87324,995450,24.87092118
2017,"Egypt, Arab Rep.",EGY,2.35734E+11,4.181221001,2444.290387,995450,22.39590862
2018,"Egypt, Arab Rep.",EGY,2.49713E+11,5.314121037,2537.125185,995450,27.09045069
2019,"Egypt, Arab Rep.",EGY,3.03081E+11,5.557683888,3019.092283,995450,28.88870689
2020,"Egypt, Arab Rep.",EGY,3.65253E+11,3.569669475,3569.206841,995450,21.87860032
2016,El Salvador,SLV,24191430000,2.545926086,3805.995686,20720,16.26894945
2017,El Salvador,SLV,24979190000,2.246670039,3910.254403,20720,15.23788943
2018,El Salvador,SLV,26020850000,2.432287587,4052.624775,20720,16.20695291
2019,El Salvador,SLV,26896660000,2.382581398,4167.730939,20720,16.19136678
2020,El Salvador,SLV,24638720000,-8.581312158,3798.636521,20720,-28.25114392
2016,Equatorial Guinea,GNQ,11240808847,-8.816417232,9250.316493,28050,-20.56437019
2017,Equatorial Guinea,GNQ,12200913888,-5.667502957,9667.857801,28050,-7.306556581
2018,Equatorial Guinea,GNQ,13097012189,-6.236550982,10005.61679,28050,-9.046978293
2019,Equatorial Guinea,GNQ,11417278045,-5.978936905,8419.933336,28050,-10.52892728
2020,Equatorial Guinea,GNQ,10021856754,-4.893356474,7143.238705,28050,-8.209488628
2016,Estonia,EST,24056487771,3.155564814,18282.92339,43470,41.66253557
2017,Estonia,EST,26857880622,5.792044675,20387.28315,43470,55.54332033
2018,Estonia,EST,30474612057,4.133819798,23052.30126,43470,53.13386322
2019,Estonia,EST,31045591753,4.096342644,23397.12001,43470,53.53053089
2020,Estonia,EST,30650285472,-2.951069313,23027.027,43470,24.75449266
2016,Eswatini,SWZ,3816022047,1.062610193,3425.531957,17200,9.704642499
2017,Eswatini,SWZ,4402969226,2.026578156,3914.418484,17200,14.33519996
2018,Eswatini,SWZ,4665420239,2.371610521,4105.893683,17200,16.01877666
2019,Eswatini,SWZ,4495679481,2.61303529,3915.643467,17200,16.68307379
2020,Eswatini,SWZ,3972728948,-1.85052471,3424.282212,17200,-1.949696783
2016,Ethiopia,ETH,74296618481,9.433482658,717.1248698,1129304.039,40.69211269
2017,Ethiopia,ETH,81770791971,9.564189643,768.5230154,1129279.999,41.30481352
2018,Ethiopia,ETH,84269348327,6.816147797,771.5248663,1129300.39,30.32028339
2019,Ethiopia,ETH,95912590628,8.364085699,855.7608852,1129300.39,36.65869544
2020,Ethiopia,ETH,1.07645E+11,6.056617792,936.3404611,1129300.39,27.56979718
2016,Euro area,EMU,1.19645E+13,1.864543389,35139.82359,2678840.6,80.877995
2017,Euro area,EMU,1.26462E+13,2.613704509,37062.14036,2678829.05,87.69663678
2018,Euro area,EMU,1.36922E+13,1.832626591,40038.18717,2682452.479,90.48412285
2019,Euro area,EMU,1.34136E+13,1.564929992,39188.63654,2682452.479,87.75009142
2020,Euro area,EMU,1.3021E+13,-6.394221053,37967.80187,2682452.479,53.53239179
2016,Europe & Central Asia,ECS,2.04456E+13,1.969857214,22446.16875,27454601.39,109.0168004
2017,Europe & Central Asia,ECS,2.16489E+13,2.818593992,23670.07971,27454570.07,115.7235507
2018,Europe & Central Asia,ECS,2.32173E+13,2.172781601,25290.33145,27447886.69,117.4863622
2019,Europe & Central Asia,ECS,2.2934E+13,1.803888188,24906.43673,27447886.69,115.0794731
2020,Europe & Central Asia,ECS,2.21216E+13,-5.580397754,23955.30516,27447886.69,83.10871264
2016,Europe & Central Asia (excluding high income),ECA,2.96586E+12,1.755445573,7189.28646,22637353,56.62924581
2017,Europe & Central Asia (excluding high income),ECA,3.32988E+12,4.127844222,8026.773317,22637366,67.86048559
2018,Europe & Central Asia (excluding high income),ECA,3.42399E+12,3.227980625,8213.360066,22626524.3,64.64722452
2019,Europe & Central Asia (excluding high income),ECA,3.49393E+12,2.314428807,8343.550431,22626524.3,61.27900694
2020,Europe & Central Asia (excluding high income),ECA,3.2224E+12,-1.543960022,7668.524344,22626524.3,44.46666568
2016,Europe & Central Asia (IDA & IBRD countries),TEC,3.49078E+12,1.962641173,7677.400469,23000133,59.38857845
2017,Europe & Central Asia (IDA & IBRD countries),TEC,3.9126E+12,4.211475574,8562.5074,23000146,70.26695761
2018,Europe & Central Asia (IDA & IBRD countries),TEC,4.07365E+12,3.508360617,8876.153964,22989284.3,68.11826327
2019,Europe & Central Asia (IDA & IBRD countries),TEC,4.15345E+12,2.662220002,9013.795649,22989284.3,65.04275556
2020,Europe & Central Asia (IDA & IBRD countries),TEC,3.87673E+12,-1.776853311,8387.390693,22989284.3,45.97871946
2016,European Union,EUU,1.38852E+13,2.008319143,31168.43604,3996050.6,79.38603261
2017,European Union,EUU,1.47348E+13,2.813667733,33023.7909,3996029.05,86.51505705
2018,European Union,EUU,1.59715E+13,2.065582359,35737.30125,3999622.479,89.23669111
2019,European Union,EUU,1.56894E+13,1.816940715,35083.80749,3999622.479,86.88525561
2020,European Union,EUU,1.52919E+13,-5.955627684,34148.9199,3999622.479,53.86100436
2016,Fiji,FJI,4930204230,2.445652008,5651.272721,18270,18.76356798
2017,Fiji,FJI,5353404422,5.353364937,6101.02389,18270,31.1069584
2018,Fiji,FJI,5581371848,3.81235097,6317.41372,18270,25.28575576
2019,Fiji,FJI,5496264766,-0.445563044,6175.890653,18270,8.029940241
2020,Fiji,FJI,4533883782,-15.71180398,5057.631913,18270,-54.80657306
2016,Finland,FIN,2.40608E+11,2.811457767,43784.28396,303910,81.30849847
2017,Finland,FIN,2.55017E+11,3.19240963,46297.49635,303920,86.82774572
2018,Finland,FIN,2.7558E+11,1.141947509,49964.49991,303920,84.45505706
2019,Finland,FIN,2.68508E+11,1.220754143,48628.64176,303920,82.64724885
2020,Finland,FIN,2.69595E+11,-2.800135891,48744.98813,303920,66.74913161
2016,Fragile and conflict affected situations,FCS,1.40779E+12,2.186045989,1656.735971,19958955.34,43.69115219
2017,Fragile and conflict affected situations,FCS,1.44015E+12,1.918631794,1657.340925,19958631.03,42.65890692
2018,Fragile and conflict affected situations,FCS,1.57283E+12,2.74408837,1770.231058,19947735.23,46.27420702
2019,Fragile and conflict affected situations,FCS,1.66177E+12,3.054483251,1828.649338,19947735.23,47.70983785
2020,Fragile and conflict affected situations,FCS,1.50864E+12,-4.737796181,1622.216976,19947735.23,16.0390327
2016,France,FRA,2.47129E+12,1.095464404,37037.37419,547557,66.68500818
2017,France,FRA,2.58874E+12,2.291419994,38685.25849,547557,74.21192562
2018,France,FRA,2.78959E+12,1.865066071,41572.48501,547557,77.30699509
2019,France,FRA,2.72887E+12,1.842971814,40578.64429,547557,75.5758041
2020,France,FRA,2.63032E+12,-7.855256037,39030.36037,547557,34.21907343
2016,Gabon,GAB,14023890620,2.091442208,6984.419712,257670,19.83621018
2017,Gabon,GAB,14929488771,0.472642031,7230.434912,257670,13.75154003
2018,Gabon,GAB,16867325127,0.837916581,7959.007267,257670,16.36834211
2019,Gabon,GAB,16874405840,3.920808795,7766.996554,257670,28.39592369
2020,Gabon,GAB,15316826192,-1.83776093,6881.715192,257670,3.958270187
2016,"Gambia, The",GMB,1484579844,1.943359655,690.7804932,10120,8.884366461
2017,"Gambia, The",GMB,1504909753,4.822611249,679.7550717,10120,20.38394038
2018,"Gambia, The",GMB,1670670669,7.234890333,732.7207273,10120,30.11710233
2019,"Gambia, The",GMB,1812529105,6.15363195,772.0459142,10120,25.85449126
2020,"Gambia, The",GMB,1868086275,-0.215576043,773.0020701,10120,0.379236536
2016,Georgia,GEO,15141758567,2.90643878,4062.169888,69490,18.18130192
2017,Georgia,GEO,16242916916,4.842603225,4357.000936,69490,26.39399985
2018,Georgia,GEO,17599700091,4.842919885,4722.787783,69490,26.97593725
2019,Georgia,GEO,17477255562,4.982350475,4697.983652,69490,27.49424937
2020,Georgia,GEO,15846489611,-6.760439817,4266.690795,69490,-20.16160592
2016,Germany,DEU,3.4675E+12,2.229999868,42107.51727,349360,80.08292964
2017,Germany,DEU,3.68173E+12,2.680231114,44542.2952,349370,85.98331042
2018,Germany,DEU,3.97535E+12,1.086024514,47950.18081,349380,85.33723375
2019,Germany,DEU,3.88833E+12,1.055508247,46794.89929,349380,83.28672825
2020,Germany,DEU,3.84641E+12,-4.569616717,46208.42947,349380,59.80985396
2016,Ghana,GHA,56165172899,3.37346575,1971.956935,227540,17.03022355
2017,Ghana,GHA,60406382899,8.128894881,2074.290733,227540,36.2188004
2018,Ghana,GHA,67299280680,6.200077681,2260.860567,227540,28.80678433
2019,Ghana,GHA,68337537816,6.507774794,2246.625578,227540,30.01622131
2020,Ghana,GHA,68532281806,0.414443458,2205.529016,227540,5.57805342
2016,Greece,GRC,1.93017E+11,-0.487173294,17911.79938,128900,26.82843418
2017,Greece,GRC,1.99351E+11,1.09214912,18536.19072,128900,34.14150617
2018,Greece,GRC,2.11946E+11,1.668428636,19747.34258,128900,38.37852833
2019,Greece,GRC,2.05144E+11,1.803595256,19133.75776,128900,37.93998716
2020,Greece,GRC,1.88835E+11,-9.019129085,17622.541,128900,-7.762124387
2016,Greenland,GRL,2707146783,4.68195411,48181.87419,410450,95.64512743
2017,Greenland,GRL,2851610656,0.052728183,50765.69565,410450,81.21914868
2018,Greenland,GRL,3040414278,1.845848009,54270.82231,410450,93.94123316
2019,Greenland,GRL,2982247279,1.67877331,53041.30331,410450,91.32626784
2020,Greenland,GRL,2924080279,1.51169861,51811.78431,410450,88.71130252
2016,Grenada,GRD,1061640741,3.739651388,9628.259169,340,30.20400172
2017,Grenada,GRD,1125685185,4.438675669,10152.83281,340,33.83068791
2018,Grenada,GRD,1166523556,4.299405392,10466.88221,340,33.77086299
2019,Grenada,GRD,1212694407,0.7355827,10827.43529,340,20.08646009
2020,Grenada,GRD,1042100556,-13.70773068,9261.551876,340,-40.1661275
2016,Guam,GUM,5901000000,0.181983621,36214.00692,540,58.0702747
2017,Guam,GUM,6013000000,0.890099909,36601.91988,540,61.51701963
2018,Guam,GUM,6060000000,-0.720201656,36556.67491,540,55.00423427
2019,Guam,GUM,6364000000,2.538991658,38040.58699,540,70.3907152
2020,Guam,GUM,5844000000,-11.85001769,34624.34013,540,7.425410785
2016,Guatemala,GTM,66053725049,2.677802555,4173.301666,107160,17.55881624
2017,Guatemala,GTM,71654134379,3.079851491,4454.04815,107160,19.61789116
2018,Guatemala,GTM,73208583759,3.322097997,4478.424646,107160,20.62724569
2019,Guatemala,GTM,77020015201,3.866856575,4638.634943,107160,23.06428082
2020,Guatemala,GTM,77604632171,-1.519328029,4603.339617,107160,1.464329725
2016,Guinea,GIN,8595955581,10.82062144,732.2915119,245720,44.82983816
2017,Guinea,GIN,10324668267,10.30000049,855.5752706,245720,42.94451394
2018,Guinea,GIN,11857030337,6.358491927,955.1112811,245720,27.33781707
2019,Guinea,GIN,13513809258,5.646175568,1058.143368,245720,24.65356617
2020,Guinea,GIN,15681050917,6.988559971,1194.037865,245720,30.2407297
2016,Guinea-Bissau,GNB,1179004941,6.262805638,661.4578387,28120,26.14307875
2017,Guinea-Bissau,GNB,1350177128,5.919176626,738.5499449,28120,24.890812
2018,Guinea-Bissau,GNB,1504630121,1.283736703,802.7673851,28120,6.450899081
2019,Guinea-Bissau,GNB,1439638443,4.499999992,749.453747,28120,19.23147075
2020,Guinea-Bissau,GNB,1431758243,-2.399999999,727.5201717,28120,-8.403263902
2016,Guyana,GUY,4482697337,3.807918837,5811.397924,196850,24.74046796
2017,Guyana,GUY,4748174334,3.734374061,6124.95367,196850,24.94302001
2018,Guyana,GUY,4787636237,4.441013589,6145.819277,196850,27.80265805
2019,Guyana,GUY,5173760192,5.352627426,6609.51128,196850,32.18368118
2020,Guyana,GUY,5471256595,43.47955594,6955.939217,196850,185.2402069
2016,Haiti,HTI,13987693739,1.812468078,1290.380508,27560,9.351217285
2017,Haiti,HTI,15035560373,2.510271345,1369.063734,27560,12.26819991
2018,Haiti,HTI,16455034353,1.667810955,1479.345827,27560,9.074580247
2019,Haiti,HTI,14785839383,-1.684595081,1312.770636,27560,-4.60067538
2020,Haiti,HTI,14508218017,-3.343372612,1272.367992,27560,-11.30006884
2016,Heavily indebted poor countries (HIPC),HPC,6.68494E+11,4.423451767,905.3437711,19357335.24,49.68101911
2017,Heavily indebted poor countries (HIPC),HPC,7.20194E+11,5.004218502,948.7389983,19357309.95,52.13179051
2018,Heavily indebted poor countries (HIPC),HPC,7.68422E+11,4.345091512,984.8605238,19357325.11,49.60756972
2019,Heavily indebted poor countries (HIPC),HPC,7.89832E+11,4.418947623,985.1862838,19357325.11,49.92795904
2020,Heavily indebted poor countries (HIPC),HPC,7.97697E+11,0.381128608,968.6904998,19357325.11,33.75954872
2016,High income,HIC,4.90962E+13,1.82709096,41112.5094,34942329.89,182.2402763
2017,High income,HIC,5.13172E+13,2.377837435,42754.56422,34942307.87,189.5792246
2018,High income,HIC,5.45575E+13,2.351877378,45240.56275,34946338.29,197.1177951
2019,High income,HIC,5.50456E+13,1.763695621,45462.37168,34946338.29,195.6737156
2020,High income,HIC,5.34611E+13,-4.487604662,44003.41371,34946338.29,166.549132
2016,Honduras,HND,21566622850,3.892972197,2326.297278,111890,19.45175543
2017,Honduras,HND,22975415842,4.842913911,2436.671636,111890,23.42787807
2018,Honduras,HND,23900438564,3.84499477,2492.868968,111890,19.52623064
2019,Honduras,HND,24915522849,2.653066255,2556.456891,111890,14.8603495
2020,Honduras,HND,23662231634,-8.964760184,2389.012431,111890,-31.87748903
2016,"Hong Kong SAR, China",HKG,3.20838E+11,2.169494388,43731.10682,1050,78.28197972
2017,"Hong Kong SAR, China",HKG,3.41244E+11,3.791005986,46165.85651,1050,88.64607617
2018,"Hong Kong SAR, China",HKG,3.61692E+11,2.846447939,48542.68187,1050,88.65423367
2019,"Hong Kong SAR, China",HKG,3.63016E+11,-1.67975617,48354.47337,1050,70.25295456
2020,"Hong Kong SAR, China",HKG,3.46586E+11,-6.081467784,46323.86344,1050,49.41244104
2016,Hungary,HUN,1.28636E+11,2.191960369,13107.37791,91260,29.80706062
2017,Hungary,HUN,1.43136E+11,4.268557419,14623.69665,91260,40.53067495
2018,Hungary,HUN,1.60587E+11,5.359496489,16427.37276,91260,47.76997687
2019,Hungary,HUN,1.63526E+11,4.554063072,16735.65978,91260,45.03968663
2020,Hungary,HUN,1.55808E+11,-4.675686993,15980.74089,91260,6.91666927
2016,IBRD only,IBD,2.59858E+13,4.66947383,5526.653885,71070976.9,166.4792541
2017,IBRD only,IBD,2.86801E+13,5.206204101,6042.981493,71070991.2,172.5204513
2018,IBRD only,IBD,3.04789E+13,4.850668055,6366.562673,71071078.2,173.664938
2019,IBRD only,IBD,3.11841E+13,3.979380403,6461.334545,71071078.2,171.1350956
2020,IBRD only,IBD,2.99006E+13,-1.501036995,6149.361544,71071078.2,147.2537942
2016,Iceland,ISL,20793168031,6.303687107,61987.92636,100250,123.5333526
2017,Iceland,ISL,24728285177,4.194948829,72010.14903,100250,130.970285
2018,Iceland,ISL,26267063758,4.892180731,74469.80406,100830,137.6560396
2019,Iceland,ISL,24857740445,2.434823,68941.46223,100830,119.0724133
2020,Iceland,ISL,21718075725,-6.50391225,59270.18005,100830,68.00211138
2016,IDA & IBRD total,IBT,2.79441E+13,4.557698931,4461.24653,96071736.24,205.0571882
2017,IDA & IBRD total,IBT,3.07045E+13,5.12409418,4840.465332,96071433.23,211.0749998
2018,IDA & IBRD total,IBT,3.26238E+13,4.822949872,5080.875749,96060596.43,212.4261876
2019,IDA & IBRD total,IBT,3.34226E+13,3.979622132,5144.345338,96060596.43,210.0655031
2020,IDA & IBRD total,IBT,3.21393E+13,-1.402399848,4891.090255,96060596.43,186.6710247
2016,IDA blend,IDB,9.42118E+11,1.685486017,1795.212451,4384558,17.40775585
2017,IDA blend,IDB,9.25119E+11,2.854073248,1723.164886,4384557,21.94862384
2018,IDA blend,IDB,9.66188E+11,3.637637718,1759.496365,4384525,25.18725331
2019,IDA blend,IDB,9.98391E+11,2.338671221,1777.851069,4384525,20.05722156
2020,IDA blend,IDB,9.61669E+11,-1.320759928,1674.917871,4384525,5.214595759
2016,IDA only,IDX,1.01597E+12,4.610322123,979.6875448,20616201.34,52.88037242
2017,IDA only,IDX,1.10037E+12,5.258808501,1037.689587,20615885.03,55.6620417
2018,IDA only,IDX,1.17994E+12,5.252169389,1088.072474,20604993.23,55.78936198
2019,IDA only,IDX,1.24094E+12,5.530195817,1118.853957,20604993.23,57.01986342
2020,IDA only,IDX,1.27844E+12,1.009544864,1126.932467,20604993.23,38.99287164
2016,IDA total,IDA,1.95809E+12,3.143279009,1253.714436,25000759.34,55.26963907
2017,IDA total,IDA,2.02549E+12,4.069685864,1268.089953,25000442.03,59.0745061
2018,IDA total,IDA,2.14613E+12,4.4631218,1313.77412,24989518.23,60.8415383
2019,IDA total,IDA,2.23934E+12,3.982771814,1340.363459,24989518.23,59.06867168
2020,IDA total,IDA,2.23942E+12,-0.11019519,1310.67516,24989518.23,42.64990231
2016,India,IND,2.2948E+12,8.256305502,1732.554242,2973190,42.96449088
2017,India,IND,2.65147E+12,6.795383419,1980.66702,2973190,37.92093161
2018,India,IND,2.70111E+12,6.532989011,1996.915087,2973190,36.95376427
2019,India,IND,2.8705E+12,4.041554187,2100.751461,2973190,27.34586164
2020,India,IND,2.66025E+12,-7.251754782,1927.707823,2973190,-18.3414496
2016,Indonesia,IDN,9.31877E+11,5.033069183,3562.816334,1877519,29.72663146
2017,Indonesia,IDN,1.01562E+12,5.069785901,3837.578024,1877519,30.40413683
2018,Indonesia,IDN,1.04227E+12,5.17429154,3893.859578,1877519,30.94170217
2019,Indonesia,IDN,1.11909E+12,5.018159715,4135.201531,1877519,30.78699822
2020,Indonesia,IDN,1.05842E+12,-2.069543499,3869.588427,1877519,1.946380852
2016,"Iran, Islamic Rep.",IRN,4.17984E+11,13.39624262,5253.42656,1628760,64.88624993
2017,"Iran, Islamic Rep.",IRN,4.45345E+11,3.755196452,5520.314782,1628760,26.77585445
2018,"Iran, Islamic Rep.",IRN,2.94357E+11,-6.025971803,3598.483454,1628760,-15.56392625
2019,"Iran, Islamic Rep.",IRN,2.58245E+11,-6.78422367,3114.622753,1628760,-19.40422991
2020,"Iran, Islamic Rep.",IRN,2.03471E+11,3.388261665,2422.480657,1628760,20.12734721
2016,Iraq,IRQ,1.66602E+11,13.78737302,4550.658638,434128,63.21255663
2017,Iraq,IRQ,1.87218E+11,-1.819750351,4985.452879,434128,1.495980343
2018,Iraq,IRQ,2.27367E+11,2.633850991,5915.850854,434128,20.82926101
2019,Iraq,IRQ,2.35097E+11,5.957327503,5980.626918,434128,34.23454896
2020,Iraq,IRQ,1.66757E+11,-15.67309279,4145.862936,434128,-55.27001115
2016,Ireland,IRL,2.98725E+11,2.042232527,62818.96636,68890,108.0723816
2017,Ireland,IRL,3.34602E+11,8.940012772,69601.68388,68890,146.4430128
2018,Ireland,IRL,3.84854E+11,9.0301611,79068.97461,68890,161.8498036
2019,Ireland,IRL,3.99122E+11,4.917006978,80886.61574,68890,148.2912085
2020,Ireland,IRL,4.25889E+11,5.866975509,85267.76474,68890,159.057976
2016,Isle of Man,IMN,6846691871,6.952311475,82197.12677,570,157.9541458
2017,Isle of Man,IMN,6979581725,4.688811187,83477.83429,570,150.9279392
2018,Isle of Man,IMN,7491969313,2.213403992,89112.66772,570,149.9480813
2019,Isle of Man,IMN,7315388052,0.25486132,86481.55259,570,137.9480727
2020,Isle of Man,IMN,8137246754,-2.52550349,96028.20866,570,141.9420168
2016,Israel,ISR,3.19024E+11,4.462753818,37330.2618,21640,77.35068306
2017,Israel,ISR,3.55277E+11,4.377044428,40774.12961,21640,82.50164837
2018,Israel,ISR,3.73641E+11,3.983424594,42063.45313,21640,82.98942403
2019,Israel,ISR,3.97935E+11,3.77358981,43951.24773,21640,85.16662291
2020,Israel,ISR,4.07101E+11,-2.153428489,44168.94364,21640,61.81367785
2016,Italy,ITA,1.8758E+12,1.293462732,30939.71425,294140,56.75302782
2017,Italy,ITA,1.95695E+12,1.667859041,32326.67421,294140,60.5391512
2018,Italy,ITA,2.09091E+12,0.925810941,34605.26273,297730,61.33697116
2019,Italy,ITA,2.00938E+12,0.410278294,33641.63375,297730,57.65610179
2020,Italy,ITA,1.88871E+12,-8.9385925,31714.22095,297730,17.07129205
2016,Jamaica,JAM,14077109397,1.375223064,4843.7499,10830,13.20236076
2017,Jamaica,JAM,14808989993,0.997123062,5070.099503,10830,12.04915794
2018,Jamaica,JAM,15730793853,1.889923681,5359.993789,10830,16.08037976
2019,Jamaica,JAM,15830768550,0.892291654,5369.498371,10830,12.10501367
2020,Jamaica,JAM,13812425037,-10,4664.530242,10830,-32.58257806
2016,Japan,JPN,5.00368E+12,0.753826746,39400.73936,364500,71.67037948
2017,Japan,JPN,4.93084E+12,1.675331752,38891.08627,364500,74.46632481
2018,Japan,JPN,5.03689E+12,0.558851275,39808.16856,364500,71.5734575
2019,Japan,JPN,5.14878E+12,0.270304645,40777.6087,364500,72.08188394
2020,Japan,JPN,5.05776E+12,-4.585508281,40193.25244,364500,51.62952182
2016,Jordan,JOR,39892551127,1.994180849,4175.356602,88780,14.76942123
2017,Jordan,JOR,41408960845,2.087114551,4231.51828,88780,15.23180407
2018,Jordan,JOR,42932112676,1.934091701,4308.151074,88780,14.7427787
2019,Jordan,JOR,44502895915,1.955466358,4405.487109,88780,14.98417555
2020,Jordan,JOR,43697659296,-1.551384466,4282.765825,88780,0.761557802
2016,Kazakhstan,KAZ,1.37278E+11,1.1,7714.841844,2699700,20.92583653
2017,Kazakhstan,KAZ,1.66806E+11,4.1,9247.581331,2699700,35.3862211
2018,Kazakhstan,KAZ,1.7934E+11,4.1,9812.626371,2699700,36.29512584
2019,Kazakhstan,KAZ,1.81667E+11,4.5,9812.595808,2699700,37.89773504
2020,Kazakhstan,KAZ,1.71082E+11,-2.5,9122.23343,2699700,8.792651408
2016,Kenya,KEN,74815121315,4.213517068,1525.235192,569140,20.23018114
2017,Kenya,KEN,82035800868,3.815506427,1633.491216,569140,18.81777756
2018,Kenya,KEN,92202956321,5.62910144,1794.091175,569140,26.33803339
2019,Kenya,KEN,1.00555E+11,4.981132628,1912.647867,569140,23.9433979
2020,Kenya,KEN,1.01014E+11,-0.316182729,1878.580703,569140,2.700723923
2016,Kiribati,KIR,178328984.1,5.137719245,1584.738015,810,23.06131744
2017,Kiribati,KIR,187276124.8,0.889757537,1640.571205,810,6.157877102
2018,Kiribati,KIR,200157020.6,3.775954286,1727.845001,810,17.8408525
2019,Kiribati,KIR,188391770.6,3.926445438,1601.861869,810,18.24334455
2020,Kiribati,KIR,197508774.3,-1.947556647,1653.540297,810,-5.170835012
2016,"Korea, Rep.",KOR,1.50011E+12,2.946881715,29288.87044,97489,60.02139089
2017,"Korea, Rep.",KOR,1.6239E+12,3.15963574,31616.8434,97510,64.69949883
2018,"Korea, Rep.",KOR,1.72485E+12,2.907403774,33422.94421,97520,66.66531785
2019,"Korea, Rep.",KOR,1.65142E+12,2.24397786,31936.79635,97520,61.57486751
2020,"Korea, Rep.",KOR,1.6379E+12,-0.852031429,31631.46945,97520,48.69198288
2016,Kosovo,XKX,6682832632,5.571756507,3759.560246,10887,28.26362656
2017,Kosovo,XKX,7180813376,4.825690427,4009.380987,10887,25.67545232
2018,Kosovo,XKX,7878508503,3.406631008,4384.048892,10887,20.59319343
2019,Kosovo,XKX,7899879086,4.756830619,4416.108358,10887,26.04477349
2020,Kosovo,XKX,7716925356,-5.340275302,4346.637931,10887,-14.45384615
2016,Kuwait,KWT,1.0942E+11,2.925868226,27653.15762,17820,55.63690677
2017,Kuwait,KWT,1.20707E+11,-4.712106209,29759.46747,17820,28.4326529
2018,Kuwait,KWT,1.38182E+11,1.246129408,33399.06044,17820,58.04783065
2019,Kuwait,KWT,1.36197E+11,0.42746394,32373.25112,17820,53.14681856
2020,Kuwait,KWT,1.0596E+11,-8.685261653,24811.76971,17820,4.68989206
2016,Kyrgyz Republic,KGZ,6813092066,4.335855917,1120.666513,191800,19.42064197
2017,Kyrgyz Republic,KGZ,7702934800,4.739937225,1242.769643,191800,21.2312996
2018,Kyrgyz Republic,KGZ,8271108638,3.757910125,1308.140165,191800,17.40733601
2019,Kyrgyz Republic,KGZ,8871026074,4.600625666,1374.032105,191800,20.88320475
2020,Kyrgyz Republic,KGZ,7735976273,-8.616551031,1173.611304,191800,-32.30410862
2016,Lao PDR,LAO,15912495369,7.022836255,2324.400917,230800,32.14475198
2017,Lao PDR,LAO,17071162084,6.892530873,2455.211559,230800,31.83195574
2018,Lao PDR,LAO,18141651381,6.247960008,2569.093892,230800,29.43519563
2019,Lao PDR,LAO,18897252233,5.457735092,2635.800015,230800,26.38076937
2020,Lao PDR,LAO,19132635712,0.50303183,2629.714583,230800,6.552590533
2016,Late-demographic dividend,LTE,1.85202E+13,4.444204888,8156.791158,44558200.9,120.4142859
2017,Late-demographic dividend,LTE,2.05513E+13,5.295685621,8992.624769,44558193.2,127.4629215
2018,Late-demographic dividend,LTE,2.2532E+13,5.394096535,9805.567547,44558553.2,131.4060657
2019,Late-demographic dividend,LTE,2.29586E+13,4.70913464,9945.172444,44558553.2,129.3744907
2020,Late-demographic dividend,LTE,2.24334E+13,0.142014398,9683.425159,44558553.2,110.0917881
2016,Latin America & Caribbean,LCN,5.24921E+12,-0.152699274,8352.056223,20039160,49.44655619
2017,Latin America & Caribbean,LCN,5.83053E+12,1.87589604,9188.21003,20038920,59.54822486
2018,Latin America & Caribbean,LCN,5.70388E+12,1.625375788,8905.581337,20038977,57.95414043
2019,Latin America & Caribbean,LCN,5.62726E+12,0.797500501,8705.117098,20038977,54.23775905
2020,Latin America & Caribbean,LCN,4.72552E+12,-6.722427286,7244.659419,20038977,20.8160665
2016,Latin America & Caribbean (excluding high income),LAC,4.52726E+12,-0.232559819,7930.901915,18211020,44.82242779
2017,Latin America & Caribbean (excluding high income),LAC,5.04719E+12,2.053169951,8744.995172,18210780,55.8476048
2018,Latin America & Caribbean (excluding high income),LAC,4.9056E+12,1.65484389,8408.174698,18210837,53.55943598
2019,Latin America & Caribbean (excluding high income),LAC,4.8494E+12,0.78715465,8226.236324,18210837,49.73644966
2020,Latin America & Caribbean (excluding high income),LAC,4.03527E+12,-6.78442876,6779.199717,18210837,16.22943072
2016,Latin America & the Caribbean (IDA & IBRD countries),TLA,5.0145E+12,-0.151234155,8186.788135,19913412,48.72920438
2017,Latin America & the Caribbean (IDA & IBRD countries),TLA,5.59091E+12,1.984439359,9037.221549,19913412,59.27656079
2018,Latin America & the Caribbean (IDA & IBRD countries),TLA,5.46207E+12,1.729455104,8743.527883,19913469,57.64459397
2019,Latin America & the Caribbean (IDA & IBRD countries),TLA,5.37651E+12,0.800405257,8525.421861,19913469,53.48538648
2020,Latin America & the Caribbean (IDA & IBRD countries),TLA,4.47821E+12,-6.658719393,7035.753075,19913469,20.26457535
2016,Latvia,LVA,28064533352,2.367609543,14322.02268,62120,32.27301287
2017,Latvia,LVA,30408509602,3.31308889,15656.34749,62110,38.17012247
2018,Latvia,LVA,34412210812,3.989480387,17856.30712,62090,44.36325171
2019,Latvia,LVA,34308783825,2.484326355,17926.84159,62090,38.45418911
2020,Latvia,LVA,33707320816,-3.618565992,17726.25294,62090,13.72435674
2016,Least developed countries: UN classification,LDC,9.36301E+11,3.830085498,971.750509,20373314.34,49.28208378
2017,Least developed countries: UN classification,LDC,1.02544E+12,4.47427809,1039.597402,20372998.03,52.06758243
2018,Least developed countries: UN classification,LDC,1.06322E+12,4.515572956,1053.010576,20372993.23,52.29712481
2019,Least developed countries: UN classification,LDC,1.10736E+12,5.022681493,1071.583498,20372993.23,54.40537838
2020,Least developed countries: UN classification,LDC,1.11428E+12,0.685682026,1053.752571,20372993.23,37.03704776
2016,Lebanon,LBN,51389318291,1.582054551,7653.73363,10230,18.5201975
2017,Lebanon,LBN,53324800959,0.782014001,7819.60467,10230,15.58485605
2018,Lebanon,LBN,55276157552,-1.702174807,8058.444337,10230,6.028465141
2019,Lebanon,LBN,51953744507,-7.15724707,7578.172368,10230,-16.55599459
2020,Lebanon,LBN,31735217785,-21.46426628,4649.547646,10230,-78.44382003
2016,Lesotho,LSO,2114323794,3.588364597,1018.931093,30360,16.0157891
2017,Lesotho,LSO,2306843529,-3.141949946,1102.94441,30360,-10.77223759
2018,Lesotho,LSO,2514146888,-1.223137311,1192.48432,30360,-2.954988863
2019,Lesotho,LSO,2366213069,-0.381431982,1113.37214,30360,0.286411468
2020,Lesotho,LSO,1875227642,-9.614037019,875.353433,30360,-37.02140555
2016,Liberia,LBR,3398419600,-1.554958617,740.914906,96320,-4.894687597
2017,Liberia,LBR,3390703400,2.45515592,721.085044,96320,11.11436669
2018,Liberia,LBR,3422754800,1.157575122,710.2659984,96320,5.906951162
2019,Liberia,LBR,3319596500,-2.467297635,672.3404992,96320,-8.652702112
2020,Liberia,LBR,3201187800,-2.982916281,632.9363856,96320,-10.77769733
2016,Libya,LBY,26197143268,-2.79546889,4035.196802,1759540,-2.055463648
2017,Libya,LBY,37883243650,26.68090263,5756.699325,1759540,118.5888863
2018,Libya,LBY,52607888718,15.13279989,7877.12461,1759540,75.77039189
2019,Libya,LBY,52091152228,2.535953478,7685.948132,1759540,25.07974156
2020,Libya,LBY,25418916029,-31.30000005,3699.294765,1759540,-116.6062841
2016,Lithuania,LTU,43018087238,2.518828273,14998.12506,62642,33.96618701
2017,Lithuania,LTU,47640770634,4.282596951,16843.69965,62641,43.94849131
2018,Lithuania,LTU,53724663843,3.993310328,19176.81215,62630,46.49210783
2019,Lithuania,LTU,54697379017,4.573771737,19575.76848,62630,49.44670025
2020,Lithuania,LTU,56546957475,-0.132431461,20233.64135,62630,31.66555765
2016,Low & middle income,LMY,2.69453E+13,4.61461561,4339.347951,94132254.24,200.9664771
2017,Low & middle income,LMY,2.95959E+13,5.168628802,4705.596406,94131711.23,206.7884357
2018,Low & middle income,LMY,3.14124E+13,4.828861035,4933.137291,94120894.43,207.8473374
2019,Low & middle income,LMY,3.22202E+13,3.989481259,4999.985276,94120894.43,205.5181793
2020,Low & middle income,LMY,3.09932E+13,-1.352160949,4754.8241,94120894.43,182.3622048
2016,Low income,LIC,3.87204E+11,2.219230176,646.1046361,14953599.34,33.35523652
2017,Low income,LIC,4.09138E+11,3.132787385,665.3024541,14953573.03,37.06486672
2018,Low income,LIC,4.25615E+11,3.543556322,674.3506031,14953572.23,38.74108234
2019,Low income,LIC,4.4844E+11,4.416360912,692.1752812,14953572.23,42.28658728
2020,Low income,LIC,4.5973E+11,0.621414106,691.1683328,14953572.23,27.11809842
2016,Lower middle income,LMC,6.73746E+12,5.936798517,2139.539533,25599991.4,74.22627042
2017,Lower middle income,LMC,7.24652E+12,5.179460909,2268.424167,25599710.4,71.98187401
2018,Lower middle income,LMC,7.34692E+12,4.610893635,2267.546848,25599745,69.82092657
2019,Lower middle income,LMC,7.73577E+12,3.564290579,2354.578725,25599745,66.21635806
2020,Lower middle income,LMC,7.38477E+12,-3.415832133,2217.214884,25599745,37.67755852
2016,Luxembourg,LUX,62174650367,4.978190437,106826.7264,2430,189.1178024
2017,Luxembourg,LUX,65549868207,1.317187663,109921.0314,2430,179.3766139
2018,Luxembourg,LUX,71250208996,2.00437712,117197.4817,2430,193.652109
2019,Luxembourg,LUX,70195715496,3.283806756,113218.7133,2430,192.4693544
2020,Luxembourg,LUX,73353132794,-1.776240229,116014.6025,2430,176.6592821
2016,"Macao SAR, China",MAC,45070605746,-0.6789426,73545.75824,30.5,113.7749228
2017,"Macao SAR, China",MAC,50440941939,9.983192244,81019.47377,30.8,168.2621376
2018,"Macao SAR, China",MAC,55284360483,6.464613521,87526.07999,32.9,164.4947515
2019,"Macao SAR, China",MAC,55204758070,-2.511980044,86197.36569,32.9,126.4846382
2020,"Macao SAR, China",MAC,25586111076,-54.01140215,39403.13591,32.9,-153.6324735
2016,Madagascar,MDG,11848613735,3.993146064,475.9555568,581800,17.63503337
2017,Madagascar,MDG,13176313594,3.933307595,515.2933234,581800,17.45947605
2018,Madagascar,MDG,13760033097,3.194356515,523.9459714,581800,14.51803738
2019,Madagascar,MDG,14104664515,4.41123213,522.9895243,581800,19.38441913
2020,Madagascar,MDG,13056079982,-7.140611591,471.4914963,581800,-26.90568596
2016,Malawi,MWI,5433040160,2.484040625,315.7779871,94280,10.58740771
2017,Malawi,MWI,8943543677,4.000030517,506.1372944,94280,16.95675698
2018,Malawi,MWI,9880675786,4.391688296,544.5934354,94280,18.58534284
2019,Malawi,MWI,11025357838,5.448181336,591.8463896,94280,22.88743405
2020,Malawi,MWI,12182348213,0.799998331,636.8205368,94280,4.367227287
2016,Malaysia,MYS,3.01255E+11,4.449781398,9817.78709,328550,34.1925052
2017,Malaysia,MYS,3.19112E+11,5.81272241,10259.30481,328550,40.36368116
2018,Malaysia,MYS,3.58792E+11,4.84305661,11380.08209,328550,38.30476863
2019,Malaysia,MYS,3.65276E+11,4.439471288,11432.823,328550,36.78133315
2020,Malaysia,MYS,3.37006E+11,-5.646944836,10412.34898,328550,-5.21225078
2016,Maldives,MDV,4379136462,6.338300636,9209.443564,300,39.93924804
2017,Maldives,MDV,4754175869,7.209910123,9577.346946,300,44.00858657
2018,Maldives,MDV,5300962660,8.123128908,10279.07998,300,48.77308448
2019,Maldives,MDV,5607762625,6.883688846,10561.61351,300,44.26298757
2020,Maldives,MDV,3742769967,-33.4999021,6924.105745,300,-123.0324841
2016,Mali,MLI,14026048691,5.852299199,780.7235695,1220190,26.53911374
2017,Mali,MLI,15365714371,5.305456084,830.0215153,1220190,24.43132067
2018,Mali,MLI,17070866299,4.746484327,894.8047765,1220190,22.29994708
2019,Mali,MLI,17280251194,4.756160808,879.0431873,1220190,22.31393804
2020,Mali,MLI,17465392916,-1.235450447,862.4530188,1220190,-1.678561458
2016,Malta,MLT,11721521913,4.090917429,25741.44606,320,57.13194162
2017,Malta,MLT,13221298308,8.119425289,28250.69777,320,77.22038537
2018,Malta,MLT,14864712990,5.179224796,30672.29224,320,69.29537895
2019,Malta,MLT,15215714309,5.539566337,30186.19596,320,69.96754818
2020,Malta,MLT,14647384608,-7.001129615,27884.64283,320,16.16024847
2016,Marshall Islands,MHL,201510900,1.313258123,3490.998389,180,10.78056102
2017,Marshall Islands,MHL,213204100,3.250554809,3672.576783,180,18.81723982
2018,Marshall Islands,MHL,221588900,3.574750982,3793.550983,180,20.30556296
2019,Marshall Islands,MHL,239462200,6.644663737,4073.10983,180,33.02783778
2020,Marshall Islands,MHL,244462400,-2.207605402,4129.850998,180,-2.291399264
2016,Mauritania,MRT,6398744505,1.260909224,1536.854888,1030700,9.070346195
2017,Mauritania,MRT,6799075419,6.270545694,1587.611263,1030700,29.18970779
2018,Mauritania,MRT,7354430040,4.526746225,1670.204165,1030700,22.34590691
2019,Mauritania,MRT,7889662452,5.75993059,1743.302901,1030700,27.39498703
2020,Mauritania,MRT,7913680231,-1.763321794,1701.991163,1030700,-2.763400678
2016,Mauritius,MUS,12232463656,3.837932654,9681.618567,2030,30.6969641
2017,Mauritius,MUS,13259351418,3.814152108,10484.90836,2030,31.87479973
2018,Mauritius,MUS,14181951059,3.759677227,11208.34382,2030,32.80331188
2019,Mauritius,MUS,14045808843,3.012375903,11097.16898,2030,29.63793678
2020,Mauritius,MUS,10920606198,-14.89468757,8627.843157,2030,-45.90337407
2016,Mexico,MEX,1.07849E+12,2.630532425,8744.515559,1943950,28.58992209
2017,Mexico,MEX,1.15891E+12,2.113129135,9287.849587,1943950,27.47236656
2018,Mexico,MEX,1.22241E+12,2.194994725,9686.984927,1943950,28.50425781
2019,Mexico,MEX,1.26943E+12,-0.176599456,9950.45008,1943950,19.48870653
2020,Mexico,MEX,1.07392E+12,-8.309034659,8329.271313,1943950,-15.83099383
2016,"Micronesia, Fed. Sts.",FSM,332265200,0.900180417,3014.700358,700,8.375114815
2017,"Micronesia, Fed. Sts.",FSM,366666800,2.682185944,3289.642117,700,15.93846973
2018,"Micronesia, Fed. Sts.",FSM,401932300,0.2116536,3568.291016,700,6.497543372
2019,"Micronesia, Fed. Sts.",FSM,408057100,1.174799228,3585.392449,700,10.37720822
2020,"Micronesia, Fed. Sts.",FSM,410083600,-1.765415152,3565.293294,700,-1.415468384
2016,Middle East & North Africa,MEA,3.10514E+12,4.584012413,7161.033137,11223348,50.49196976
2017,Middle East & North Africa,MEA,3.22552E+12,1.659198446,7309.14272,11223349,39.16467396
2018,Middle East & North Africa,MEA,3.36828E+12,1.475677069,7502.176788,11223349,38.89923933
2019,Middle East & North Africa,MEA,3.40615E+12,1.16101939,7458.022736,11223349,37.6139445
2020,Middle East & North Africa,MEA,3.03558E+12,-3.987742524,6534.395623,11223349,15.13341242
2016,Middle East & North Africa (excluding high income),MNA,1.4039E+12,6.714220549,3791.302622,8641089,47.76097715
2017,Middle East & North Africa (excluding high income),MNA,1.38469E+12,2.816720599,3676.931343,8641089,31.96796882
2018,Middle East & North Africa (excluding high income),MNA,1.32022E+12,0.599138759,3447.444185,8641089,22.66068606
2019,Middle East & North Africa (excluding high income),MNA,1.34354E+12,0.556792432,3449.765626,8641089,22.52160575
2020,Middle East & North Africa (excluding high income),MNA,1.19575E+12,-3.487914766,3018.433655,8641089,5.491112005
2016,Middle East & North Africa (IDA & IBRD countries),TMN,1.38849E+12,6.692319274,3794.449568,8635069,47.65149725
2017,Middle East & North Africa (IDA & IBRD countries),TMN,1.36856E+12,2.831242058,3677.608552,8635069,31.99944452
2018,Middle East & North Africa (IDA & IBRD countries),TMN,1.30394E+12,0.592702744,3446.056905,8635069,22.60489362
2019,Middle East & North Africa (IDA & IBRD countries),TMN,1.3264E+12,0.548480373,3447.243891,8635069,22.4555345
2020,Middle East & North Africa (IDA & IBRD countries),TMN,1.18018E+12,-3.404155854,3015.703551,8635069,5.794783911
2016,Middle income,MIC,2.6558E+13,4.651009919,4733.851353,79178654.9,178.2811737
2017,Middle income,MIC,2.9186E+13,5.198841618,5143.322474,79178138.2,184.121057
2018,Middle income,MIC,3.09856E+13,4.84756093,5401.503494,79167322.2,185.163141
2019,Middle income,MIC,3.17711E+13,3.983347831,5481.373758,79167322.2,182.7297299
2020,Middle income,MIC,3.05353E+13,-1.379661305,5216.947891,79167322.2,159.4478728
2016,Moldova,MDA,8071480541,4.408886724,2880.439281,32880,22.25573727
2017,Moldova,MDA,9669759987,4.69079339,3509.69345,32890,24.38145282
2018,Moldova,MDA,11456728401,4.301477742,4230.363037,32885.3,23.96720276
2019,Moldova,MDA,11970233940,3.683404261,4491.688827,32885.3,21.90923168
2020,Moldova,MDA,11915547263,-6.969047157,4547.059721,32885.3,-20.61297209
2016,Monaco,MCO,6472990923,3.451551047,170028.6557,2.027,283.0065102
2017,Monaco,MCO,6431314957,-3.500961422,167517.0597,2.027,251.2200016
2018,Monaco,MCO,7194024563,5.95627042,185978.6093,2.027,318.2785099
2019,Monaco,MCO,7383745662,6.905665492,189487.1471,2.027,327.6310971
2020,Monaco,MCO,6816219303,-11.75277338,173688.1894,2.027,227.9834544
2016,Mongolia,MNG,11181350461,1.489784485,3658.3903,1557255.4,14.16052345
2017,Mongolia,MNG,11480847745,5.63687639,3687.100003,1557255.4,30.79468689
2018,Mongolia,MNG,13178094459,7.74488062,4156.84697,1557255,39.97235458
2019,Mongolia,MNG,14206359007,5.602244219,4404.84583,1557255,31.79562019
2020,Mongolia,MNG,13312981595,-4.557751973,4060.950518,1557255,-9.389847015
2016,Montenegro,MNE,4374128319,2.949280321,7028.936577,13450,22.95117448
2017,Montenegro,MNE,4844592067,4.716465276,7784.06529,13450,31.21598707
2018,Montenegro,MNE,5504166667,5.077888811,8845.914219,13450,34.34357577
2019,Montenegro,MNE,5542674317,4.062944992,8910.650834,13450,30.38633683
2020,Montenegro,MNE,4769860741,-15.30689376,7677.152226,13450,-49.0468014
2016,Morocco,MAR,1.03312E+11,1.05985639,2896.722196,446300,9.630399706
2017,Morocco,MAR,1.09683E+11,4.254603273,3035.454433,446300,22.63630658
2018,Morocco,MAR,1.18096E+11,3.148502656,3226.982794,446300,18.52474376
2019,Morocco,MAR,1.1987E+11,2.607935495,3235.00066,446300,16.37719526
2020,Morocco,MAR,1.14725E+11,-6.29325316,3058.691689,446300,-19.51257125
2016,Mozambique,MOZ,11936999283,3.824214319,428.9266729,786380,17.1997937
2017,Mozambique,MOZ,13219084261,3.741317593,461.4150941,786380,16.92110724
2018,Mozambique,MOZ,14845870051,3.44381384,503.3179252,786380,15.7992914
2019,Mozambique,MOZ,15384701798,2.31460601,506.6416391,786380,11.28833759
2020,Mozambique,MOZ,14019446610,-1.233905711,448.5442807,786380,-2.999249324
2016,Myanmar,MMR,60291738935,10.50778078,1136.610665,653080,44.90455385
2017,Myanmar,MMR,61449391917,5.7500645,1151.114462,652790,25.89752714
2018,Myanmar,MMR,67144726168,6.404977325,1250.173691,652790,28.68051497
2019,Myanmar,MMR,68697761477,6.750460146,1271.111575,652790,30.09736906
2020,Myanmar,MMR,79852046611,3.1737744,1467.604281,652790,16.11445528
2016,Namibia,NAM,10721994677,0.03379445,4546.986688,823290,8.613328721
2017,Namibia,NAM,12895153160,-1.027250827,5367.114674,823290,5.670073011
2018,Namibia,NAM,13682062249,1.059943471,5588.392864,823290,14.37008107
2019,Namibia,NAM,12496781720,-0.88809916,5009.685904,823290,5.660336075
2020,Namibia,NAM,10619194505,-8.500149038,4179.278066,823290,-26.10472658
2016,Nauru,NRU,99723394.96,3.571428571,9521.042101,20,29.35977121
2017,Nauru,NRU,109359680.2,-5.747126437,10339.38548,20,-6.618819532
2018,Nauru,NRU,124021393.7,6.097560976,11614.66508,20,42.77899609
2019,Nauru,NRU,118724073.8,0,11029.73558,20,17.46267358
2020,Nauru,NRU,114626625.6,1.149425287,10580.26819,20,21.3487639
2016,Nepal,NPL,24524098184,0.433113719,899.523581,143350,3.405217169
2017,Nepal,NPL,28971589213,8.977279356,1048.453755,143350,37.82274797
2018,Nepal,NPL,33111525183,7.622376105,1178.525932,143350,32.61379562
2019,Nepal,NPL,34186180695,6.657055428,1194.956876,143350,28.77975395
2020,Nepal,NPL,33657175561,-2.088378695,1155.142854,143350,-6.265621039
2016,Netherlands,NLD,7.83528E+11,2.191713719,46007.85292,33670,82.55402851
2017,Netherlands,NLD,8.3181E+11,2.910902513,48554.99228,33670,89.51860407
2018,Netherlands,NLD,9.13597E+11,2.360915095,53018.62936,33670,94.47897601
2019,Netherlands,NLD,9.10194E+11,1.955588416,52476.27325,33670,91.99511399
2020,Netherlands,NLD,9.13865E+11,-3.798635993,52397.11671,33670,68.8570863
2016,New Zealand,NZL,1.88943E+11,3.730079893,40080.49411,263310,78.99758813
2017,New Zealand,NZL,2.06951E+11,3.613281553,42992.89527,263310,83.16193257
2018,New Zealand,NZL,2.12226E+11,3.20574788,43306.07,263310,82.03364667
2019,New Zealand,NZL,2.12891E+11,1.633932613,42755.21626,263310,74.87502226
2020,New Zealand,NZL,2.10701E+11,1.862851533,41441.46667,263310,73.70824106
2016,Nicaragua,NIC,13286083645,4.562954429,2107.57406,120340,21.78894542
2017,Nicaragua,NIC,13785876629,4.632533981,2159.156714,120340,22.14950111
2018,Nicaragua,NIC,13025239912,-3.363687646,2014.575189,120340,-10.0651585
2019,Nicaragua,NIC,12611218627,-3.674794578,1926.699694,120340,-11.44918535
2020,Nicaragua,NIC,12621505383,-1.977329393,1905.261152,120340,-4.693254806
2016,Niger,NER,10398862245,5.740893151,500.2149113,1266700,25.71681798
2017,Niger,NER,11185102400,5.001359945,517.7715723,1266700,22.78737909
2018,Niger,NER,12808660528,7.210803008,570.723922,1266700,31.71084066
2019,Niger,NER,12916455161,5.941396863,554.0993893,1266700,26.60701887
2020,Niger,NER,13741378450,3.580006403,567.6698923,1266700,17.18388417
2016,Nigeria,NGA,4.0465E+11,-1.61686895,2176.002772,910770,-1.158632935
2017,Nigeria,NGA,3.75746E+11,0.80588662,1968.565398,910770,8.170963228
2018,Nigeria,NGA,3.9719E+11,1.922757342,2027.778549,910770,12.75668201
2019,Nigeria,NGA,4.4812E+11,2.208429277,2229.858652,910770,14.2774676
2020,Nigeria,NGA,4.32294E+11,-1.794253082,2097.092473,910770,-1.961533568
2016,North America,NAC,2.028E+13,1.654818141,56451.5175,18113064,147.0291392
2017,North America,NAC,2.11994E+13,2.388332081,58605.34429,18113064,154.4231239
2018,North America,NAC,2.23444E+13,2.978078505,61391.26977,18113064,162.5004305
2019,North America,NAC,2.31827E+13,2.138541211,63342.98218,18113064,163.1895964
2020,North America,NAC,2.26053E+13,-3.548586605,61502.09595,18113064,136.8671511
2016,North Macedonia,MKD,10672471861,2.848205194,5149.589074,25220,19.59675809
2017,North Macedonia,MKD,11307058382,1.081772738,5450.492881,25220,13.00815012
2018,North Macedonia,MKD,12683070061,2.88059671,6108.740108,25220,21.2471681
2019,North Macedonia,MKD,12606338449,3.910419538,6070.388054,25220,25.30565201
2020,North Macedonia,MKD,12263710123,-5.208444057,5917.262575,25220,-11.41262509
2016,Northern Mariana Islands,MNP,1230000000,29.21212121,21891.18479,460,151.5091773
2017,Northern Mariana Islands,MNP,1560000000,23.17073171,27584.74351,460,136.358157
2018,Northern Mariana Islands,MNP,1302000000,-19.34501142,22886.67405,460,-41.14319164
2019,Northern Mariana Islands,MNP,1182000000,-11.14258735,20659.64029,460,-11.85951862
2020,Northern Mariana Islands,MNP,993000000,-28.29924687,17197.08868,460,-85.96835643
2016,Norway,NOR,3.68827E+11,1.071558977,70460.56053,365145.73,116.8240029
2017,Norway,NOR,3.98394E+11,2.323290208,75496.75406,365122.96,129.8380637
2018,Norway,NOR,4.37E+11,1.118828479,82267.80932,365107.85,135.7843559
2019,Norway,NOR,4.04941E+11,0.745798219,75719.7529,365107.85,123.8886059
2020,Norway,NOR,3.62198E+11,-0.717182669,67329.67779,365107.85,104.7045293
2016,OECD members,OED,4.8398E+13,1.851697927,36072.08446,35507743.36,174.4313897
2017,OECD members,OED,5.05016E+13,2.5089281,37407.26433,35507720.04,181.5764442
2018,OECD members,OED,5.34691E+13,2.373009707,39372.83592,35511888.36,187.5398632
2019,OECD members,OED,5.39831E+13,1.741390627,39552.6618,35511888.36,185.8851248
2020,OECD members,OED,5.23927E+13,-4.469142563,38218.87237,35511888.36,157.1150597
2016,Oman,OMN,75128738622,5.046423946,16772.73921,309500,47.30275345
2017,Oman,OMN,80856697009,0.304057566,17329.18546,309500,29.22080638
2018,Oman,OMN,91505851756,1.287103915,18947.3665,309500,35.72709072
2019,Oman,OMN,88060858257,-1.129206457,17700.70349,309500,24.0841723
2020,Oman,OMN,73971391417,-3.20093599,14485.38612,309500,10.69060696
2016,Other small states,OSS,3.65871E+11,2.985016112,12384.39739,2031704,35.09185535
2017,Other small states,OSS,3.98012E+11,1.237858633,13201.51869,2031705,29.43361439
2018,Other small states,OSS,4.4155E+11,2.209113589,14354.44671,2032281,35.19457884
2019,Other small states,OSS,4.32772E+11,2.096898089,13799.58669,2032281,33.85722772
2020,Other small states,OSS,3.75853E+11,-5.107580294,11766.97374,2032281,1.756239147
2016,Pacific island small states,PSS,9456355296,3.729491329,3963.692373,64200,21.30296673
2017,Pacific island small states,PSS,10212037558,4.348110547,4220.256561,64200,24.18450434
2018,Pacific island small states,PSS,10656209173,2.917547276,4340.020744,64200,18.65237164
2019,Pacific island small states,PSS,10641343380,0.911326114,4270.411064,64200,10.51726252
2020,Pacific island small states,PSS,9530487872,-9.895311721,3768.543357,64200,-33.5051248
2016,Pakistan,PAK,2.78655E+11,5.526735845,1368.426961,770880,25.77804539
2017,Pakistan,PAK,3.04567E+11,5.554277437,1464.926195,770880,26.07058276
2018,Pakistan,PAK,3.14568E+11,5.836417498,1482.213067,770880,27.23793196
2019,Pakistan,PAK,2.79057E+11,1.144749605,1288.556325,770880,8.124106614
2020,Pakistan,PAK,2.6261E+11,-0.935389533,1188.859757,770880,-0.373073134
2016,Palau,PLW,298300000,-0.08336373,16835.986,460,26.32267754
2017,Palau,PLW,285300000,-3.283788455,16019.98989,460,12.22906175
2018,Palau,PLW,284700000,-0.107219442,15895.2599,460,24.73786198
2019,Palau,PLW,274200000,-1.896243292,15232.48708,460,16.53243887
2020,Palau,PLW,257700000,-9.737417943,14243.86469,460,-16.39748616
2016,Panama,PAN,57907695409,4.953434937,14343.98026,74120,42.70362581
2017,Panama,PAN,62202725204,5.591328274,15146.40851,74120,46.53052508
2018,Panama,PAN,64929409212,3.685344349,15544.99908,74177,39.54084779
2019,Panama,PAN,66984427150,2.979715461,15774.25494,74177,37.08364166
2020,Panama,PAN,53977036995,-17.944864,12509.83529,74177,-51.79782744
2016,Papua New Guinea,PNG,20759069103,5.489573153,2509.629637,452860,26.65223694
2017,Papua New Guinea,PNG,22742613554,3.534610818,2695.249009,452860,19.1285292
2018,Papua New Guinea,PNG,24109509853,-0.279252285,2801.371393,452860,4.042652919
2019,Papua New Guinea,PNG,24751344552,4.480430608,2820.306397,452860,23.11209574
2020,Papua New Guinea,PNG,24668899683,-3.5,2757.21753,452860,-8.909604452
2016,Paraguay,PRY,36089550659,4.268025833,5324.609068,397300,26.15478325
2017,Paraguay,PRY,38997129474,4.810078856,5678.869972,397300,28.88718895
2018,Paraguay,PRY,40225448341,3.204250341,5782.78455,397300,22.62979732
2019,Paraguay,PRY,37906944075,-0.401855101,5380.963322,397300,7.566556148
2020,Paraguay,PRY,35670301496,-0.565695447,5001.07276,397300,6.307189933
2016,Peru,PER,1.91896E+11,3.953318715,6204.996457,1280000,27.82618166
2017,Peru,PER,2.11007E+11,2.518835442,6710.507602,1280000,22.91040882
2018,Peru,PER,2.22575E+11,3.96915687,6957.793411,1280000,29.11641229
2019,Peru,PER,2.28471E+11,2.203974749,7027.612207,1280000,22.17295568
2020,Peru,PER,2.02014E+11,-11.14881188,6126.87454,1280000,-32.69447004
2016,Philippines,PHL,3.18627E+11,7.14945675,3073.654686,298170,34.28683917
2017,Philippines,PHL,3.28481E+11,6.930988326,3123.245642,298170,33.50273199
2018,Philippines,PHL,3.46842E+11,6.341485571,3252.110274,298170,31.3697101
2019,Philippines,PHL,3.76823E+11,6.118525663,3485.340844,298170,30.88136354
2020,Philippines,PHL,3.61489E+11,-9.573029875,3298.829586,298170,-32.19765802
2016,Poland,POL,4.7263E+11,3.141725778,12447.43959,306190,33.2848968
2017,Poland,POL,5.26509E+11,4.830656005,13864.68176,306190,42.34595263
2018,Poland,POL,5.87412E+11,5.353703355,15468.48222,306170,47.04683074
2019,Poland,POL,5.97281E+11,4.744950156,15732.20313,306170,45.04061627
2020,Poland,POL,5.96624E+11,-2.540658682,15720.99466,306170,15.87968607
2016,Portugal,PRT,2.06286E+11,2.019485396,19978.40121,91605.6,40.08471367
2017,Portugal,PRT,2.20811E+11,3.506345285,21437.3475,91605.6,48.35857459
2018,Portugal,PRT,2.42195E+11,2.849325934,23551.04829,91605.6,49.10137182
2019,Portugal,PRT,2.39987E+11,2.682759921,23330.81729,91605.6,48.08391214
2020,Portugal,PRT,2.28539E+11,-8.442456428,22176.29671,91605.6,1.742112811
2016,Post-demographic dividend,PST,4.56631E+13,1.770852815,41442.76238,31345078.86,173.0815349
2017,Post-demographic dividend,PST,4.75926E+13,2.381474518,43033.4408,31344837.84,180.2455125
2018,Post-demographic dividend,PST,5.04857E+13,2.280491612,45492.80202,31348558.26,187.0448192
2019,Post-demographic dividend,PST,5.09838E+13,1.7002241,45819.48008,31348558.26,185.8097827
2020,Post-demographic dividend,PST,4.95945E+13,-4.679619243,44475.18917,31348558.26,156.5755631
2016,Pre-demographic dividend,PRE,1.20555E+12,2.299667203,1385.784918,20270524.3,43.96520682
2017,Pre-demographic dividend,PRE,1.25867E+12,1.566307674,1407.096929,20270522.03,41.12615787
2018,Pre-demographic dividend,PRE,1.34463E+12,2.532169677,1462.374181,20270500.84,45.17525945
2019,Pre-demographic dividend,PRE,1.40774E+12,3.293799931,1489.822323,20270500.84,48.33730198
2020,Pre-demographic dividend,PRE,1.29315E+12,-3.071148477,1332.049211,20270500.84,22.4968609
2016,Puerto Rico,PRI,1.04337E+11,-1.263002925,30627.1634,8870,43.57035161
2017,Puerto Rico,PRI,1.03446E+11,-2.885954759,31108.76057,8870,37.84000125
2018,Puerto Rico,PRI,1.00925E+11,-4.147474747,31604.70151,8870,33.57622697
2019,Puerto Rico,PRI,1.04915E+11,1.484814635,32850.54861,8870,58.08239159
2020,Puerto Rico,PRI,1.03138E+11,-3.903305193,32290.92114,8870,35.64186992
2016,Qatar,QAT,1.51732E+11,3.064191884,57162.96801,11490,102.949326
2017,Qatar,QAT,1.61099E+11,-1.497604702,59124.86727,11490,87.81895616
2018,Qatar,QAT,1.83335E+11,1.234872202,65907.94844,11490,109.5133719
2019,Qatar,QAT,1.76371E+11,0.68824096,62276.42869,11490,101.5693968
2020,Qatar,QAT,1.44411E+11,-3.557603999,50124.38594,11490,65.31015246
2016,Romania,ROU,1.88129E+11,4.702997747,9548.587403,230080,34.49843817
2017,Romania,ROU,2.11695E+11,7.319448529,10807.00917,230080,46.98351318
2018,Romania,ROU,2.41457E+11,4.474523775,12398.98198,230080,38.15824596
2019,Romania,ROU,2.49882E+11,4.188260341,12899.34611,230080,37.8149993
2020,Romania,ROU,2.48716E+11,-3.930454057,12896.08862,230080,5.333652802
2016,Russian Federation,RUS,1.27679E+12,0.193690072,8704.898413,16376870,41.21818007
2017,Russian Federation,RUS,1.5742E+12,1.825790064,10720.33266,16376870,51.27709327
2018,Russian Federation,RUS,1.65733E+12,2.80724541,11287.35528,16376870,56.19556797
2019,Russian Federation,RUS,1.68745E+12,2.032982739,11497.64925,16376870,53.4658548
2020,Russian Federation,RUS,1.4835E+12,-2.951273899,10126.72179,16376870,31.12544192
2016,Rwanda,RWA,8690485823,5.970744298,744.7607488,24670,25.10998871
2017,Rwanda,RWA,9253098954,3.976289694,772.3169891,24670,17.17644039
2018,Rwanda,RWA,9640280084,8.579424541,783.6371628,24670,35.60734426
2019,Rwanda,RWA,10355974217,9.460682482,820.1492886,24670,39.19100009
2020,Rwanda,RWA,10333991456,-3.355472122,797.8555207,24670,-12.10893939
2016,Samoa,WSM,799493884.3,8.126249353,4109.663228,2830,39.01677017
2017,Samoa,WSM,832025574,1.042433719,4258.978767,2830,10.91794426
2018,Samoa,WSM,821286927.5,-1.233162407,4187.504729,2830,1.702388304
2019,Samoa,WSM,852007112.7,4.379825545,4322.868457,2830,24.36868587
2020,Samoa,WSM,807100820.6,-2.5926083,4067.843459,2830,-3.924861683
2016,San Marino,SMR,1468377272,2.344405861,43828.23246,60,78.76916358
2017,San Marino,SMR,1528630707,0.258265466,45399.02906,60,72.91158872
2018,San Marino,SMR,1655300873,1.544761129,48996.59225,60,83.75345303
2019,San Marino,SMR,1616369646,2.374701565,47731.20854,60,85.06978846
2020,San Marino,SMR,1709391014,-6.000155716,50111.41886,60,55.33886414
2016,Sao Tome and Principe,STP,345495615,4.164768974,1700.097997,960,19.35257843
2017,Sao Tome and Principe,STP,375614126.2,3.848980918,1813.807434,960,18.26948775
2018,Sao Tome and Principe,STP,412253809.7,2.945268909,1953.513257,960,14.87586673
2019,Sao Tome and Principe,STP,427425039.7,2.210855833,1987.579702,960,11.99216646
2020,Sao Tome and Principe,STP,472914469.9,3.089725555,2157.840446,960,15.77725765
2016,Saudi Arabia,SAU,6.44936E+11,1.670624758,19878.76384,2149690,42.19978754
2017,Saudi Arabia,SAU,6.88586E+11,-0.741502653,20802.46631,2149690,34.06355066
2018,Saudi Arabia,SAU,7.86522E+11,2.434110781,23337.01755,2149690,50.89059812
2019,Saudi Arabia,SAU,7.92967E+11,0.331435729,23139.79798,2149690,42.17501578
2020,Saudi Arabia,SAU,7.00118E+11,-4.106583413,20110.31619,2149690,19.52056988
2016,Senegal,SEN,19040312815,6.356068572,1269.903294,192530,27.75285393
2017,Senegal,SEN,20996564752,7.407486186,1361.701972,192530,32.10609595
2018,Senegal,SEN,23116699808,6.209241034,1458.069093,192530,27.4681069
2019,Senegal,SEN,23306213742,4.402406836,1430.148259,192530,20.19678168
2020,Senegal,SEN,24644234595,1.499763427,1471.830962,192530,8.65372895
2016,Serbia,SRB,40692643373,3.338586765,5765.200762,87460,22.66300153
2017,Serbia,SRB,44179055280,2.101163847,6292.543629,87460,18.55219145
2018,Serbia,SRB,50640650221,4.495121293,7252.401858,87460,29.65506772
2019,Serbia,SRB,51514222382,4.331734906,7417.203649,87460,29.26343739
2020,Serbia,SRB,53335016425,-0.944596516,7720.510572,87460,8.64039284
2016,Seychelles,SYC,1426651769,4.562623278,15068.62035,460,42.10978398
2017,Seychelles,SYC,1528242026,4.738360886,15945.26493,460,44.20077239
2018,Seychelles,SYC,1547690759,1.771183467,15994.81986,460,32.41054133
2019,Seychelles,SYC,1582841059,1.191005738,16213.48076,460,30.43605904
2020,Seychelles,SYC,1059886364,-10.77092148,10764.42042,460,-26.0393129
2016,Sierra Leone,SLE,3674794530,6.055474029,501.4151655,72180,25.13102676
2017,Sierra Leone,SLE,3719369107,4.192610074,496.6822949,72180,17.67212867
2018,Sierra Leone,SLE,4085114794,3.46460214,533.9915333,72180,14.81958337
2019,Sierra Leone,SLE,4076578543,5.254241203,521.7548367,72180,21.95875648
2020,Sierra Leone,SLE,4063289450,-1.96894782,509.376594,72180,-6.953612284
2016,Singapore,SGP,3.18764E+11,3.329034458,56848.17539,709,103.6844633
2017,Singapore,SGP,3.43338E+11,4.520379476,61176.45636,709,115.3305306
2018,Singapore,SGP,3.75982E+11,3.497469601,66679.04649,709,119.9879847
2019,Singapore,SGP,3.74386E+11,1.345217486,65640.70795,709,109.7332353
2020,Singapore,SGP,3.39998E+11,-5.391021406,59797.75218,709,73.49832058
2016,Sint Maarten (Dutch part),SXM,1263687151,0.5,31616.6817,34,52.05768473
2017,Sint Maarten (Dutch part),SXM,1191620112,-5.8,29369.05683,34,23.2991159
2018,Sint Maarten (Dutch part),SXM,1185474860,-6.6,29160.10381,34,19.76829011
2019,Sint Maarten (Dutch part),SXM,1146368715,-10.15,27931.81487,34,3.623592803
2020,Sint Maarten (Dutch part),SXM,1107262570,-13.7,26703.52592,34,-12.52110451
2016,Slovak Republic,SVK,89614053144,1.931680804,16501.08385,48080,34.0279134
2017,Slovak Republic,SVK,95157888667,2.980187073,17494.72879,48080,39.80142875
2018,Slovak Republic,SVK,1.05561E+11,3.794410553,19380.51351,48080,46.05581661
2019,Slovak Republic,SVK,1.05284E+11,2.605369328,19303.54566,48080,41.17747846
2020,Slovak Republic,SVK,1.05173E+11,-4.358753808,19266.51357,48080,13.26222827
2016,Slovenia,SVN,44736333522,3.191852518,21663.64341,20142,47.1478273
2017,Slovenia,SVN,48469082710,4.815380632,23455.94473,20138.1,56.48380523
2018,Slovenia,SVN,54137142149,4.422521568,26104.10279,20136.4,59.11145813
2019,Slovenia,SVN,54178877606,3.250531336,25942.95477,20136.4,54.16841197
2020,Slovenia,SVN,53589609581,-4.229261389,25517.33067,20136.4,23.57471119
2016,Small states,SST,4.44926E+11,2.331413226,11350.72567,2500754,31.65304781
2017,Small states,SST,4.79918E+11,1.121036834,12032.93397,2500755,27.93158942
2018,Small states,SST,5.27519E+11,2.171712198,13001.15869,2501331,33.72244964
2019,Small states,SST,5.19587E+11,1.843361974,12594.67689,2501331,31.75644118
2020,Small states,SST,4.51424E+11,-5.674915062,10770.58978,2501331,-1.282440584
2016,Solomon Islands,SLB,1378551118,5.879864636,2225.486842,27990,27.08754586
2017,Solomon Islands,SLB,1483758907,5.343587695,2332.844216,27990,25.11252867
2018,Solomon Islands,SLB,1574599183,3.94424955,2411.862926,27990,19.64038389
2019,Solomon Islands,SLB,1570093229,1.204049986,2344.048976,27990,8.572216037
2020,Solomon Islands,SLB,1545888426,-4.317260027,2250.601164,27990,-13.66100018
2016,Somalia,SOM,5529873480,8.399345781,389.8220615,627340,35.186333
2017,Somalia,SOM,5609000000,2.592560223,384.4634014,627340,11.95079719
2018,Somalia,SOM,5850677296,7.678879802,389.8313955,627340,32.30485021
2019,Somalia,SOM,6476674592,8.081440022,419.3948077,627340,33.96261137
2020,Somalia,SOM,6965285325,2.440210973,438.2551656,627340,11.42811326
2016,South Africa,ZAF,3.23586E+11,0.664552308,5756.965741,1213090,14.00919705
2017,South Africa,ZAF,3.81449E+11,1.157946952,6690.939847,1213090,17.52754099
2018,South Africa,ZAF,4.04842E+11,1.487617373,7005.095413,1213090,19.37031474
2019,South Africa,ZAF,3.87935E+11,0.113053697,6624.761865,1213090,13.25060015
2020,South Africa,ZAF,3.35442E+11,-6.431974826,5655.867654,1213090,-14.52343223
2016,South Asia,SAS,2.92645E+12,7.671463596,1652.251801,4770787,43.98576772
2017,South Asia,SAS,3.34811E+12,6.604851042,1867.443968,4770787,40.54153827
2018,South Asia,SAS,3.43659E+12,6.444305921,1894.008884,4770754,40.04241234
2019,South Asia,SAS,3.59725E+12,4.041559599,1959.525845,4770754,30.71862143
2020,South Asia,SAS,3.38642E+12,-5.706189649,1823.712912,4770754,-8.728160584
2016,South Asia (IDA & IBRD),TSA,2.92645E+12,7.671463596,1652.251801,4770787,43.98576772
2017,South Asia (IDA & IBRD),TSA,3.34811E+12,6.604851042,1867.443968,4770787,40.54153827
2018,South Asia (IDA & IBRD),TSA,3.43659E+12,6.444305921,1894.008884,4770754,40.04241234
2019,South Asia (IDA & IBRD),TSA,3.59725E+12,4.041559599,1959.525845,4770754,30.71862143
2020,South Asia (IDA & IBRD),TSA,3.38642E+12,-5.706189649,1823.712912,4770754,-8.728160584
2016,Spain,ESP,1.23208E+12,3.03130133,26505.34322,499564,56.26482607
2017,Spain,ESP,1.3093E+12,2.973641191,28100.58624,499547.35,58.64796614
2018,Spain,ESP,1.4203E+12,2.288785676,30349.7521,499603.479,59.59631868
2019,Spain,ESP,1.39305E+12,2.085191421,29555.3157,499603.479,57.49305001
2020,Spain,ESP,1.28148E+12,-10.82288649,27063.19392,499603.479,1.7877595
2016,Sri Lanka,LKA,82401038710,4.486634531,3886.291502,61893,24.28874702
2017,Sri Lanka,LKA,87428128124,3.578169679,4077.043841,61893,20.96263147
2018,Sri Lanka,LKA,87963042341,3.272000479,4059.20823,61864,19.71028318
2019,Sri Lanka,LKA,83990946939,2.255176529,3852.265603,61864,15.31081549
2020,Sri Lanka,LKA,80676681934,-3.569076137,3680.673477,61864,-8.26164819
2016,St. Kitts and Nevis,KNA,1008888889,13.39486131,19541.12783,260,84.5189183
2017,St. Kitts and Nevis,KNA,1060740741,0.899999116,20384.74788,260,35.87516557
2018,St. Kitts and Nevis,KNA,1078518519,2.699999466,20567.49911,260,43.36452283
2019,St. Kitts and Nevis,KNA,1164814815,4.799999522,22046.68991,260,54.1065073
2020,St. Kitts and Nevis,KNA,980740740.7,-14.39999655,18437.74892,260,-28.40743778
2016,St. Lucia,LCA,1865513444,3.646315171,10362.35166,610,30.9942209
2017,St. Lucia,LCA,1996771444,3.501752646,11034.62985,610,31.48048554
2018,St. Lucia,LCA,2065127259,2.926420885,11353.71521,610,29.68441914
2019,St. Lucia,LCA,2118791556,-0.063943687,11591.08048,610,18.09882377
2020,St. Lucia,LCA,1616772741,-20.37364179,8804.561048,610,-67.55221755
2016,St. Vincent and the Grenadines,VCT,774429629.6,1.898587636,7074.548765,390,18.79640815
2017,St. Vincent and the Grenadines,VCT,792177777.8,0.999772779,7213.025857,390,15.42040881
2018,St. Vincent and the Grenadines,VCT,811300000,2.159730034,7361.400962,390,20.29517022
2019,St. Vincent and the Grenadines,VCT,825040740.7,0.534023343,7460.153362,390,13.948706
2020,St. Vincent and the Grenadines,VCT,807474074.1,-3.252833908,7278.016297,390,-1.487106257
2016,Sub-Saharan Africa,SSF,1.5639E+12,1.163092826,1529.439256,23852850.34,45.5686726
2017,Sub-Saharan Africa,SSF,1.6691E+12,2.441830081,1589.370013,23852824.03,50.89859918
2018,Sub-Saharan Africa,SSF,1.75454E+12,2.688693063,1627.11036,23852823.23,52.04337964
2019,Sub-Saharan Africa,SSF,1.80448E+12,2.576950475,1630.127378,23852823.23,51.65821295
2020,Sub-Saharan Africa,SSF,1.70538E+12,-2.012135407,1501.152921,23852823.23,32.98450252
2016,Sub-Saharan Africa (excluding high income),SSA,1.56247E+12,1.160304232,1528.185535,23852390.34,45.55319618
2017,Sub-Saharan Africa (excluding high income),SSA,1.66757E+12,2.439882906,1588.059704,23852364.03,50.88628284
2018,Sub-Saharan Africa (excluding high income),SSA,1.753E+12,2.689488452,1625.820971,23852363.23,52.04204447
2019,Sub-Saharan Africa (excluding high income),SSA,1.8029E+12,2.578141208,1628.841127,23852363.23,51.65842398
2020,Sub-Saharan Africa (excluding high income),SSA,1.70432E+12,-2.004712068,1500.349997,23852363.23,33.01100638
2016,Sub-Saharan Africa (IDA & IBRD countries),TSS,1.5639E+12,1.163092826,1529.439256,23852850.34,45.5686726
2017,Sub-Saharan Africa (IDA & IBRD countries),TSS,1.6691E+12,2.441830081,1589.370013,23852824.03,50.89859918
2018,Sub-Saharan Africa (IDA & IBRD countries),TSS,1.75454E+12,2.688693063,1627.11036,23852823.23,52.04337964
2019,Sub-Saharan Africa (IDA & IBRD countries),TSS,1.80448E+12,2.576950475,1630.127378,23852823.23,51.65821295
2020,Sub-Saharan Africa (IDA & IBRD countries),TSS,1.70538E+12,-2.012135407,1501.152921,23852823.23,32.98450252
2016,Sudan,SDN,42630376000,3.467642184,1069.839957,1849240.201,18.4589785
2017,Sudan,SDN,41283617976,0.709256285,1011.521216,1849238.953,7.331563578
2018,Sudan,SDN,30964349685,-2.68093055,740.746767,1849233.715,-6.669671855
2019,Sudan,SDN,26155799325,-2.178251045,610.9278615,1849233.715,-4.869977049
2020,Sudan,SDN,21329109522,-3.629805626,486.4188163,1849233.715,-10.87883262
2016,Suriname,SUR,3317438911,-4.915786469,5872.789429,156000,-10.12135477
2017,Suriname,SUR,3591623596,1.567191065,6295.560562,156000,16.48020854
2018,Suriname,SUR,3996247906,4.948270766,6938.086981,156000,31.02225063
2019,Suriname,SUR,3984483762,1.098467778,6853.693411,156000,15.48941159
2020,Suriname,SUR,2884248048,-15.90795119,4916.605666,156000,-55.6043584
2016,Sweden,SWE,5.15655E+11,2.070593151,51965.15715,407310,91.7703938
2017,Sweden,SWE,5.41019E+11,2.567924525,53791.50873,407310,96.68020216
2018,Sweden,SWE,5.55455E+11,1.950022846,54589.06039,407310,95.48778202
2019,Sweden,SWE,5.3388E+11,1.986195874,51939.42974,407310,91.41288474
2020,Sweden,SWE,5.4122E+11,-2.948127879,52274.40879,407310,72.21431819
2016,Switzerland,CHE,6.95601E+11,2.045186469,83073.28008,39516.03,140.5592626
2017,Switzerland,CHE,7.04479E+11,1.584819616,83352.08865,39516.03,139.1693489
2018,Switzerland,CHE,7.35539E+11,2.916905098,86388.40495,39516.03,149.3403206
2019,Switzerland,CHE,7.31767E+11,1.210992207,85334.51946,39516.03,140.8438281
2020,Switzerland,CHE,7.52248E+11,-2.392826042,87097.03645,39516.03,129.242397
2016,Syrian Arab Republic,SYR,12356980639,-5.63043805,707.5052667,183630,-21.10490187
2017,Syrian Arab Republic,SYR,16112991412,-0.727486724,942.5189159,183630,-1.116728806
2018,Syrian Arab Republic,SYR,21490335086,1.475766476,1268.235849,183630,8.218106585
2019,Syrian Arab Republic,SYR,22777882165,3.747775387,1334.370593,183630,17.41231848
2020,Syrian Arab Republic,SYR,26110327542,5.985406443,1530.296432,183630,26.67684212
2016,Tajikistan,TJK,6992393787,6.89999962,807.1025861,138790,29.09939954
2017,Tajikistan,TJK,7536439875,7.100001403,848.6723799,138790,29.96584212
2018,Tajikistan,TJK,7765014424,7.599999387,853.2188734,138790,31.97329318
2019,Tajikistan,TJK,8300784857,7.399999638,890.5444024,138790,31.23300058
2020,Tajikistan,TJK,8194150302,4.499999517,859.1379611,138790,19.58315498
2016,Tanzania,TZA,49774021003,6.867116196,966.5030166,885800,30.41871687
2017,Tanzania,TZA,53320625959,6.785680114,1004.906588,885800,30.15782399
2018,Tanzania,TZA,57003713611,5.444967601,1042.838756,885800,24.8592349
2019,Tanzania,TZA,61136873692,5.799999977,1085.88486,885800,26.35223584
2020,Tanzania,TZA,62409709111,1.996343506,1076.469706,885800,11.12415723
2016,Thailand,THA,4.13366E+11,3.435157717,5993.305516,510890,24.48765526
2017,Thailand,THA,4.56357E+11,4.177681032,6593.818352,510890,28.45758713
2018,Thailand,THA,5.06611E+11,4.189585496,7296.879608,510890,29.67569485
2019,Thailand,THA,5.44264E+11,2.266433672,7817.009671,510890,22.8495666
2020,Thailand,THA,5.01644E+11,-6.098983843,7186.874092,510890,-11.65841817
2016,Timor-Leste,TLS,1650618500,3.385306549,1353.754934,14870,15.70928873
2017,Timor-Leste,TLS,1615609700,-3.071099761,1299.494635,14870,-10.20228252
2018,Timor-Leste,TLS,1583876200,-0.687542477,1249.138351,14870,-0.747814748
2019,Timor-Leste,TLS,2047931700,19.53581024,1583.713576,14870,80.67583254
2020,Timor-Leste,TLS,1902156800,10.37185524,1442.730738,14870,43.79663907
2016,Togo,TGO,6031632168,5.559079305,803.1518934,54390,23.59847682
2017,Togo,TGO,6395472574,4.347748238,830.7452767,54390,18.79725446
2018,Togo,TGO,7112200725,4.9762131,901.5230169,54390,21.42398918
2019,Togo,TGO,7220395248,5.459921448,893.3524541,54390,23.34601033
2020,Togo,TGO,7574636979,1.752824967,914.9507925,54390,8.552223876
2016,Tonga,TON,420540178.6,6.571000501,4157.877249,720,32.86842822
2017,Tonga,TON,460379145,3.322432544,4513.432531,720,20.43712441
2018,Tonga,TON,489235527.4,0.300009404,4740.700272,720,8.70727983
2019,Tonga,TON,512350059.4,0.734030017,4903.012138,720,10.70036421
2020,Tonga,TON,488829964.1,0.654698596,4624.823449,720,9.942577533
2016,Trinidad and Tobago,TTO,22386264807,-5.601818139,16250.62869,5130,3.354520785
2017,Trinidad and Tobago,TTO,22385426654,-2.987340197,16173.74005,5130,13.6906999
2018,Trinidad and Tobago,TTO,23679919655,0.066049775,17037.86236,5130,27.2738345
2019,Trinidad and Tobago,TTO,23208326548,-1.246427336,16637.16294,5130,21.38899185
2020,Trinidad and Tobago,TTO,21588037505,-7.853939948,15425.63511,5130,-6.961025028
2016,Tunisia,TUN,44360775649,1.117425857,3924.363346,155360,10.97259103
2017,Tunisia,TUN,42163974956,2.244200968,3687.777461,155360,15.10261509
2018,Tunisia,TUN,42570270107,2.510907072,3680.892597,155360,16.15900322
2019,Tunisia,TUN,41804581484,1.401976676,3574.654024,155360,11.55420813
2020,Tunisia,TUN,41620349986,-9.182372594,3521.591948,155360,-30.86740833
2016,Turkey,TUR,8.69693E+11,3.323084208,10894.60338,769630,32.71850356
2017,Turkey,TUR,8.58996E+11,7.501997489,10589.66772,769630,48.93916091
2018,Turkey,TUR,7.78472E+11,2.979885235,9454.348443,769630,28.96129442
2019,Turkey,TUR,7.61004E+11,0.889585161,9121.515167,769630,20.05319823
2020,Turkey,TUR,7.19955E+11,1.793551396,8536.43332,769630,22.69587203
2016,Turkmenistan,TKM,36169428571,6.199999966,6387.682575,469930,35.67762688
2017,Turkmenistan,TKM,37926285714,6.500000047,6587.092604,469930,37.19534359
2018,Turkmenistan,TKM,40765428571,6.199999941,6967.375043,469930,36.60065646
2019,Turkmenistan,TKM,45231428571,6.3,7612.03518,469930,38.02639609
2020,Turkmenistan,TKM,48252095238,6.333333345,8020.152715,469930,38.80931916
2016,Turks and Caicos Islands,TCA,1032452000,7.251186276,28241.47929,950,73.71988469
2017,Turks and Caicos Islands,TCA,1022365000,-2.490222604,27545.12879,950,33.65176102
2018,Turks and Caicos Islands,TCA,1113178000,5.610954617,29553.1367,950,69.23569358
2019,Turks and Caicos Islands,TCA,1197415000,5.324557297,31350.86663,950,70.93640398
2020,Turks and Caicos Islands,TCA,924583000,-26.7828754,23879.92665,950,-69.32178624
2016,Tuvalu,TUV,36547799.58,3.034723153,3253.899536,30,17.29062207
2017,Tuvalu,TUV,40619251.99,4.094017717,3574.065288,30,22.03469806
2018,Tuvalu,TUV,42588164.97,2.5,3701.709255,30,15.86071803
2019,Tuvalu,TUV,47271463.33,9.756097561,4055.89561,30,45.44586884
2020,Tuvalu,TUV,48855550.2,4.4,4143.109753,30,24.15955966
2016,Uganda,UGA,29203988815,4.781000291,736.5598474,200520,20.63208336
2017,Uganda,UGA,30744473912,3.131405518,746.8307529,200520,14.05172457
2018,Uganda,UGA,32927025573,6.303923781,770.6007843,200520,26.78192323
2019,Uganda,UGA,35353060634,6.438745034,798.5857341,200520,27.36828506
2020,Uganda,UGA,37600368181,2.951306422,822.0276815,200520,13.45821075
2016,Ukraine,UKR,93355993629,2.440981945,2187.73051,579290,14.22571074
2017,Ukraine,UKR,1.12091E+11,2.359972281,2638.326055,579300,14.63647399
2018,Ukraine,UKR,1.30891E+11,3.488362342,3096.561697,579400,19.89714596
2019,Ukraine,UKR,1.53883E+11,3.199503862,3661.456204,579400,19.66232087
2020,Ukraine,UKR,1.55499E+11,-4.000006101,3724.938437,579400,-9.033367162
2016,United Arab Emirates,ARE,3.57045E+11,2.984216091,38141.86713,71020,72.84089561
2017,United Arab Emirates,ARE,3.85606E+11,2.373551057,40644.79119,71020,74.39353214
2018,United Arab Emirates,ARE,4.22215E+11,1.189855642,43839.32449,71020,74.75820912
2019,United Arab Emirates,ARE,4.17216E+11,3.411538686,42701.44305,71020,81.83771443
2020,United Arab Emirates,ARE,3.58869E+11,-6.134500803,36284.55524,71020,33.42757576
2016,United Kingdom,GBR,2.72285E+12,2.263463538,41499.5557,241930,78.23855216
2017,United Kingdom,GBR,2.69902E+12,2.134453093,40857.75558,241930,76.67917995
2018,United Kingdom,GBR,2.90079E+12,1.650925496,43646.95197,241930,79.39140388
2019,United Kingdom,GBR,2.87867E+12,1.671944197,43070.49836,241930,78.53756778
2020,United Kingdom,GBR,2.7598E+12,-9.396160006,41059.16881,241930,30.94502643
2016,United States,USA,1.87451E+13,1.711426774,58021.4005,9147420,134.190342
2017,United States,USA,1.9543E+13,2.332679395,60109.65573,9147420,140.8927027
2018,United States,USA,2.06119E+13,2.996464352,63064.41841,9147420,149.4465141
2019,United States,USA,2.14332E+13,2.161176515,65279.52903,9147420,150.550344
2020,United States,USA,2.0953E+13,-3.404591573,63593.44362,9147420,125.0694586
2016,Upper middle income,UMC,1.98206E+13,4.234160565,8053.167884,53578663.5,134.7772746
2017,Upper middle income,UMC,2.19395E+13,5.205227428,8846.476386,53578427.8,142.3368967
2018,Upper middle income,UMC,2.36387E+13,4.925522073,9468.932983,53567577.2,144.1273001
2019,Upper middle income,UMC,2.40353E+13,4.120976557,9572.872787,53567577.2,141.5266137
2020,Upper middle income,UMC,2.31507E+13,-0.713231665,9177.840437,53567577.2,120.5541206
2016,Uruguay,URY,57236652490,1.689798164,16715.63347,175020,33.55844578
2017,Uruguay,URY,64233966861,1.627753973,18690.89384,175020,36.4455331
2018,Uruguay,URY,64515038268,0.477907184,18703.86029,175020,31.86699568
2019,Uruguay,URY,61231149881,0.350447153,17688.01501,175020,29.74509803
2020,Uruguay,URY,53628827440,-5.858721243,15438.41167,175020,1.338123938
2016,Uzbekistan,UZB,86138288615,5.9321508,2704.677188,440588,28.78712562
2017,Uzbekistan,UZB,62081323299,4.395274633,1916.764642,440587,21.36470754
2018,Uzbekistan,UZB,52633143808,5.354996888,1597.068337,440555,24.68660793
2019,Uzbekistan,UZB,59907674027,5.709632222,1784.009816,440555,26.4094262
2020,Uzbekistan,UZB,59929951114,1.714770576,1750.697113,440555,10.37726369
2016,Vanuatu,VUT,780889605.9,4.688677823,2805.66532,12190,23.21635095
2017,Vanuatu,VUT,880043553.7,6.315604199,3082.475083,12190,30.16242067
2018,Vanuatu,VUT,914727908.1,2.900230273,3125.404999,12190,16.56893211
2019,Vanuatu,VUT,934521604.6,3.912534737,3116.297759,12190,20.6037538
2020,Vanuatu,VUT,881547928.6,-6.813991132,2870.0893,12190,-22.69221254
2016,Vietnam,VNM,2.05276E+11,6.210811668,2192.174482,310070,29.02555196
2017,Vietnam,VNM,2.2378E+11,6.81224566,2365.521615,310070,31.72686537
2018,Vietnam,VNM,2.45214E+11,7.075788617,2566.447487,310070,33.12362398
2019,Vietnam,VNM,2.61921E+11,7.017434882,2715.27598,310070,33.14491693
2020,Vietnam,VNM,2.71158E+11,2.905835584,2785.724161,310070,16.82060336
2016,Virgin Islands (U.S.),VIR,3798000000,1.600853789,35324.97489,350,62.33552736
2017,Virgin Islands (U.S.),VIR,3794000000,-0.735294118,35365.0693,350,53.05440949
2018,Virgin Islands (U.S.),VIR,3900000000,1.587301587,36448.25749,350,64.05983947
2019,Virgin Islands (U.S.),VIR,4068000000,2.213541667,38136.66576,350,69.23811479
2020,Virgin Islands (U.S.),VIR,4158000000,2.417770959,39073.89605,350,71.53897726
2016,West Bank and Gaza,PSE,15405400000,8.86461882,3527.613824,6020,41.07032411
2017,West Bank and Gaza,PSE,16128000000,1.419367563,3620.360487,6020,11.43698272
2018,West Bank and Gaza,PSE,16276600000,1.227077378,3562.330943,6020,10.5761181
2019,West Bank and Gaza,PSE,17133500000,1.362687466,3656.858271,6020,11.26919464
2020,West Bank and Gaza,PSE,15561300000,-11.45745151,3239.731108,6020,-40.6735611
2016,World,WLD,7.63051E+13,2.825118027,10264.92866,129956634.1,314.6901298
2017,World,WLD,8.11933E+13,3.394423427,10798.15277,129956069.1,323.3929034
2018,World,WLD,8.62676E+13,3.269672697,11347.33585,129949282.7,329.5476379
2019,World,WLD,8.75681E+13,2.60087777,11397.086,129949282.7,328.4363015
2020,World,WLD,8.4747E+13,-3.293496599,10918.72283,129949282.7,300.8798691
2016,"Yemen, Rep.",YEM,31317365269,-9.375123818,1152.720966,527970,-34.82718737
2017,"Yemen, Rep.",YEM,26840128755,-5.071795639,964.2648105,527970,-17.91735523
2018,"Yemen, Rep.",YEM,21606140907,0.75244741,758.1452416,527970,5.047307115
2019,"Yemen, Rep.",YEM,16372153060,6.57669046,552.0256726,527970,28.01196946
2020,"Yemen, Rep.",YEM,11138165212,12.40093351,345.9061036,527970,50.97663181
2016,Zambia,ZMB,20958412538,3.776679146,1280.806543,743390,18.30250861
2017,Zambia,ZMB,25873601261,3.504336096,1535.196574,743390,17.621505
2018,Zambia,ZMB,26311590297,4.034493897,1516.368371,743390,19.71282717
2019,Zambia,ZMB,23308667781,1.441306026,1305.001031,743390,9.002005268
2020,Zambia,ZMB,18110631358,-2.785055065,985.132436,743390,-8.415797719
2016,Zimbabwe,ZWE,20548678100,0.755869251,1464.588957,386850,5.961063159
2017,Zimbabwe,ZWE,17584890937,4.709492179,1235.189032,386850,21.40897958
2018,Zimbabwe,ZWE,18115543791,4.82421054,1254.642265,386850,21.89925777
2019,Zimbabwe,ZWE,19284289739,-6.144236314,1316.740657,386850,-21.8748795
2020,Zimbabwe,ZWE,18051170799,-6.248748224,1214.50982,386850,-22.45618932
