Year,Country_Name,Country_Code,Life_Expectancy_at_birth,Mortality_rate_infant,Mortality_rate_neonatal_1000_births,"Mortality rate, under-5 (per 1,000 live births)",Weighted_World_Death
2016,Afghanistan,AFG,63.763,51.3,39.3,67.5,-5.06963204203477
2017,Afghanistan,AFG,64.13,49.5,38.2,64.8,-4.86925977951383
2018,Afghanistan,AFG,64.486,47.9,37.2,62.3,-4.68625387279969
2019,Afghanistan,AFG,64.833,46.4,36.1,60.1,-4.50815649709522
2020,Afghanistan,AFG,65.1896666666666,45,35.2,58,-4.34851853168238
2016,Africa Eastern and Southern,AFE,62.7876814850688,47.5272437136699,26.2249057290816,66.5159277529964,-4.09903152215826
2017,Africa Eastern and Southern,AFE,63.2462635340566,46.1081401026222,25.6912882496447,64.2439937224214,-3.95680061997173
2018,Africa Eastern and Southern,AFE,63.648988039777,44.7952207359667,25.131656355368,62.0729363208627,-3.81896854518623
2019,Africa Eastern and Southern,AFE,64.0051974732229,43.5912516641172,24.5979354037719,60.0541503808559,-3.69051050108532
2020,Africa Eastern and Southern,AFE,64.62200968102,42.4471977973822,24.0773807804648,58.158649582168,-3.56496226806269
2016,Africa Western and Central,AFW,56.9747611509084,66.6748305454362,33.1677161840511,104.637693991442,-6.22584379109323
2017,Africa Western and Central,AFW,57.382362702625,65.3138417198375,32.7257969853271,102.032086434223,-6.08135500658013
2018,Africa Western and Central,AFW,57.7623467867763,63.8757785551963,32.2197416823538,99.2911397363565,-5.92706310947701
2019,Africa Western and Central,AFW,58.1157227231324,62.3523327935708,31.738908007972,96.4942892374437,-5.77114026743842
2020,Africa Western and Central,AFW,58.482402733386,60.7776428917134,31.2520530478908,93.6270232080024,-5.61135609871632
2016,Albania,ALB,78.194,8.4,6.3,9.4,0.031543672383447
2017,Albania,ALB,78.333,8.4,6.7,9.4,0.0066402694143753
2018,Albania,ALB,78.458,8.5,7.1,9.5,-0.0237283373986472
2019,Albania,ALB,78.573,8.6,7.5,9.7,-0.0572851477643611
2020,Albania,ALB,78.722,8.8,7.8,9.8,-0.0829621655132057
2016,Algeria,DZA,76.298,21.3,15.1,24.8,-1.33534967325601
2017,Algeria,DZA,76.499,20.9,15.6,24.3,-1.34188857132587
2018,Algeria,DZA,76.693,20.4,16,23.8,-1.33964350215403
2019,Algeria,DZA,76.88,20,16.3,23.3,-1.33307377454763
2020,Algeria,DZA,77.088,19.5,16.3,22.7,-1.30104448336904
2016,Angola,AGO,59.925,55.5,30,84.1,-5.10104251541158
2017,Angola,AGO,60.379,53.5,29.2,80.6,-4.8905339647833
2018,Angola,AGO,60.782,51.7,28.6,77.3,-4.70450239698033
2019,Angola,AGO,61.147,49.9,27.9,74.2,-4.51842312463576
2020,Angola,AGO,61.588,48.3,27.3,71.5,-4.35482011270762
2016,Antigua and Barbuda,ATG,76.617,6.2,4.1,7.4,0.269344428823593
2017,Antigua and Barbuda,ATG,76.752,6,3.9,7.1,0.297885514123905
2018,Antigua and Barbuda,ATG,76.885,5.8,3.8,6.9,0.316695919505318
2019,Antigua and Barbuda,ATG,77.016,5.6,3.6,6.6,0.345189658917938
2020,Antigua and Barbuda,ATG,77.148,5.4,3.5,6.4,0.363988227827428
2016,Arab World,ARB,71.4365471749074,28.0837659354814,17.3324939194181,37.6817153776212,-2.08776893529427
2017,Arab World,ARB,71.6226704254941,27.2927215693322,17.1162630560928,36.2313741682549,-2.00905359348472
2018,Arab World,ARB,71.8070751075422,26.8254977770776,16.8773600714391,35.6151468297472,-1.961679837858
2019,Arab World,ARB,71.9897093670282,26.3328063931554,16.6576420070946,34.8857594217507,-1.91155870217074
2020,Arab World,ARB,72.1732288377952,25.7799987530914,16.4062752616072,34.0863989893796,-1.85583806869544
2016,Argentina,ARG,76.221,9.7,6.4,10.9,-0.0734799446105648
2017,Argentina,ARG,76.372,9.2,6.3,10.3,-0.0354881641899909
2018,Argentina,ARG,76.52,8.6,6,9.7,0.0179720975015674
2019,Argentina,ARG,76.667,8.1,5.3,9.1,0.0957395408840069
2020,Argentina,ARG,76.8159999999999,7.6,4.6,8.6,0.17046081837683
2016,Armenia,ARM,74.64,12,7,13.4,-0.260044437689003
2017,Armenia,ARM,74.797,11.3,6.7,12.7,-0.201178154513109
2018,Armenia,ARM,74.945,10.8,6.4,12.1,-0.149947547225118
2019,Armenia,ARM,75.087,10.2,6,11.5,-0.0899211362235052
2020,Armenia,ARM,75.2499999999999,9.7,5.7,10.9,-0.0385129818566694
2016,Australia,AUS,82.4487804878049,3.2,2.3,3.8,0.635244991489027
2017,Australia,AUS,82.5,3.2,2.3,3.8,0.635851249807035
2018,Australia,AUS,82.7487804878049,3.2,2.3,3.7,0.641865771899395
2019,Australia,AUS,82.9,3.2,2.4,3.7,0.637018509268113
2020,Australia,AUS,83.1,3.1,2.4,3.7,0.641615458056285
2016,Austria,AUT,81.6414634146342,3,2.2,3.6,0.642925360235116
2017,Austria,AUT,81.6439024390244,2.9,2.2,3.6,0.645183884082397
2018,Austria,AUT,81.6926829268293,2.9,2.2,3.6,0.645761272956691
2019,Austria,AUT,81.7926829268293,2.9,2.3,3.6,0.640307752007401
2020,Austria,AUT,81.7439024390244,3,2.3,3.6,0.637500708729539
2016,Azerbaijan,AZE,72.493,21.8,12.5,24.5,-1.20975983275915
2017,Azerbaijan,AZE,72.693,20.3,11.7,22.8,-1.06866311701945
2018,Azerbaijan,AZE,72.864,19.2,10.9,21.5,-0.949107631913632
2019,Azerbaijan,AZE,73.005,18.2,10.4,20.4,-0.858188077460773
2020,Azerbaijan,AZE,73.1756666666666,17.3,9.8,19.4,-0.7655796994363
2016,"Bahamas, The",BHS,73.329,11.7,7.3,13.7,-0.297994110094546
2017,"Bahamas, The",BHS,73.554,11.4,7.2,13.3,-0.269725417225725
2018,"Bahamas, The",BHS,73.752,11.2,7,13,-0.240438634194262
2019,"Bahamas, The",BHS,73.918,14.5,6.9,22.4,-0.59398005737653
2020,"Bahamas, The",BHS,74.1143333333333,10.5,6.6,12.3,-0.172504760641914
2016,Bahrain,BHR,76.899,6.4,3.2,7.5,0.324887679539625
2017,Bahrain,BHR,77.032,6.3,3.1,7.3,0.34146843051747
2018,Bahrain,BHR,77.163,6.1,3.1,7.1,0.353617994813444
2019,Bahrain,BHR,77.292,5.9,3,7,0.369311215473703
2020,Bahrain,BHR,77.425,5.8,2.9,6.8,0.385891966451547
2016,Bangladesh,BGD,71.785,29.6,22.4,36.1,-2.40523404905811
2017,Bangladesh,BGD,72.052,28.2,20.9,34.2,-2.21297408944506
2018,Bangladesh,BGD,72.32,26.8,19.7,32.4,-2.04368363661833
2019,Bangladesh,BGD,72.591,25.5,18.5,30.7,-1.87965716761286
2020,Bangladesh,BGD,72.8604999999999,24.3,17.5,29.1,-1.73422228283548
2016,Barbados,BRB,78.888,12.7,9.1,13.7,-0.37396073325881
2017,Barbados,BRB,78.981,12.4,8.9,13.4,-0.343687125375697
2018,Barbados,BRB,79.081,12.1,8.6,13,-0.303623655214069
2019,Barbados,BRB,79.19,11.7,8.4,12.6,-0.267861170543159
2020,Barbados,BRB,79.281,11.4,8.1,12.2,-0.227904228628838
2016,Belarus,BLR,73.8268292682927,2.9,1.5,3.9,0.589907977467585
2017,Belarus,BLR,74.1292682926829,2.7,1.4,3.6,0.613793781937318
2018,Belarus,BLR,74.1756097560976,2.5,1.2,3.4,0.638215624125141
2019,Belarus,BLR,74.2268292682927,2.4,1.1,3.1,0.656898221488693
2020,Belarus,BLR,74.2756097560976,2.2,1,2.9,0.674711764978638
2016,Belgium,BEL,81.4390243902439,3.3,2.3,4.1,0.611853870887194
2017,Belgium,BEL,81.4926829268293,3.3,2.3,4.1,0.612488998648918
2018,Belgium,BEL,81.5951219512195,3.4,2.4,4.2,0.601764853906313
2019,Belgium,BEL,81.7463414634146,3.4,2.4,4.2,0.603554759416623
2020,Belgium,BEL,81.7999999999998,3.4,2.4,4.2,0.604189887178345
2016,Belize,BLZ,74.219,12.5,9.6,14.5,-0.482510463235922
2017,Belize,BLZ,74.365,11.8,9.1,13.7,-0.407430206134534
2018,Belize,BLZ,74.496,11.1,8.6,12.9,-0.332527496111992
2019,Belize,BLZ,74.623,10.6,8.1,12.3,-0.268271118451198
2020,Belize,BLZ,74.7576666666666,10,7.7,11.7,-0.208331508243687
2016,Benin,BEN,60.885,61.9,31.5,95.4,-5.67882669449881
2017,Benin,BEN,61.174,60.6,31.1,93.2,-5.55233531996416
2018,Benin,BEN,61.47,59.3,30.6,90.9,-5.416054083151
2019,Benin,BEN,61.771,57.9,30.2,88.4,-5.27798150004932
2020,Benin,BEN,62.062,56.5,29.7,85.9,-5.13339011352528
2016,Bhutan,BTN,70.781,26.5,17.6,31.9,-1.9004812785564
2017,Bhutan,BTN,71.129,25.6,17,30.7,-1.79963422184399
2018,Bhutan,BTN,71.46,24.7,16.3,29.6,-1.69542105584614
2019,Bhutan,BTN,71.777,23.9,15.7,28.6,-1.60331026183383
2020,Bhutan,BTN,72.109,23.2,15.3,27.6,-1.52652591142943
2016,Bolivia,BOL,70.626,24.3,15.9,29.9,-1.67903489974968
2017,Bolivia,BOL,70.945,23.2,15.2,28.6,-1.56436478494085
2018,Bolivia,BOL,71.239,22.3,14.6,27.4,-1.46415689771228
2019,Bolivia,BOL,71.513,21.5,14,26.3,-1.3694852331592
2020,Bolivia,BOL,71.827,20.7,13.5,25.4,-1.28711695553772
2016,Bosnia and Herzegovina,BIH,76.998,5.3,4.5,6.2,0.304210407693535
2017,Bosnia and Herzegovina,BIH,77.128,5.3,4.4,6.1,0.315456156018582
2018,Bosnia and Herzegovina,BIH,77.262,5.2,4.3,6,0.328978904634889
2019,Bosnia and Herzegovina,BIH,77.401,5.1,4.2,5.9,0.34256083561081
2020,Bosnia and Herzegovina,BIH,77.5179999999999,4.9,4.1,5.7,0.361181857441454
2016,Botswana,BWA,68.178,39.3,23.2,49.2,-3.11945091274666
2017,Botswana,BWA,68.812,38.2,23,47.8,-3.03116831115658
2018,Botswana,BWA,69.275,37.6,22.7,47,-2.96783988314235
2019,Botswana,BWA,69.592,36.9,22.3,45.9,-2.88816324098333
2020,Botswana,BWA,70.0633333333333,36.1,21.9,44.8,-2.80443018225396
2016,Brazil,BRA,75.23,15,10,16.7,-0.620370277113452
2017,Brazil,BRA,75.456,13.8,9.3,15.4,-0.504571299789893
2018,Brazil,BRA,75.672,13.6,9.2,15.2,-0.484778467238869
2019,Brazil,BRA,75.881,13.3,8.9,14.9,-0.446494660471093
2020,Brazil,BRA,76.1039999999999,13.1,8.7,14.7,-0.419981804475016
2016,Brunei Darussalam,BRN,75.45,9,5.4,10.8,0.0024432366111474
2017,Brunei Darussalam,BRN,75.585,9.2,5.6,11,-0.0198321624364878
2018,Brunei Darussalam,BRN,75.722,9.4,5.8,11.2,-0.042083888540277
2019,Brunei Darussalam,BRN,75.86,9.6,6,11.4,-0.064323778172143
2020,Brunei Darussalam,BRN,75.998,9.6,6.1,11.5,-0.07239735202182
2016,Bulgaria,BGR,74.8121951219512,6.5,3.9,7.7,0.245357763130134
2017,Bulgaria,BGR,74.8146341463415,6.1,3.7,7.3,0.27985894180515
2018,Bulgaria,BGR,74.9634146341464,5.8,3.4,7,0.317429962007611
2019,Bulgaria,BGR,74.9146341463415,5.5,3.2,6.6,0.34909522796105
2020,Bulgaria,BGR,74.8658536585366,5.1,3,6.1,0.386059987151518
2016,Burkina Faso,BFA,60.354,58.2,27.7,97.5,-5.4148688742801
2017,Burkina Faso,BFA,60.768,56.7,27.3,94.1,-5.2456005659464
2018,Burkina Faso,BFA,61.174,55.4,26.7,90.8,-5.0706817607455
2019,Burkina Faso,BFA,61.577,54.1,26.2,87.8,-4.91164514960234
2020,Burkina Faso,BFA,61.98,52.8,25.8,85,-4.7653853842677
2016,Burundi,BDI,60.528,44.4,23,64.4,-3.77705346394265
2017,Burundi,BDI,60.898,42.7,22.4,61.5,-3.60592150945055
2018,Burundi,BDI,61.247,41.3,21.8,59,-3.45400643941338
2019,Burundi,BDI,61.584,39.9,21.3,56.6,-3.31194041401434
2020,Burundi,BDI,61.936,38.6,20.9,54.4,-3.18470334174854
2016,Cabo Verde,CPV,72.347,15.5,10.9,18.1,-0.768355354628157
2017,Cabo Verde,CPV,72.57,14.5,10.2,16.8,-0.657051195527501
2018,Cabo Verde,CPV,72.782,13.6,9.6,15.8,-0.563953576663544
2019,Cabo Verde,CPV,72.981,12.8,9,14.9,-0.476309325171614
2020,Cabo Verde,CPV,73.206,12.2,8.5,14.2,-0.405593480025336
2016,Cambodia,KHM,68.977,26,15.6,30.3,-1.72882521772046
2017,Cambodia,KHM,69.289,24.9,14.9,29,-1.61423795821509
2018,Cambodia,KHM,69.57,23.8,14.3,27.7,-1.50665479748092
2019,Cambodia,KHM,69.823,22.9,13.8,26.6,-1.41663921257625
2020,Cambodia,KHM,70.225,22,13.2,25.7,-1.32436250288038
2016,Cameroon,CMR,58.063,55.2,28.7,84.2,-5.0331797159143
2017,Cameroon,CMR,58.511,53.2,28,80.6,-4.82630951342569
2018,Cameroon,CMR,58.921,51.3,27.4,77.3,-4.63796543591569
2019,Cameroon,CMR,59.292,49.9,26.8,74.7,-4.48272012466275
2020,Cameroon,CMR,59.663,48.3,26.2,72.2,-4.32608534343614
2016,Canada,CAN,81.9,4.6,3.5,5.3,0.471840604802244
2017,Canada,CAN,81.9,4.6,3.4,5.2,0.481547611777298
2018,Canada,CAN,82.0487804878049,4.5,3.3,5.1,0.495245309222516
2019,Canada,CAN,82.0487804878049,4.4,3.3,5.1,0.497474963626083
2020,Canada,CAN,82.0983739837398,4.4,3.2,5,0.507768982623336
2016,Caribbean small states,CSS,73.395957988226,15.8755059842993,11.9407232636952,18.3612354682339,-0.84140593931742
2017,Caribbean small states,CSS,73.5174899503022,15.4186190155324,11.5705255792256,17.8226990791133,-0.788677587262043
2018,Caribbean small states,CSS,73.6371062810432,14.9628904923969,11.1908344721335,17.2856824531931,-0.735414298716269
2019,Caribbean small states,CSS,73.7547323090936,14.7001176047253,10.8219446906732,17.2083262390184,-0.701304548120978
2020,Caribbean small states,CSS,73.8743237493828,14.0499521768394,10.4676945694144,16.2405761805236,-0.632172022006169
2016,Central African Republic,CAF,51.593,85.6,41.7,118.2,-7.69415368972467
2017,Central African Republic,CAF,52.24,83.8,41,114.5,-7.48631749929704
2018,Central African Republic,CAF,52.805,81.6,40.2,111.1,-7.27310563031162
2019,Central African Republic,CAF,53.283,79.1,39.6,106.6,-7.03374068028792
2020,Central African Republic,CAF,53.935,77.5,38.8,103,-6.82673728699968
2016,Central Europe and the Baltics,CEB,76.9698114171911,4.60480376284933,2.91198484800855,5.46362303920028,0.447382049494569
2017,Central Europe and the Baltics,CEB,76.9474426395729,4.3973921043,2.78418545299872,5.22810085762615,0.467454257386815
2018,Central Europe and the Baltics,CEB,76.9768226818402,4.21312599808368,2.71288935244331,5.0158904902587,0.483157069122082
2019,Central Europe and the Baltics,CEB,77.1441029199518,4.05281130132838,2.64407124399402,4.85105422538055,0.498339321900036
2020,Central Europe and the Baltics,CEB,77.2022000875387,3.92658547392053,2.63425771772798,4.7457192178564,0.505726342317327
2016,Chad,TCD,53.438,74.1,35,124.9,-7.17689407897161
2017,Chad,TCD,53.712,72.4,34.5,121.1,-6.98590704442456
2018,Chad,TCD,53.977,70.7,33.8,117.3,-6.78175220184164
2019,Chad,TCD,54.239,69,33.3,113.5,-6.59090720495767
2020,Chad,TCD,54.534,67.4,32.8,110,-6.41111077540419
2016,Chile,CHL,79.779,6.5,5,7.7,0.231138360058768
2017,Chile,CHL,79.909,6.4,4.9,7.4,0.250753440454305
2018,Chile,CHL,80.042,6.2,4.7,7.2,0.27620101397731
2019,Chile,CHL,80.181,6,4.5,7,0.301719606331853
2020,Chile,CHL,80.32,5.8,4.4,6.8,0.320601030544804
2016,China,CHN,76.21,7.6,4.9,9.9,0.103468507131704
2017,China,CHN,76.47,7,4.5,9.2,0.167961460653695
2018,China,CHN,76.704,6.4,4.1,8.5,0.232146665905687
2019,China,CHN,76.912,5.9,3.7,7.9,0.290724629650652
2020,China,CHN,77.25,5.5,3.5,7.3,0.335337344058857
2016,Colombia,COL,76.732,12.9,8.2,15,-0.384112867092642
2017,Colombia,COL,76.925,12.5,7.9,14.6,-0.340718950638605
2018,Colombia,COL,77.109,12.1,7.7,14.1,-0.300998891740007
2019,Colombia,COL,77.287,11.7,7.4,13.6,-0.254712683531354
2020,Colombia,COL,77.5039999999999,11.4,7.2,13.2,-0.219901514296325
2016,Comoros,COM,63.7,53,32.1,70.1,-4.71022156810187
2017,Comoros,COM,63.912,51.5,31.3,67.9,-4.55363362053178
2018,Comoros,COM,64.118,50.1,30.5,65.7,-4.39934634619681
2019,Comoros,COM,64.321,48.7,29.8,63.5,-4.25173174941919
2020,Comoros,COM,64.524,47.2,29,61.3,-4.09525033009641
2016,"Congo, Dem. Rep.",COD,59.655,71.1,29,92.8,-5.65276874688252
2017,"Congo, Dem. Rep.",COD,60.026,69.1,28.5,89.6,-5.47236364434901
2018,"Congo, Dem. Rep.",COD,60.368,67.3,27.9,86.6,-5.29626361783372
2019,"Congo, Dem. Rep.",COD,60.681,65.5,27.3,83.8,-5.12664652667113
2020,"Congo, Dem. Rep.",COD,61.023,63.8,26.8,81.2,-4.97169267803485
2016,"Congo, Rep.",COG,63.556,36.6,20.2,50.8,-2.96396079416614
2017,"Congo, Rep.",COG,63.954,35.6,19.9,49.1,-2.86485456971148
2018,"Congo, Rep.",COG,64.29,34.7,19.4,47.6,-2.76157720230336
2019,"Congo, Rep.",COG,64.57,35.9,19.1,52.5,-2.91552944142254
2020,"Congo, Rep.",COG,64.8499999999999,33,18.7,44.6,-2.57848931117083
2016,Costa Rica,CRI,79.738,7.6,6.2,8.9,0.0896427825700324
2017,Costa Rica,CRI,79.914,7.5,6.1,8.7,0.106732501840567
2018,Costa Rica,CRI,80.095,7.4,5.9,8.4,0.133588410445771
2019,Costa Rica,CRI,80.279,7.2,5.8,8.2,0.153002475895257
2020,Costa Rica,CRI,80.4615,6.7,5.6,7.9,0.188794756822616
2016,Cote d'Ivoire,CIV,56.567,64.4,35.6,88.4,-5.84291311581464
2017,Cote d'Ivoire,CIV,57.017,62.9,35,86,-5.69064274654313
2018,Cote d'Ivoire,CIV,57.422,61.3,34.5,83.2,-5.53103317691235
2019,Cote d'Ivoire,CIV,57.783,59.4,33.9,80.3,-5.35554844186043
2020,Cote d'Ivoire,CIV,58.277,57.9,33.2,77.9,-5.19612009968272
2016,Croatia,HRV,78.0219512195122,4.1,3,4.8,0.485621496188996
2017,Croatia,HRV,77.8268292682927,4.1,3,4.8,0.483311940691821
2018,Croatia,HRV,78.0707317073171,4,3,4.7,0.491498378300319
2019,Croatia,HRV,78.4243902439025,3.9,3,4.6,0.500983940875978
2020,Croatia,HRV,78.5585365853659,3.9,3,4.6,0.502571760280286
2016,Cuba,CUB,78.607,4.4,2.3,5.5,0.510828751599058
2017,Cuba,CUB,78.662,4.3,2.3,5.4,0.516779250791853
2018,Cuba,CUB,78.726,4.3,2.3,5.3,0.520606623828388
2019,Cuba,CUB,78.802,4.2,2.3,5.2,0.526805688931566
2020,Cuba,CUB,78.867,4.1,2.4,5.1,0.526237384701998
2016,Cyprus,CYP,80.513,2.4,1.7,2.9,0.697620973675238
2017,Cyprus,CYP,80.672,2.3,1.7,2.8,0.704802465948027
2018,Cyprus,CYP,80.828,2.3,1.7,2.8,0.706648955568019
2019,Cyprus,CYP,80.982,2.3,1.7,2.8,0.708471772244164
2020,Cyprus,CYP,81.1383333333333,2.3,1.6,2.8,0.716959375496389
2016,Czech Republic,CZE,79.0268292682927,2.6,1.6,3.2,0.672998298370641
2017,Czech Republic,CZE,78.9780487804878,2.6,1.6,3.2,0.672420909496347
2018,Czech Republic,CZE,79.0292682926829,2.5,1.6,3.1,0.678326661051384
2019,Czech Republic,CZE,79.1292682926829,2.4,1.6,3,0.684809801480714
2020,Czech Republic,CZE,79.1317073170731,2.3,1.6,2.9,0.690138164161457
2016,Denmark,DNK,80.8536585365854,3.5,2.9,4.1,0.560642886738977
2017,Denmark,DNK,81.1024390243903,3.4,2.8,4,0.575524231376497
2018,Denmark,DNK,80.9536585365854,3.3,2.7,3.9,0.585699856688522
2019,Denmark,DNK,81.2024390243903,3.2,2.6,3.7,0.603651040159504
2020,Denmark,DNK,80.6560975609755,3.1,2.5,3.6,0.609120946146034
2016,Djibouti,DJI,65.064,53.1,33.2,63.8,-4.5759152778519
2017,Djibouti,DJI,65.893,51.6,32.5,61.8,-4.42480107291382
2018,Djibouti,DJI,66.582,50.1,31.8,59.7,-4.27227413521151
2019,Djibouti,DJI,67.112,48.6,31.1,57.8,-4.12776887421188
2020,Djibouti,DJI,67.9599999999999,47.2,30.4,55.9,-3.9817292695443
2016,Dominican Republic,DOM,73.471,28.8,24.5,35,-2.47305282597273
2017,Dominican Republic,DOM,73.689,28.7,24.4,34.9,-2.45853581371489
2018,Dominican Republic,DOM,73.892,28.6,24.2,34.8,-2.4375591803943
2019,Dominican Republic,DOM,74.081,28.3,23.9,34.4,-2.39644226423153
2020,Dominican Republic,DOM,74.277,27.9,23.4,33.8,-2.33359882441161
2016,Early-demographic dividend,EAR,70.0112350713132,31.0507831397328,21.8184794154958,38.7348380043872,-2.50086539928178
2017,Early-demographic dividend,EAR,70.254234698029,29.8493421928097,21.1094815723102,36.992630506794,-2.37066081875043
2018,Early-demographic dividend,EAR,70.4832383376349,28.7356595948926,20.4412797202161,35.4429057735432,-2.25119521839193
2019,Early-demographic dividend,EAR,70.7012013247764,27.6860504416789,19.6685443465142,34.0454329968691,-2.13102474088195
2020,Early-demographic dividend,EAR,70.9412456168467,26.7254846153556,18.9542279621986,32.7196737626428,-2.01865711381234
2016,East Asia & Pacific,EAS,75.6378548577114,13,8.1,16.3,-0.432564076446023
2017,East Asia & Pacific,EAS,75.8685854337845,12.4,7.7,15.6,-0.368417569638546
2018,East Asia & Pacific,EAS,76.0715886300775,11.9,7.4,14.9,-0.313466079728495
2019,East Asia & Pacific,EAS,76.2652057372043,11.5,7.1,14.3,-0.263925181236356
2020,East Asia & Pacific,EAS,76.5607771620038,11,6.8,13.8,-0.214017687755546
2016,East Asia & Pacific (IDA & IBRD countries),TEA,74.7999565735269,13.6277306573618,8.47037209324956,17.0224369723367,-0.503237929508116
2017,East Asia & Pacific (IDA & IBRD countries),TEA,75.0402245010869,13.0387001741594,8.08701202493274,16.3018631216965,-0.43969595260984
2018,East Asia & Pacific (IDA & IBRD countries),TEA,75.2562801026236,12.4575277617501,7.71458091351268,15.6012536567847,-0.377954019761516
2019,East Asia & Pacific (IDA & IBRD countries),TEA,75.448435105141,11.9809479819788,7.35373729340226,14.9943514268934,-0.322472782293882
2020,East Asia & Pacific (IDA & IBRD countries),TEA,75.7610282837668,11.5507295538528,7.10730249529225,14.4111626881669,-0.274921151500323
2016,East Asia & Pacific (excluding high income),EAP,74.7620466808602,13.6452857825493,8.4981502370707,17.0579410001599,-0.507011666055647
2017,East Asia & Pacific (excluding high income),EAP,75.0019150982619,13.0551593630755,8.11376879552752,16.3344857252983,-0.443293737018715
2018,East Asia & Pacific (excluding high income),EAP,75.2176631582702,12.4727645379561,7.7401549770114,15.6331227925518,-0.381426560291461
2019,East Asia & Pacific (excluding high income),EAP,75.4097032387878,11.9948601942666,7.37793350546925,15.0230155746663,-0.325727311614802
2020,East Asia & Pacific (excluding high income),EAP,75.6491592782867,11.5513498559687,7.12987209111213,14.4374606072178,-0.278564402191048
2016,Ecuador,ECU,76.365,12.8,7.1,14.8,-0.307078670660379
2017,Ecuador,ECU,76.584,12.4,6.9,14.4,-0.270014174077936
2018,Ecuador,ECU,76.8,12,6.9,13.9,-0.243189684360988
2019,Ecuador,ECU,77.01,11.6,6.8,13.4,-0.209799045333984
2020,Ecuador,ECU,77.223,11.1,6.7,13,-0.177213081321105
2016,"Egypt, Arab Rep.",EGY,71.482,19.1,11.9,22.5,-1.06030605145822
2017,"Egypt, Arab Rep.",EGY,71.656,18.5,11.5,21.7,-0.993761195688151
2018,"Egypt, Arab Rep.",EGY,71.825,17.8,11.1,20.9,-0.925045867874126
2019,"Egypt, Arab Rep.",EGY,71.99,17.2,10.7,20.1,-0.858607540351361
2020,"Egypt, Arab Rep.",EGY,72.178,16.6,10.3,19.5,-0.798036651641289
2016,El Salvador,SLV,72.644,12.8,7.2,14.9,-0.360829189661
2017,El Salvador,SLV,72.872,12.3,7,14.3,-0.31528883276076
2018,El Salvador,SLV,73.096,11.9,6.7,13.8,-0.268458146843649
2019,El Salvador,SLV,73.317,11.5,6.5,13.3,-0.228300138483899
2020,El Salvador,SLV,73.5413333333333,11.1,6.2,12.9,-0.184535345909607
2016,Equatorial Guinea,GNQ,57.713,65.6,31.2,90,-5.61318639493895
2017,Equatorial Guinea,GNQ,58.061,63.6,30.5,86.9,-5.42284903380994
2018,Equatorial Guinea,GNQ,58.402,61.7,29.9,83.9,-5.24453118936302
2019,Equatorial Guinea,GNQ,58.735,60,29.2,81.2,-5.0733396938574
2020,Equatorial Guinea,GNQ,59.072,58.3,28.7,78.5,-4.91537518874727
2016,Eritrea,ERI,65.111,33.1,19.3,44.8,-2.62359233291897
2017,Eritrea,ERI,65.538,32.2,18.9,43.3,-2.52587501470744
2018,Eritrea,ERI,65.941,31.3,18.5,41.9,-2.43151161065553
2019,Eritrea,ERI,66.321,30.5,18.1,40.6,-2.34271993869487
2020,Eritrea,ERI,66.8189999999999,29.7,17.7,39.3,-2.2525315630473
2016,Estonia,EST,77.6414634146342,2.2,1.3,2.8,0.697709931713591
2017,Estonia,EST,78.0926829268293,2.1,1.2,2.6,0.718057279012891
2018,Estonia,EST,78.2439024390244,1.9,1.1,2.4,0.737083339138852
2019,Estonia,EST,78.4975609756098,1.8,1,2.3,0.752022422663802
2020,Estonia,EST,78.8463414634145,1.7,0.9,2.1,0.771157253327084
2016,Eswatini,SWZ,56.962,42.6,21.8,55.6,-3.42933670851223
2017,Eswatini,SWZ,58.319,43.5,21.5,57.9,-3.48403629448962
2018,Eswatini,SWZ,59.401,39.4,21.1,52.2,-3.17828391524898
2019,Eswatini,SWZ,60.194,37.7,20.7,48,-2.97551156458164
2020,Eswatini,SWZ,61.2713333333333,37.4,20.3,46.6,-2.88654435938437
2016,Ethiopia,ETH,65.482,41.3,30.7,59,-3.99458694542115
2017,Ethiopia,ETH,65.872,39.5,29.7,55.9,-3.78830025685373
2018,Ethiopia,ETH,66.24,38,28.7,53.2,-3.60124228921316
2019,Ethiopia,ETH,66.597,36.6,27.8,50.8,-3.43239086180929
2020,Ethiopia,ETH,67.042,35.4,27,48.7,-3.28280381832531
2016,Euro area,EMU,81.9545453224235,3.1457486342451,2.27107029192537,3.83450034153545,0.631465617281822
2017,Euro area,EMU,81.9323163550777,3.14805216641544,2.2731528007926,3.82954015143197,0.631165194154411
2018,Euro area,EMU,82.0598816959482,3.12240532677179,2.24793299352102,3.78984140136118,0.636139522279138
2019,Euro area,EMU,82.038548222566,3.09880315001518,2.23653294416737,3.72408496339854,0.639188513305725
2020,Euro area,EMU,82.0172147491838,3.05844048629935,2.17816805815389,3.715279393819,0.643980040570777
2016,Europe & Central Asia,ECS,77.5956873929039,7.7,4.8,9,0.151906220291074
2017,Europe & Central Asia,ECS,77.7886065200657,7.4,4.6,8.6,0.186432356950872
2018,Europe & Central Asia,ECS,77.9103508580423,7.1,4.4,8.3,0.217046196383391
2019,Europe & Central Asia,ECS,78.0312773947859,6.8,4.2,7.9,0.250720194768038
2020,Europe & Central Asia,ECS,78.2250143231807,6.5,4.1,7.6,0.275549004334115
2016,Europe & Central Asia (IDA & IBRD countries),TEC,73.5073904351252,10.8089233322776,6.41182789941712,12.5065383653209,-0.180427842130572
2017,Europe & Central Asia (IDA & IBRD countries),TEC,73.9010184247019,10.2198113659418,6.13216862048188,11.8764851004111,-0.124730438220293
2018,Europe & Central Asia (IDA & IBRD countries),TEC,74.0394363300003,9.75830752034977,5.82939614520967,11.3009520201892,-0.0750386614883623
2019,Europe & Central Asia (IDA & IBRD countries),TEC,74.2980057170281,9.30345694050286,5.58210076265854,10.7826456216959,-0.0295119347718704
2020,Europe & Central Asia (IDA & IBRD countries),TEC,74.5565751040559,8.90596072082142,5.32054604902791,10.312943985077,0.0141903158522355
2016,Europe & Central Asia (excluding high income),ECA,73.0619024854879,11.2579986686731,6.64627966741033,13.0284652543843,-0.227296948127167
2017,Europe & Central Asia (excluding high income),ECA,73.5093179187941,10.6361653840764,6.35432742586007,12.3630646059931,-0.168332306032797
2018,Europe & Central Asia (excluding high income),ECA,73.675342555823,10.1514451099396,6.03179210567326,11.7568391294449,-0.115542216526563
2019,Europe & Central Asia (excluding high income),ECA,73.9353630083226,9.67376754163761,5.77453478398266,11.211607301401,-0.0680015934177952
2020,Europe & Central Asia (excluding high income),ECA,74.0073918298807,9.25639236818266,5.4957461374368,10.7111284409631,-0.0239754367175308
2016,European Union,EUU,80.9498646420543,3.44865421583629,2.40615525125242,4.16558307119134,0.593690472888031
2017,European Union,EUU,80.9308386443383,3.40410939871472,2.37824379691223,4.11076378897559,0.597993861445776
2018,European Union,EUU,81.0349054643915,3.34016433829614,2.3415012917064,4.0314665881217,0.605524357410546
2019,European Union,EUU,81.0638468173313,3.28707025806818,2.31674428223252,3.94337629619665,0.611398129755505
2020,European Union,EUU,81.2430391044979,3.2244856014062,2.26677268106915,3.90929483196613,0.619277501000816
2016,Fiji,FJI,67.175,21.1,10.2,24.9,-1.11672309769802
2017,Fiji,FJI,67.252,21.5,10.6,25.5,-1.16969801254135
2018,Fiji,FJI,67.341,22.1,11,26.2,-1.23006003736221
2019,Fiji,FJI,67.444,22.6,11.4,26.9,-1.28802669717257
2020,Fiji,FJI,67.5069999999999,23,11.6,27.4,-1.32482314750619
2016,Finland,FIN,81.4292682926829,2,1.4,2.4,0.752645673801889
2017,Finland,FIN,81.6317073170732,2,1.4,2.4,0.755041837630209
2018,Finland,FIN,81.7341463414634,1.9,1.4,2.4,0.758484008669793
2019,Finland,FIN,81.7853658536586,1.9,1.4,2.3,0.762160105821264
2020,Finland,FIN,82.239024390244,1.9,1.4,2.3,0.767529822352197
2016,Fragile and conflict affected situations,FCS,61.5703079183275,57.345785277269,30.3740864287621,85.1323622891332,-5.17924311087224
2017,Fragile and conflict affected situations,FCS,61.8928480038629,55.9822307610508,29.9021387277549,82.6667301971219,-5.03800792698278
2018,Fragile and conflict affected situations,FCS,62.1942490425375,54.7744463489922,29.3665403234387,80.4849360556806,-4.90498485324357
2019,Fragile and conflict affected situations,FCS,62.480088340482,53.5078165390588,28.8632783317925,78.2934708972083,-4.77268326405003
2020,Fragile and conflict affected situations,FCS,62.7737085087915,52.2254986158291,28.3809806145022,76.0703410360662,-4.64035916489354
2016,France,FRA,82.5731707317073,3.2,2.5,4.2,0.611163641501445
2017,France,FRA,82.5756097560976,3.3,2.6,4.3,0.599255849566539
2018,France,FRA,82.7243902439024,3.4,2.6,4.3,0.598787231229566
2019,France,FRA,82.5780487804878,3.4,2.6,4.3,0.597055064606685
2020,France,FRA,82.5792682926829,3.4,2.6,4.4,0.593999660495081
2016,Gabon,GAB,65.418,34.6,21.3,47.4,-2.86596252459397
2017,Gabon,GAB,65.839,33.7,20.9,45.5,-2.75603686988013
2018,Gabon,GAB,66.187,32.5,20.5,44.1,-2.65563550857328
2019,Gabon,GAB,66.467,31.5,20.1,43,-2.56970785266471
2020,Gabon,GAB,67.1019999999999,30.7,19.7,41.7,-2.47789788036369
2016,"Gambia, The",GMB,61.166,38.6,28.5,57.4,-3.79033736889417
2017,"Gambia, The",GMB,61.44,37.5,27.8,55.1,-3.64550150698726
2018,"Gambia, The",GMB,61.735,36.5,27.1,53.1,-3.51185625007392
2019,"Gambia, The",GMB,62.05,35.6,26.4,51.2,-3.38327375695915
2020,"Gambia, The",GMB,62.355,34.7,25.7,49.4,-3.25787946739706
2016,Georgia,GEO,73.207,9.1,6.2,10.2,-0.0610139364477356
2017,Georgia,GEO,73.414,8.8,5.8,9.9,-0.016116634482212
2018,Georgia,GEO,73.6,8.7,5.4,9.7,0.0210029539323316
2019,Georgia,GEO,73.767,8.4,5.2,9.5,0.0490826219042871
2020,Georgia,GEO,73.9435,8.2,5,9.3,0.0750450819559439
2016,Germany,DEU,80.990243902439,3.3,2.3,3.9,0.612681570910614
2017,Germany,DEU,80.9926829268293,3.3,2.3,3.9,0.612710440354329
2018,Germany,DEU,80.8926829268293,3.2,2.3,3.8,0.616826286399055
2019,Germany,DEU,80.9414634146342,3.2,2.3,3.7,0.620473514106811
2020,Germany,DEU,80.9902439024391,3.1,2.2,3.7,0.629917725526265
2016,Ghana,GHA,63.124,37.4,25.4,52.2,-3.37502187229672
2017,Ghana,GHA,63.463,36.2,24.7,50.1,-3.23332666297817
2018,Ghana,GHA,63.78,35,24.1,48.1,-3.10159886301698
2019,Ghana,GHA,64.074,34,23.5,46.4,-2.98381212721753
2020,Ghana,GHA,64.368,33,22.9,44.7,-2.86602539141809
2016,Greece,GRC,81.3878048780488,3.9,2.6,4.4,0.568748665222619
2017,Greece,GRC,81.2878048780488,3.8,2.6,4.3,0.572864511267345
2018,Greece,GRC,81.7878048780488,3.7,2.5,4.2,0.590719408607478
2019,Greece,GRC,81.9390243902439,3.7,2.5,4.2,0.592509314117789
2020,Greece,GRC,80.9878048780488,3.6,2.4,4.1,0.593186892447682
2016,Grenada,GRD,72.408,14.5,10.9,16.4,-0.693149525636336
2017,Grenada,GRD,72.388,14.6,11.1,16.6,-0.715029923428473
2018,Grenada,GRD,72.384,14.7,11.1,16.6,-0.717306923719732
2019,Grenada,GRD,72.397,14.7,11.1,16.5,-0.714083210751272
2020,Grenada,GRD,72.41,14.5,10.9,16.4,-0.69312585269249
2016,Guatemala,GTM,73.541,22.9,12.9,27.3,-1.33438556852635
2017,Guatemala,GTM,73.81,22.2,12.4,26.4,-1.25477958654497
2018,Guatemala,GTM,74.063,21.4,12,25.4,-1.17670066301892
2019,Guatemala,GTM,74.302,20.7,11.5,24.5,-1.09744977519523
2020,Guatemala,GTM,74.569,20.1,11.1,23.6,-1.02673428870285
2016,Guinea,GIN,60.17,67.1,31.4,104.6,-6.07901980544612
2017,Guinea,GIN,60.706,66,31.1,102.6,-5.96684097696214
2018,Guinea,GIN,61.185,64.7,30.7,100.4,-5.83810067276212
2019,Guinea,GIN,61.602,63.4,30.3,98,-5.7039545521544
2020,Guinea,GIN,62.0189999999999,62,29.9,95.6,-5.56757877714311
2016,Guinea-Bissau,GNB,57.328,58.1,38.4,88.7,-5.88848755772145
2017,Guinea-Bissau,GNB,57.673,56.3,37.5,85.5,-5.6863008396987
2018,Guinea-Bissau,GNB,58.003,54.6,36.7,82.5,-5.49929816896687
2019,Guinea-Bissau,GNB,58.322,53,35.9,79.6,-5.31772519266323
2020,Guinea-Bissau,GNB,58.641,51.4,35.1,76.8,-5.13922205519305
2016,Guyana,GUY,69.454,26.6,19.6,32.1,-2.0573009717006
2017,Guyana,GUY,69.624,25.9,19.1,31.2,-1.9788668004396
2018,Guyana,GUY,69.774,25.2,18.4,30.2,-1.88432518350041
2019,Guyana,GUY,69.906,24.5,17.9,29.3,-1.80634079817248
2020,Guyana,GUY,70.074,23.8,17.3,28.4,-1.72129313171374
2016,Haiti,HTI,62.896,51.5,26.6,67.9,-4.25371257335071
2017,Haiti,HTI,63.29,50.3,26.2,66,-4.13741754016809
2018,Haiti,HTI,63.66,49,25.7,64.1,-4.01253975976647
2019,Haiti,HTI,64.001,47.8,25.2,62.2,-3.89023489145418
2020,Haiti,HTI,64.3565,46.7,24.8,60.5,-3.78276489451109
2016,Heavily indebted poor countries (HIPC),HPC,62.3232846447189,51.2046049027588,28.1877081858303,73.7316892612767,-4.53830753626067
2017,Heavily indebted poor countries (HIPC),HPC,62.748671772017,49.6481952082343,27.5752174558073,71.1157811663722,-4.37761369403214
2018,Heavily indebted poor countries (HIPC),HPC,63.1349911561301,48.2311977209829,26.9368037174514,68.6508829788221,-4.22340589359542
2019,Heavily indebted poor countries (HIPC),HPC,63.4864553256302,46.91232141055,26.3418073243587,66.3584906627618,-4.07997575350833
2020,Heavily indebted poor countries (HIPC),HPC,63.8553471024368,45.6311357179348,25.7689533159718,64.1262855579407,-3.94049698024346
2016,High income,HIC,80.6438643337737,4.4,2.9,5.2,0.504324546747603
2017,High income,HIC,80.6843643551024,4.3,2.9,5.1,0.51010341734997
2018,High income,HIC,80.7873397628661,4.3,2.8,5,0.521029289847781
2019,High income,HIC,80.8873668617946,4.2,2.8,5,0.524442912199357
2020,High income,HIC,80.9932905783934,4.1,2.7,4.9,0.537633336675484
2016,Honduras,HND,74.701,16,10.1,18.6,-0.713892420773761
2017,Honduras,HND,74.898,15.4,9.8,18,-0.659852171957975
2018,Honduras,HND,75.088,14.9,9.4,17.4,-0.601487264707625
2019,Honduras,HND,75.27,14.4,9.1,16.8,-0.549854217374251
2020,Honduras,HND,75.489,13.9,8.8,16.2,-0.497783220579725
2016,Hungary,HUN,76.0634146341464,4,2.5,4.7,0.500924666831095
2017,Hungary,HUN,75.8170731707317,3.7,2.4,4.4,0.520544500868589
2018,Hungary,HUN,76.0658536585366,3.5,2.3,4.2,0.540725338743138
2019,Hungary,HUN,76.0219512195122,3.4,2.2,4.1,0.552142350134895
2020,Hungary,HUN,76.5634146341463,3.4,2.1,4,0.568258373614611
2016,IBRD only,IBD,72.9614017386302,20.3930295282011,13.99223948517,25.2562132160021,-1.29510200032437
2017,IBRD only,IBD,73.207413803886,19.481475061179,13.4450157043481,24.0464653861239,-1.19840809999388
2018,IBRD only,IBD,73.4119044545956,18.6531775754673,12.9596009689384,22.9250438094517,-1.11087585356272
2019,IBRD only,IBD,73.6135935088521,17.904997674277,12.3681289629917,21.97230431939,-1.02330218222857
2020,IBRD only,IBD,73.8208857560148,17.251109252423,11.8819707556649,21.0849396184306,-0.946761317533973
2016,IDA & IBRD total,IBT,70.6271112581628,33.0522875735424,20.3198569154381,44.7860713722195,-2.62449924652661
2017,IDA & IBRD total,IBT,70.873140273204,32.0812346295787,19.8081259838624,43.3441432617196,-2.52170669482383
2018,IDA & IBRD total,IBT,71.0806552692461,31.2017465881476,19.3306304656199,42.0339189023995,-2.42772694895275
2019,IDA & IBRD total,IBT,71.2794862234126,30.3765404913957,18.8057786373063,40.8305581764997,-2.33519771466191
2020,IDA & IBRD total,IBT,71.4783171775791,29.6129036624451,18.3462604740971,39.6722848598454,-2.2497616782659
2016,IDA blend,IDB,61.587965839819,62.517644416963,36.008702202459,90.1709435330267,-5.8230039351483
2017,IDA blend,IDB,61.8891292033631,61.2808915012353,35.4519063606702,88.1894458077172,-5.69407964472407
2018,IDA blend,IDB,62.1618673864433,59.9466281338193,34.8525924978617,86.0743459023711,-5.55639429791964
2019,IDA blend,IDB,62.4089972219881,58.5719816758594,34.2875453196096,83.9300109864685,-5.41948853000872
2020,IDA blend,IDB,62.6826743493778,57.1407046651619,33.6718937830325,81.6917727072819,-5.27476449194934
2016,IDA only,IDX,64.6168978896782,47.6485489000575,27.1143447712045,67.3419383263648,-4.16447549806644
2017,IDA only,IDX,64.9733895501211,46.2058612722554,26.4736573247381,64.913001731939,-4.01100100441392
2018,IDA only,IDX,65.3045620346065,44.9691269054823,25.8378899978253,62.8594569281262,-3.87426872600396
2019,IDA only,IDX,65.6133438655466,43.7766523966937,25.2416069707461,60.8516987179288,-3.7428145298094
2020,IDA only,IDX,65.9922261795348,42.6395771840764,24.6770423623849,58.9344683075434,-3.61665006639796
2016,IDA total,IDA,63.5991845295265,52.7465973501281,30.1638823214359,75.1691376659718,-4.73287583509212
2017,IDA total,IDA,63.9367616770714,51.3704331288351,29.549525935814,72.8873053432128,-4.5873719654421
2018,IDA total,IDA,64.2481797662745,50.0934267292041,28.9221186503621,70.8020402512627,-4.44955669050838
2019,IDA total,IDA,64.536308941045,48.8296601043474,28.3310411656398,68.733570596021,-4.31523913817598
2020,IDA total,IDA,64.8486837448845,47.5818772701834,27.7426836381251,66.6906533104747,-4.18195593112991
2016,Iceland,ISL,82.2048780487805,1.8,1.1,2.2,0.792336647801997
2017,Iceland,ISL,82.6609756097561,1.7,1.1,2.1,0.803034727013672
2018,Iceland,ISL,82.8609756097561,1.6,1.1,2.1,0.807631675801844
2019,Iceland,ISL,82.5609756097561,1.6,1,2,0.813787741199992
2020,Iceland,ISL,82.2609756097561,1.5,1,1.9,0.815536292860114
2016,India,IND,68.897,33.1,24.8,41,-2.82716982233449
2017,India,IND,69.165,31.4,23.7,38.6,-2.63940854143788
2018,India,IND,69.416,29.8,22.7,36.3,-2.46378514194259
2019,India,IND,69.656,28.3,21.4,34.4,-2.28288944895108
2020,India,IND,69.9349999999999,27,20.3,32.6,-2.12233561747835
2016,Indonesia,IDN,71.035,22.4,13.6,26.6,-1.37787080030453
2017,Indonesia,IDN,71.282,21.6,13.1,25.6,-1.29322572746842
2018,Indonesia,IDN,71.509,20.8,12.6,24.6,-1.20881738407078
2019,Indonesia,IDN,71.716,20.2,12.2,23.8,-1.14188192472725
2020,Indonesia,IDN,71.9329999999999,19.5,11.7,23,-1.06596127811933
2016,"Iran, Islamic Rep.",IRN,76.047,12.8,9.6,14.9,-0.479841711105184
2017,"Iran, Islamic Rep.",IRN,76.271,12.4,9.2,14.4,-0.426373857046479
2018,"Iran, Islamic Rep.",IRN,76.479,11.9,8.9,13.9,-0.377502900276569
2019,"Iran, Islamic Rep.",IRN,76.677,11.5,8.6,13.4,-0.330979962629455
2020,"Iran, Islamic Rep.",IRN,76.887,11.1,8.3,12.9,-0.284314987319266
2016,Iraq,IRQ,70.122,24.1,16.4,28.8,-1.67995878633164
2017,Iraq,IRQ,70.294,23.4,15.9,27.9,-1.60150094212679
2018,Iraq,IRQ,70.454,22.7,15.4,27,-1.52318513558502
2019,Iraq,IRQ,70.604,22,14.9,26.1,-1.44498769376248
2020,Iraq,IRQ,70.7646666666666,21.3,14.4,25.2,-1.36666399623943
2016,Ireland,IRL,81.6536585365854,3.1,2.3,3.6,0.634202884908528
2017,Ireland,IRL,82.1560975609756,3,2.2,3.4,0.655156490525837
2018,Ireland,IRL,82.2560975609756,2.8,2.2,3.3,0.663869285358735
2019,Ireland,IRL,82.3024390243903,2.7,2.1,3.2,0.676354466167936
2020,Ireland,IRL,82.8585365853658,2.6,2,3,0.697943199546967
2016,Israel,ISR,82.4073170731707,3.1,2,3.8,0.656895369774223
2017,Israel,ISR,82.5512195121951,3,2,3.8,0.660828321356957
2018,Israel,ISR,82.8024390243903,3,2,3.7,0.666871712893032
2019,Israel,ISR,82.8048780487805,3,1.9,3.6,0.6766075893118
2020,Israel,ISR,82.8073170731707,2.9,1.9,3.6,0.678866113159082
2016,Italy,ITA,83.2439024390244,2.9,2.1,3.4,0.676899084967749
2017,Italy,ITA,82.9463414634147,2.8,2,3.3,0.685313674213179
2018,Italy,ITA,83.3463414634146,2.7,1.9,3.2,0.701984924361008
2019,Italy,ITA,83.1975609756098,2.6,1.8,3,0.715230388506496
2020,Italy,ITA,84.1463414634144,2.5,1.7,2.9,0.738397263490129
2016,Jamaica,JAM,74.175,13,10.7,15.1,-0.585607422576662
2017,Jamaica,JAM,74.267,12.6,10.3,14.6,-0.533701982811796
2018,Jamaica,JAM,74.368,12.2,10,14.2,-0.491397021774677
2019,Jamaica,JAM,74.475,11.8,9.6,13.7,-0.439314034930966
2020,Jamaica,JAM,74.582,11.4,9.3,13.3,-0.39693805506231
2016,Japan,JPN,83.9848780487805,2,0.9,2.7,0.806871401133722
2017,Japan,JPN,84.099756097561,1.9,0.9,2.6,0.813530645169713
2018,Japan,JPN,84.2109756097561,1.9,0.9,2.6,0.814847091803102
2019,Japan,JPN,84.3563414634146,1.8,0.9,2.5,0.821867203885526
2020,Japan,JPN,84.4846341463413,1.8,0.8,2.5,0.830022904766511
2016,Jordan,JOR,74.184,14.6,10,17,-0.633042125631047
2017,Jordan,JOR,74.292,14.1,9.7,16.4,-0.582284977219977
2018,Jordan,JOR,74.405,13.7,9.4,16,-0.539837978519782
2019,Jordan,JOR,74.526,13.3,9.1,15.5,-0.494226449210741
2020,Jordan,JOR,74.64,12.9,8.8,15,-0.448697775205162
2016,Kazakhstan,KAZ,72.41,9.8,5.1,11,-0.0376050465055244
2017,Kazakhstan,KAZ,72.95,9.4,4.9,10.5,0.0063287963976695
2018,Kazakhstan,KAZ,73.15,9.2,4.7,10.3,0.0325694135395173
2019,Kazakhstan,KAZ,73.18,9,4.7,10.1,0.0435234941712655
2020,Kazakhstan,KAZ,73.21,8.9,4.8,10,0.0425409134243919
2016,Kenya,KEN,65.393,34.4,22.2,47.2,-2.91539396319232
2017,Kenya,KEN,65.909,33.7,21.8,45.9,-2.8272221854537
2018,Kenya,KEN,66.342,32.7,21.4,44.3,-2.72413435517361
2019,Kenya,KEN,66.699,32,21,43,-2.63784457647075
2020,Kenya,KEN,67.2079999999999,31.2,20.5,41.9,-2.54702850915735
2016,Kiribati,KIR,67.577,43.6,23.2,56,-3.43118881240116
2017,Kiribati,KIR,67.851,42.6,22.8,54.5,-3.33305281999029
2018,Kiribati,KIR,68.116,41.4,22.3,52.8,-3.21778720121107
2019,Kiribati,KIR,68.369,40.3,21.9,51.2,-3.11460028147356
2020,Kiribati,KIR,68.646,39.2,21.3,49.6,-2.9978549501267
2016,"Korea, Dem. People's Rep.",PRK,71.711,15.1,10.8,20,-0.8186545028511
2017,"Korea, Dem. People's Rep.",PRK,71.91,14.4,10.3,19,-0.736807235070869
2018,"Korea, Dem. People's Rep.",PRK,72.095,13.7,9.8,18.2,-0.661265355564483
2019,"Korea, Dem. People's Rep.",PRK,72.274,13.1,9.3,17.3,-0.584954310459742
2020,"Korea, Dem. People's Rep.",PRK,72.465,11.6,8.9,16.5,-0.498141345034871
2016,"Korea, Rep.",KOR,82.2756097560976,2.9,1.6,3.4,0.698623756520982
2017,"Korea, Rep.",KOR,82.6268292682927,2.8,1.6,3.3,0.708080449652926
2018,"Korea, Rep.",KOR,82.6268292682927,2.8,1.5,3.2,0.71778745662798
2019,"Korea, Rep.",KOR,83.2268292682927,2.7,1.5,3.1,0.730188833018822
2020,"Korea, Rep.",KOR,83.8268292682927,2.6,1.5,3,0.742590209409664
2016,Kuwait,KWT,75.224,7.4,4.9,8.7,0.133095120624274
2017,Kuwait,KWT,75.311,7.4,4.9,8.7,0.134124893681577
2018,Kuwait,KWT,75.398,7.5,4.9,8.7,0.132925012335312
2019,Kuwait,KWT,75.489,7.5,4.9,8.8,0.130932292446846
2020,Kuwait,KWT,75.572,7.6,5,8.9,0.119978058237835
2016,Kyrgyz Republic,KGZ,70.9512195121951,18.9,14,21.2,-1.16160193713073
2017,Kyrgyz Republic,KGZ,71.2,18,13.4,20.1,-1.06499912822209
2018,Kyrgyz Republic,KGZ,71.4,17.1,12.8,19.2,-0.975113385854677
2019,Kyrgyz Republic,KGZ,71.6,16.4,12.2,18.3,-0.889686952294392
2020,Kyrgyz Republic,KGZ,71.9463414634147,15.7,11.7,17.5,-0.812235359086278
2016,Lao PDR,LAO,66.924,40.5,24.1,51.5,-3.29139050782489
2017,Lao PDR,LAO,67.277,39.1,23.5,49.4,-3.15170744723387
2018,Lao PDR,LAO,67.61,37.8,22.8,47.5,-3.01399328001021
2019,Lao PDR,LAO,67.923,36.5,22.2,45.7,-2.88622284920007
2020,Lao PDR,LAO,68.256,35.3,21.7,44.1,-2.77322218916355
2016,Late-demographic dividend,LTE,75.7482988920979,9.46043129800329,6.15548429107275,11.6604873405907,-0.080850320859491
2017,Late-demographic dividend,LTE,76.017397192079,8.87335942972813,5.7749398581174,10.992336665129,-0.018806949854054
2018,Late-demographic dividend,LTE,76.2268768343352,8.41267640343319,5.46362184995843,10.4499571080963,0.0312570673553428
2019,Late-demographic dividend,LTE,76.4361880248427,8.00791971658393,5.12971021031399,9.9684184200021,0.0797039872898343
2020,Late-demographic dividend,LTE,76.6654844024243,7.66516992182274,4.93455884800158,9.50615444338177,0.117203466431918
2016,Latin America & Caribbean,LCN,75.1220231779781,15.6,10.1,18.3,-0.690780857634029
2017,Latin America & Caribbean,LCN,75.2820866077559,14.9,9.8,17.5,-0.62880847542412
2018,Latin America & Caribbean,LCN,75.4408494044772,14.6,9.6,17.1,-0.594686629210574
2019,Latin America & Caribbean,LCN,75.6014950394695,14.2,9.4,16.6,-0.555243003597671
2020,Latin America & Caribbean,LCN,75.7583749979198,13.8,9.1,16.2,-0.512276621001295
2016,Latin America & Caribbean (excluding high income),LAC,75.0770074666891,15.5869058409041,9.93993461521545,18.2863204515749,-0.67997798152747
2017,Latin America & Caribbean (excluding high income),LAC,75.2516345319507,14.8590197024268,9.63749948589875,17.476154351074,-0.616737746212277
2018,Latin America & Caribbean (excluding high income),LAC,75.4225013698511,14.451737991009,9.49179383671941,16.96648968946,-0.580317698438853
2019,Latin America & Caribbean (excluding high income),LAC,75.591326387177,14.0350618397649,9.19989803979711,16.4543005904391,-0.533931973004067
2020,Latin America & Caribbean (excluding high income),LAC,75.7679952730131,13.6602545611067,8.92307088510307,16.0250980856105,-0.491934620817655
2016,Latin America & the Caribbean (IDA & IBRD countries),TLA,75.0305585888065,15.7593297982224,10.1383435589873,18.4555768127069,-0.702736863431765
2017,Latin America & the Caribbean (IDA & IBRD countries),TLA,75.1942820911752,15.0727711368348,9.85267635370632,17.6866680132912,-0.642926595707885
2018,Latin America & the Caribbean (IDA & IBRD countries),TLA,75.3573280274652,14.6802888191674,9.70031391118431,17.1993865891095,-0.607174401899135
2019,Latin America & the Caribbean (IDA & IBRD countries),TLA,75.5203877691048,14.2808462788873,9.41955359767906,16.7098620895769,-0.5626760143882
2020,Latin America & the Caribbean (IDA & IBRD countries),TLA,75.6834406080696,13.9215504694254,9.15551121906253,16.2995396352307,-0.522613814520552
2016,Latvia,LVA,74.580487804878,4,2.6,4.7,0.47673487691097
2017,Latvia,LVA,74.6292682926829,3.8,2.4,4.4,0.504255427375968
2018,Latvia,LVA,74.7829268292683,3.6,2.4,4.2,0.516673188804051
2019,Latvia,LVA,75.2390243902439,3.5,2.3,4.1,0.53400843615732
2020,Latvia,LVA,75.5439024390244,3.4,2.3,4,0.542916609858685
2016,Least developed countries: UN classification,LDC,64.3458296371694,48.7591488725841,27.6286377190497,69.3037579390913,-4.28680571902272
2017,Least developed countries: UN classification,LDC,64.7078616148967,47.3137079662328,26.9559694460973,66.9413917122439,-4.13312524073236
2018,Least developed countries: UN classification,LDC,65.0398012378038,46.0085312409934,26.2910626984995,64.76598082588,-3.98918272937723
2019,Least developed countries: UN classification,LDC,65.3454212391279,44.7651181534725,25.669055696819,62.6633578425734,-3.85201066473516
2020,Least developed countries: UN classification,LDC,65.651041240452,43.5731818766299,25.0898577184095,60.6449150850133,-3.72141185918352
2016,Lebanon,LBN,78.8,6.8,4.6,8,0.230200646901414
2017,Lebanon,LBN,78.833,6.6,4.4,7.7,0.257534412065578
2018,Lebanon,LBN,78.875,6.4,4.3,7.4,0.278337537335457
2019,Lebanon,LBN,78.93,6.2,4.1,7.2,0.302861866048467
2020,Lebanon,LBN,78.932,6,4,7,0.320121693607963
2016,Lesotho,LSO,52.059,72.9,45.1,91.5,-6.81148853283548
2017,Lesotho,LSO,52.947,73.1,45.2,91,-6.79672502854926
2018,Lesotho,LSO,53.705,72.1,45.1,90.6,-6.74653991532049
2019,Lesotho,LSO,54.331,71.4,44.8,90.9,-6.71282071514731
2020,Lesotho,LSO,55.023,69.9,44.3,89.5,-6.59502147614665
2016,Liberia,LBR,62.802,63.1,32,86.1,-5.43058285986126
2017,Liberia,LBR,63.295,62,31.8,84.3,-5.33168984547848
2018,Liberia,LBR,63.73,60.8,31.4,82.5,-5.21797935578048
2019,Liberia,LBR,64.104,59.5,31.1,80.4,-5.10018888810743
2020,Liberia,LBR,64.6579999999999,58.1,30.6,78.3,-4.96476386480148
2016,Libya,LBY,72.311,11,6.9,12.8,-0.240258835619687
2017,Libya,LBY,72.52,10.6,6.6,12.3,-0.193605696781421
2018,Libya,LBY,72.724,10.2,6.4,11.9,-0.156718747277824
2019,Libya,LBY,72.913,9.9,6.2,11.5,-0.122238999256639
2020,Libya,LBY,73.137,9.5,6,11.1,-0.0851153203145821
2016,Lithuania,LTU,74.6707317073171,3.9,2.4,4.8,0.490237198181706
2017,Lithuania,LTU,75.4804878048781,3.6,2.3,4.4,0.525427340181123
2018,Lithuania,LTU,75.6804878048781,3.3,2.2,4,0.553400121251868
2019,Lithuania,LTU,76.1341463414634,2.9,2,3.6,0.5932421470141
2020,Lithuania,LTU,76.6902439024391,2.7,1.9,3.3,0.620130373630162
2016,Low & middle income,LMY,70.5591622064023,33.1649352221671,20.3842299545656,44.9584441721791,-2.63737929082428
2017,Low & middle income,LMY,70.8099901684443,32.1847923328604,19.8672555318985,43.503366066413,-2.53357555917193
2018,Low & middle income,LMY,71.0216251524446,31.2974078385881,19.3855590989143,42.181371324169,-2.43873083000983
2019,Low & middle income,LMY,71.2216160423203,30.4648921698099,18.8561061723792,40.9670669959808,-2.34538355439981
2020,Low & middle income,LMY,71.4424339876263,29.6920816378853,18.3922879006487,39.7984600640056,-2.25888009695933
2016,Low income,LIC,62.6458718838357,52.4,28.8,75.7,-4.66220522553197
2017,Low income,LIC,63.0281199479664,50.8,28.2,72.8,-4.49315795157625
2018,Low income,LIC,63.3874993839884,49.5,27.5,70.5,-4.34285218956492
2019,Low income,LIC,63.7277492102326,48.2,27,68.2,-4.20604719092582
2020,Low income,LIC,64.0883749856982,47,26.4,66,-4.06766333803129
2016,Lower middle income,LMC,68.3865324929242,38.3,24.6,51.2,-3.24900321036498
2017,Lower middle income,LMC,68.6411330020556,37.1,23.9,49.5,-3.12058634858426
2018,Lower middle income,LMC,68.8696371531745,36,23.2,47.9,-2.99777786884947
2019,Lower middle income,LMC,69.0884916733125,34.9,22.5,46.4,-2.87815344553432
2020,Lower middle income,LMC,69.3224780667752,33.9,21.8,44.9,-2.76057956862898
2016,Luxembourg,LUX,82.6853658536585,2.3,1.6,2.8,0.735270782487221
2017,Luxembourg,LUX,82.0951219512195,2.3,1.7,2.8,0.721647208966674
2018,Luxembourg,LUX,82.2951219512195,2.3,1.7,2.8,0.724014503351278
2019,Luxembourg,LUX,82.4463414634146,2.3,1.7,2.8,0.725804408861589
2020,Luxembourg,LUX,80.3243902439025,2.3,1.7,2.8,0.70068799282981
2016,Madagascar,MDG,65.931,40.3,21.9,57.2,-3.32764793002956
2017,Madagascar,MDG,66.311,39.3,21.5,55.5,-3.22211759392792
2018,Madagascar,MDG,66.681,38.2,21.1,53.7,-3.11140612930849
2019,Madagascar,MDG,67.041,37.2,20.7,51.9,-3.00304268381185
2020,Madagascar,MDG,67.431,36.3,20.3,50.2,-2.89962363739455
2016,Malawi,MWI,62.681,34.6,21.8,49.5,-2.99601140445793
2017,Malawi,MWI,63.279,32.8,21,46.2,-2.79439738834678
2018,Malawi,MWI,63.798,31.4,20.3,43.1,-2.61541391694034
2019,Malawi,MWI,64.263,30.1,19.7,40.6,-2.46435547056367
2020,Malawi,MWI,64.728,29,19.1,38.6,-2.33310552716144
2016,Malaysia,MYS,75.649,7,4.3,8.1,0.205286280656153
2017,Malaysia,MYS,75.828,7.1,4.4,8.3,0.192398508918291
2018,Malaysia,MYS,75.997,7.2,4.5,8.4,0.18246221129466
2019,Malaysia,MYS,76.156,7.3,4.6,8.6,0.169337710118338
2020,Malaysia,MYS,76.345,7.4,4.6,8.6,0.169345148908222
2016,Maldives,MDV,78.013,7.7,5.5,9,0.11038555225694
2017,Maldives,MDV,78.325,7.1,5.2,8.3,0.168856834177335
2018,Maldives,MDV,78.627,6.5,4.9,7.6,0.2272097513785
2019,Maldives,MDV,78.921,6,4.5,7,0.286805651708845
2020,Maldives,MDV,79.261,5.5,4.1,6.5,0.343876190914188
2016,Mali,MLI,57.987,65.1,34.2,104.5,-6.24303660471387
2017,Mali,MLI,58.452,63.4,33.6,100.9,-6.04929131355486
2018,Mali,MLI,58.893,61.8,32.9,97.4,-5.85449242281743
2019,Mali,MLI,59.306,60.3,32.3,94.2,-5.6781012923394
2020,Mali,MLI,59.733,58.8,31.6,91,-5.49490728311284
2016,Malta,MLT,82.4536585365854,5.7,4.4,6.6,0.354225351976904
2017,Malta,MLT,82.3463414634146,5.7,4.4,6.6,0.352955096453457
2018,Malta,MLT,82.4487804878049,5.7,4.4,6.5,0.357237451922936
2019,Malta,MLT,82.6,5.7,4.3,6.5,0.365664525574839
2020,Malta,MLT,82.0243902439022,5.6,4.3,6.5,0.361080991261738
2016,Mauritania,MRT,64.208,53.8,33.8,80.1,-5.14186161734671
2017,Mauritania,MRT,64.464,52.6,33.1,77.7,-4.99193931869739
2018,Mauritania,MRT,64.704,51.5,32.4,75.5,-4.85057573566932
2019,Mauritania,MRT,64.925,50.2,31.8,73,-4.70240538844187
2020,Mauritania,MRT,65.232,49,31.2,70.7,-4.56158643669953
2016,Mauritius,MUS,74.3948780487805,12.8,9.1,14.5,-0.453931810152393
2017,Mauritius,MUS,74.5146341463415,13.2,9.3,14.9,-0.486986629697303
2018,Mauritius,MUS,74.4163414634146,13.7,9.7,15.4,-0.541196207030521
2019,Mauritius,MUS,74.2358536585366,14.3,10.1,16,-0.601678177853951
2020,Mauritius,MUS,74.8739024390245,14.8,10.5,16.5,-0.647172070129702
2016,Mexico,MEX,74.917,13.5,8.4,15.7,-0.453737198171747
2017,Mexico,MEX,74.947,13,8.6,15.2,-0.440158974112098
2018,Mexico,MEX,74.992,12.6,8.7,14.6,-0.418925850402118
2019,Mexico,MEX,75.054,12.2,8.6,14.1,-0.387287009219722
2020,Mexico,MEX,75.116,11.8,8.4,13.7,-0.352080838729194
2016,"Micronesia, Fed. Sts.",FSM,67.471,23.5,14.7,28,-1.5605687779034
2017,"Micronesia, Fed. Sts.",FSM,67.618,22.7,14.2,27,-1.4771073522596
2018,"Micronesia, Fed. Sts.",FSM,67.755,22.1,13.7,26.2,-1.40436327780909
2019,"Micronesia, Fed. Sts.",FSM,67.883,21.5,13.3,25.4,-1.33836289974747
2020,"Micronesia, Fed. Sts.",FSM,68.0155,20.9,12.9,24.7,-1.27537909639567
2016,Middle East & North Africa,MEA,73.7107710168387,19.7,12.8,24.2,-1.15922496575914
2017,Middle East & North Africa,MEA,73.8998180588421,19,12.6,22.9,-1.08819749381118
2018,Middle East & North Africa,MEA,74.0888330897789,18.6,12.4,22.5,-1.05148791347317
2019,Middle East & North Africa,MEA,74.2705887609257,18.2,12.1,21.9,-1.00208741253498
2020,Middle East & North Africa,MEA,74.4668951627191,17.8,11.9,21.3,-0.959151850423621
2016,Middle East & North Africa (IDA & IBRD countries),TMN,73.1935110582146,21.3624147241918,13.9321013565807,26.2153414278058,-1.33942080618693
2017,Middle East & North Africa (IDA & IBRD countries),TMN,73.3900758435144,20.5866457018914,13.6784211237491,24.8208649137754,-1.26015183931122
2018,Middle East & North Africa (IDA & IBRD countries),TMN,73.5836236325898,20.154536506715,13.4504270306723,24.4009155244419,-1.22020225389654
2019,Middle East & North Africa (IDA & IBRD countries),TMN,73.7742356819193,19.7035838990168,13.2181653458316,23.8050063067236,-1.17418234392186
2020,Middle East & North Africa (IDA & IBRD countries),TMN,73.9648477312487,19.211223434857,12.9380092500768,23.1512216859262,-1.12228366767061
2016,Middle East & North Africa (excluding high income),MNA,73.1981752842958,21.2786078541205,13.8940910920125,26.0963245366448,-1.33132056272314
2017,Middle East & North Africa (excluding high income),MNA,73.3942152265809,20.507006037491,13.6396174330448,24.7156389048135,-1.25252141925228
2018,Middle East & North Africa (excluding high income),MNA,73.5873387037914,20.0749681471749,13.410278286136,24.292281522714,-1.21238455267524
2019,Middle East & North Africa (excluding high income),MNA,73.7775893150047,19.6225289390161,13.176583725625,23.6969294092121,-1.16625777463412
2020,Middle East & North Africa (excluding high income),MNA,73.967839926218,19.1306991631138,12.8956196467243,23.0443446349577,-1.11435841520426
2016,Middle income,MIC,71.4044962830357,29.2486158809996,18.6786230145628,38.702151928659,-2.23479104184346
2017,Middle income,MIC,71.6533611966454,28.3330038552656,18.149277930044,37.4436763680743,-2.1376636806523
2018,Middle income,MIC,71.8615870006226,27.4698400987143,17.6689316061626,36.2381470610772,-2.04706425306901
2019,Middle income,MIC,72.0592737633762,26.6680068420856,17.1208579131897,35.1527195366775,-1.95714878054089
2020,Middle income,MIC,72.2622300467415,25.9284953321276,16.6447152238371,34.0991693277141,-1.87431325891356
2016,Moldova,MDA,71.617,13.3,11.3,15.5,-0.674676445149858
2017,Moldova,MDA,71.717,13.1,11.2,15.3,-0.656256643341906
2018,Moldova,MDA,71.808,12.9,11,15,-0.628236362806206
2019,Moldova,MDA,71.901,12.7,10.8,14.8,-0.603262248160122
2020,Moldova,MDA,72.0169999999999,12.5,10.6,14.5,-0.574946055826347
2016,Mongolia,MNG,69.321,15.9,9.3,18.5,-0.719175801349851
2017,Mongolia,MNG,69.509,15.1,9,17.6,-0.651573255473853
2018,Mongolia,MNG,69.689,14.4,8.7,16.8,-0.589364894610268
2019,Mongolia,MNG,69.87,13.8,8.3,16,-0.522737183536735
2020,Mongolia,MNG,70.0489999999999,13.2,7.9,15.4,-0.46227282307397
2016,Montenegro,MNE,76.568,3,1.9,3.6,0.602784957400095
2017,Montenegro,MNE,76.667,2.6,1.7,3.2,0.638429077351774
2018,Montenegro,MNE,76.77,2.4,1.4,2.9,0.673228563692143
2019,Montenegro,MNE,76.884,2.1,1.3,2.6,0.697113569344047
2020,Montenegro,MNE,76.9893333333333,2,1.1,2.4,0.720004012740281
2016,Morocco,MAR,75.974,19.1,13.8,22.3,-1.12710313660334
2017,Morocco,MAR,76.218,18.2,13.1,21.2,-1.0239197436628
2018,Morocco,MAR,76.453,17.4,12.5,20.3,-0.935849379181642
2019,Morocco,MAR,76.68,16.7,12,19.5,-0.859810367854489
2020,Morocco,MAR,76.95,16,11.5,18.7,-0.783262388234646
2016,Mozambique,MOZ,58.309,59.4,30.7,80.4,-5.1400029159314
2017,Mozambique,MOZ,59.309,57.5,30.1,78,-4.97230386948797
2018,Mozambique,MOZ,60.163,56,29.5,75.6,-4.81525156555957
2019,Mozambique,MOZ,60.854,54.3,28.9,72.9,-4.64645978124711
2020,Mozambique,MOZ,62.309,52.8,28.3,70.6,-4.48536359652643
2016,Myanmar,MMR,66.205,39.7,24.6,50.3,-3.27841147061543
2017,Myanmar,MMR,66.558,38.5,24,48.5,-3.15239723533193
2018,Myanmar,MMR,66.867,37.2,23.4,46.8,-3.02774398924294
2019,Myanmar,MMR,67.134,36.1,22.9,45.2,-2.91775419075691
2020,Myanmar,MMR,67.617,35,22.3,43.7,-2.80164038502737
2016,Namibia,NAM,62.625,32.8,21.5,46.3,-2.83839412052587
2017,Namibia,NAM,63.021,32.2,21.2,44.9,-2.75743970312971
2018,Namibia,NAM,63.373,31.7,20.8,43.9,-2.68487793209398
2019,Namibia,NAM,63.708,30.9,20.5,41.9,-2.58176719767723
2020,Namibia,NAM,64.0515,30.1,20.1,40.2,-2.48112820160792
2016,Nepal,NPL,69.848,27.8,20.2,33.7,-2.16833368479068
2017,Nepal,NPL,70.169,26.6,19.2,32.1,-2.02228922170927
2018,Nepal,NPL,70.478,25.5,18.3,30.6,-1.88832345766956
2019,Nepal,NPL,70.778,24.5,17.5,29.3,-1.76947072208924
2020,Nepal,NPL,71.0959999999999,23.6,16.9,28.2,-1.67204859836798
2016,Netherlands,NLD,81.5609756097561,3.4,2.6,4,0.594226023078044
2017,Netherlands,NLD,81.7609756097561,3.5,2.6,4,0.594363663059081
2018,Netherlands,NLD,81.8121951219512,3.5,2.6,4.1,0.591900082543628
2019,Netherlands,NLD,82.0121951219512,3.5,2.7,4.1,0.587630208786639
2020,Netherlands,NLD,81.9146341463414,3.6,2.7,4.2,0.581175937801023
2016,New Zealand,NZL,81.6124390243903,4.4,3.1,5.4,0.496375039928328
2017,New Zealand,NZL,81.6585365853659,4.3,2.9,5.2,0.518564340768211
2018,New Zealand,NZL,81.8585365853659,4.2,2.8,5,0.535938135364899
2019,New Zealand,NZL,81.7073170731707,4.1,2.7,4.9,0.546084891233208
2020,New Zealand,NZL,81.7389430894308,3.9,2.6,4.7,0.563695386302359
2016,Nicaragua,NIC,73.86,16,11.4,18.6,-0.810130079501731
2017,Nicaragua,NIC,74.068,15.4,10.8,17.9,-0.732978286236552
2018,Nicaragua,NIC,74.275,14.8,10.3,17.3,-0.665545336418349
2019,Nicaragua,NIC,74.485,14.3,9.8,16.6,-0.597236692754484
2020,Nicaragua,NIC,74.692,13.8,9.4,16,-0.538670565481442
2016,Niger,NER,61.137,50.4,26.2,90.1,-4.90496227748609
2017,Niger,NER,61.599,49.1,25.7,86.6,-4.72987812033216
2018,Niger,NER,62.024,47.9,25.1,83.5,-4.56310375423521
2019,Niger,NER,62.42,46.7,24.6,80.3,-4.40023997513216
2020,Niger,NER,62.8305,45.6,24.1,77.5,-4.25171357692364
2016,Nigeria,NGA,53.541,78.3,37,124.7,-7.39592409247831
2017,Nigeria,NGA,53.95,77.1,36.7,122.5,-7.27687916385806
2018,Nigeria,NGA,54.332,75.7,36.3,119.9,-7.13477798769715
2019,Nigeria,NGA,54.687,74,35.9,116.9,-6.97402807773363
2020,Nigeria,NGA,55.177,72.2,35.5,113.8,-6.80638075082346
2016,North America,NAC,78.8773349028289,5.6,3.8,6.6,0.353946960951429
2017,North America,NAC,78.879092460527,5.6,3.7,6.5,0.363674771208829
2018,North America,NAC,78.9867913071173,5.5,3.6,6.4,0.376886206961259
2019,North America,NAC,79.1233025829812,5.4,3.5,6.3,0.390438680223819
2020,North America,NAC,78.8843651336213,5.3,3.4,6.2,0.399547165191734
2016,North Macedonia,MKD,75.498,9.6,7.8,10.9,-0.172728413389643
2017,North Macedonia,MKD,75.589,8.5,6.8,9.6,-0.0408455097544812
2018,North Macedonia,MKD,75.688,7.1,5.5,8.1,0.123872230958469
2019,North Macedonia,MKD,75.797,6,4.5,6.8,0.255968191088245
2020,North Macedonia,MKD,75.8619999999999,5.2,3.9,5.9,0.34202635534249
2016,Norway,NOR,82.4073170731707,2.1,1.6,2.6,0.742578652377804
2017,Norway,NOR,82.609756097561,2.1,1.5,2.5,0.754681823181178
2018,Norway,NOR,82.7585365853659,2,1.4,2.4,0.768379520626396
2019,Norway,NOR,82.9073170731707,1.9,1.4,2.3,0.77544004993002
2020,Norway,NOR,83.0560975609757,1.8,1.3,2.2,0.789137747375239
2016,OECD members,OED,79.9602969591839,6.41424322216557,4.13209990009355,7.53409180274751,0.297893459398217
2017,OECD members,OED,80.0046055183483,6.25660557742056,4.13185377716336,7.34586448077228,0.307727302120344
2018,OECD members,OED,80.1045337094175,6.0887499620641,4.07494311861478,7.12651705883346,0.323163567904915
2019,OECD members,OED,80.2050898906991,5.91636985500867,3.9726627539629,6.92712383286045,0.341106849429167
2020,OECD members,OED,80.3043900915558,5.74955118003866,3.85483245906416,6.75725893674202,0.359036866740627
2016,Oman,OMN,77.142,9.6,5,11.2,0.0233619379160235
2017,Oman,OMN,77.393,9.6,5,11.2,0.0263328923687022
2018,Oman,OMN,77.633,9.6,5,11.1,0.0322434844636888
2019,Oman,OMN,77.861,9.5,4.9,11.1,0.0438090226072984
2020,Oman,OMN,78.1006666666666,9.5,4.9,11,0.0497156692116439
2016,Other small states,OSS,67.8356000568533,38.8977089067834,23.9401895163358,52.5053939922381,-3.26513191012337
2017,Other small states,OSS,68.2286772592013,38.110841715568,23.5518240827912,51.1418690318608,-3.17530035830925
2018,Other small states,OSS,68.5468133901557,37.0675585703619,23.1514555597819,49.6413831480777,-3.07563750992963
2019,Other small states,OSS,68.8218761881033,36.1889443518762,22.729217546081,48.2352792793805,-2.9816019067047
2020,Other small states,OSS,69.1830856520645,35.3120657231634,22.2909627849728,46.8476163871024,-2.88608837833919
2016,Pacific island small states,PSS,69.6137420467649,21.0342158428101,10.4058636645052,25.0221724396363,-1.10380425112775
2017,Pacific island small states,PSS,69.7742832547289,20.7775473443357,10.3514288496178,24.7568180711747,-1.08442230750743
2018,Pacific island small states,PSS,69.9290487994467,20.6092289020147,10.2806926126709,24.488869649648,-1.06591704224063
2019,Pacific island small states,PSS,70.079731488335,20.3411335260769,10.2150501510184,24.1914896709899,-1.04467000384901
2020,Pacific island small states,PSS,70.2350613021917,20.0793583456997,10.0376298470869,23.8577795341635,-1.01497471777101
2016,Pakistan,PAK,66.77,60.5,44.3,73.8,-5.76442622967815
2017,Pakistan,PAK,66.947,58.9,43.3,71.6,-5.59274856793862
2018,Pakistan,PAK,67.114,57.3,42.3,69.5,-5.42425910975178
2019,Pakistan,PAK,67.273,55.7,41.4,67.3,-5.25943167264845
2020,Pakistan,PAK,67.4319999999999,54.2,40.4,65.2,-5.09326656064057
2016,Panama,PAN,77.964,14.1,9.2,16.4,-0.505635611610674
2017,Panama,PAN,78.149,13.7,8.9,15.9,-0.45926654809856
2018,Panama,PAN,78.329,13.2,8.6,15.4,-0.410727012542494
2019,Panama,PAN,78.506,12.8,8.3,14.8,-0.361382801972303
2020,Panama,PAN,78.704,12.3,8,14.3,-0.312630209921622
2016,Papua New Guinea,PNG,63.744,39.3,23.4,49.7,-3.20055735970383
2017,Papua New Guinea,PNG,64.01,38.2,22.9,48.2,-3.09364923652319
2018,Papua New Guinea,PNG,64.263,37.2,22.5,46.8,-2.99883164885616
2019,Papua New Guinea,PNG,64.501,36.2,22,45.3,-2.89448460129292
2020,Papua New Guinea,PNG,64.739,35.2,21.5,43.9,-2.79320739256314
2016,Paraguay,PRY,73.836,18.4,11.6,21.6,-0.969295361800526
2017,Paraguay,PRY,73.992,17.8,11.2,20.9,-0.906033401358529
2018,Paraguay,PRY,74.131,17.2,10.8,20.2,-0.842972660939224
2019,Paraguay,PRY,74.254,16.7,10.4,19.5,-0.782330958474255
2020,Paraguay,PRY,74.385,16.2,10,18.9,-0.724664403067362
2016,Peru,PER,76.044,11.7,7.8,15,-0.3389518343665
2017,Peru,PER,76.286,11.2,7.5,14.4,-0.286608598717745
2018,Peru,PER,76.516,10.7,7.2,13.8,-0.234407400732066
2019,Peru,PER,76.736,10.3,7,13.3,-0.19426122884424
2020,Peru,PER,76.976,10,6.7,12.8,-0.149470813779927
2016,Philippines,PHL,70.802,23,13.9,29.1,-1.4906640999453
2017,Philippines,PHL,70.952,22.6,13.6,28.5,-1.44163947411704
2018,Philippines,PHL,71.095,22.1,13.3,27.9,-1.39046804918866
2019,Philippines,PHL,71.231,21.5,12.9,27.1,-1.32437297935166
2020,Philippines,PHL,71.3879999999999,20.9,12.6,26.4,-1.26773635057934
2016,Poland,POL,77.8512195121951,4.1,2.9,4.7,0.493307642104022
2017,Poland,POL,77.7536585365854,4,2.8,4.6,0.504089525734057
2018,Poland,POL,77.6024390243903,3.9,2.8,4.5,0.507599113460775
2019,Poland,POL,77.8560975609756,3.8,2.7,4.4,0.522538196985723
2020,Poland,POL,77.8577235772357,3.7,2.7,4.4,0.5247870976851
2016,Portugal,PRT,81.1243902439025,3,2.1,3.6,0.643442206309194
2017,Portugal,PRT,81.4243902439025,3,2,3.6,0.653630316027694
2018,Portugal,PRT,81.3243902439024,2.9,2,3.6,0.654676323238958
2019,Portugal,PRT,80.6829268292683,2.8,1.9,3.4,0.662090159754078
2020,Portugal,PRT,80.0414634146342,2.7,1.8,3.3,0.666434157435737
2016,Post-demographic dividend,PST,80.5491995234936,4.23185864221545,2.85101742026638,5.04391802910892,0.514995541698142
2017,Post-demographic dividend,PST,80.5969221028198,4.20510159702912,2.85095807125415,4.97596474025319,0.518246993848331
2018,Post-demographic dividend,PST,80.6937510874065,4.14195177511556,2.7920118723689,4.89630881252993,0.527158797126361
2019,Post-demographic dividend,PST,80.7947223441513,4.07634163575626,2.71704618746489,4.81846232625345,0.537182180155041
2020,Post-demographic dividend,PST,80.8765632843705,4.00116669935429,2.63876888207347,4.75145969887785,0.547079298476118
2016,Pre-demographic dividend,PRE,59.9919322491828,58.0433004680072,29.8891913659922,86.4009720323467,-5.22023866224582
2017,Pre-demographic dividend,PRE,60.4274565443409,56.622726028611,29.3955655292364,83.9719247280691,-5.07607907640476
2018,Pre-demographic dividend,PRE,60.8209419966658,55.2275418288613,28.8603513430595,81.5124941338913,-4.92929019003228
2019,Pre-demographic dividend,PRE,61.1759780623445,53.8361674976373,28.3435184993278,79.0811306200588,-4.78512297038329
2020,Pre-demographic dividend,PRE,61.6499517441488,52.4287970327087,27.8293372703645,76.6572090511702,-4.63959573832738
2016,Qatar,QAT,79.868,6.3,3.9,7.4,0.318869480924957
2017,Qatar,QAT,79.981,6,3.8,7,0.345812488938399
2018,Qatar,QAT,80.1,5.6,3.8,6.6,0.368419002045354
2019,Qatar,QAT,80.227,5.3,3.7,6.1,0.398597559499179
2020,Qatar,QAT,80.338,4.9,3.5,5.8,0.431313878280474
2016,Romania,ROU,75.209756097561,7,3.9,8.5,0.214356499770102
2017,Romania,ROU,75.309756097561,6.5,3.6,7.9,0.265018956405787
2018,Romania,ROU,75.3585365853659,6.1,3.4,7.4,0.303138493344843
2019,Romania,ROU,75.4585365853659,5.8,3.4,7.1,0.320220620248232
2020,Romania,ROU,75.609756097561,5.6,3.5,6.9,0.325972344091007
2016,Russian Federation,RUS,71.6512195121951,6.1,3.5,7.5,0.249549931923461
2017,Russian Federation,RUS,72.4514634146342,5.5,3.2,6.9,0.310730460253202
2018,Russian Federation,RUS,72.6621951219512,5.1,2.9,6.3,0.360473935229966
2019,Russian Federation,RUS,73.0839024390244,4.7,2.6,5.8,0.409644778254591
2020,Russian Federation,RUS,73.4001219512194,4.4,2.3,5.4,0.452267524601526
2016,Rwanda,RWA,67.93,33.7,19.3,46,-2.64044131099091
2017,Rwanda,RWA,68.341,32.9,19,44.6,-2.55485003770877
2018,Rwanda,RWA,68.7,32,18.6,43.4,-2.46714711608839
2019,Rwanda,RWA,69.024,31.1,18.2,41.9,-2.37064895448494
2020,Rwanda,RWA,69.3886666666666,30.3,17.9,40.5,-2.2856061044019
2016,Samoa,WSM,72.895,15.7,7.3,18.4,-0.536599740224513
2017,Samoa,WSM,73.046,15.5,7.2,18.1,-0.514506439515026
2018,Samoa,WSM,73.187,15.3,7,17.8,-0.485894335383175
2019,Samoa,WSM,73.321,15,6.9,17.4,-0.45870276145935
2020,Samoa,WSM,73.499,14.6,6.7,17,-0.422123560225751
2016,Sao Tome and Principe,STP,69.67,16.9,10.2,21.2,-0.87996157846218
2017,Sao Tome and Principe,STP,69.933,15.5,9.4,19.5,-0.740348819394896
2018,Sao Tome and Principe,STP,70.17,14.4,8.8,18.1,-0.630216624591883
2019,Sao Tome and Principe,STP,70.385,13.5,8.2,17,-0.534013657478695
2020,Sao Tome and Principe,STP,70.611,12.7,7.8,16.1,-0.45932415752803
2016,Saudi Arabia,SAU,74.761,7.3,4.3,8.6,0.1727373362105
2017,Saudi Arabia,SAU,74.874,6.9,4.1,8.1,0.211617005602564
2018,Saudi Arabia,SAU,74.998,6.6,3.8,7.7,0.251964551090345
2019,Saudi Arabia,SAU,75.133,6.3,3.6,7.3,0.285805129627686
2020,Saudi Arabia,SAU,75.2569999999999,6,3.5,7,0.30980849999882
2016,Senegal,SEN,67.078,33.3,23.1,46.5,-2.90916895100289
2017,Senegal,SEN,67.38,32,22.4,44,-2.75340268140808
2018,Senegal,SEN,67.665,30.8,21.8,41.7,-2.61284413204804
2019,Senegal,SEN,67.941,29.8,21.1,39.7,-2.47942376810124
2020,Senegal,SEN,68.2286666666666,28.9,20.6,38.1,-2.3736486580026
2016,Serbia,SRB,75.6878048780488,5.2,3.8,6,0.343531828980519
2017,Serbia,SRB,75.5390243902439,5.1,3.7,5.9,0.353707454292544
2018,Serbia,SRB,75.890243902439,5,3.6,5.8,0.369801315566081
2019,Serbia,SRB,75.6853658536585,4.9,3.6,5.7,0.372675775531075
2020,Serbia,SRB,75.0926829268292,4.9,3.6,5.6,0.368730339541867
2016,Seychelles,SYC,74.309756097561,12.8,9,14.8,-0.457511702096827
2017,Seychelles,SYC,74.3,12.7,8.9,14.7,-0.445690518493064
2018,Seychelles,SYC,72.8414634146341,12.5,8.8,14.5,-0.445718291218799
2019,Seychelles,SYC,73.9439024390244,12.3,8.6,14.3,-0.408795979902515
2020,Seychelles,SYC,71.3731707317072,12,8.4,13.9,-0.406981718750066
2016,Sierra Leone,SLE,53.444,89.7,34.1,125.4,-7.48026382798956
2017,Sierra Leone,SLE,53.895,87.3,33.4,120.7,-7.23067127130283
2018,Sierra Leone,SLE,54.309,84.8,32.7,116.2,-6.98542668734061
2019,Sierra Leone,SLE,54.696,82.4,32,111.9,-6.7488710201908
2020,Sierra Leone,SLE,55.1133333333333,80.1,31.4,107.8,-6.52696281360474
2016,Singapore,SGP,82.8463414634146,2.2,1,2.7,0.782298667858977
2017,Singapore,SGP,83.0951219512195,2.2,1,2.6,0.788313189951336
2018,Singapore,SGP,83.2975609756098,2.1,0.9,2.5,0.802646015158278
2019,Singapore,SGP,83.4975609756098,2,0.8,2.4,0.816949970921504
2020,Singapore,SGP,83.8414634146341,1.8,0.8,2.2,0.831619548959332
2016,Slovak Republic,SVK,77.1658536585366,5,3,6.1,0.415513526978037
2017,Slovak Republic,SVK,77.1658536585366,4.9,3,6,0.420813020215066
2018,Slovak Republic,SVK,77.2658536585366,4.9,3,5.9,0.425066506240829
2019,Slovak Republic,SVK,77.4707317073171,4.8,3,5.8,0.432791032749892
2020,Slovak Republic,SVK,77.3658536585366,4.7,3,5.8,0.433779301073728
2016,Slovenia,SVN,81.1756097560976,2,1.4,2.5,0.746573412822101
2017,Slovenia,SVN,81.0292682926829,2,1.3,2.4,0.754548253174273
2018,Slovenia,SVN,81.3780487804878,1.9,1.3,2.3,0.763976076862503
2019,Slovenia,SVN,81.280487804878,1.8,1.3,2.3,0.765050953517482
2020,Slovenia,SVN,82.0756097560976,1.8,1.2,2.2,0.784169399143526
2016,Small states,SST,68.9604399069821,34.6016519194158,21.4063814963203,46.064865967664,-2.79014362196889
2017,Small states,SST,69.2790048891203,33.9298013207564,21.0619638670372,44.9376559289199,-2.7139298813749
2018,Small states,SST,69.5410318025947,33.0556766293068,20.7042595024094,43.6949899155341,-2.6294491635156
2019,Small states,SST,69.7708469933063,32.3277806361112,20.3295127110773,42.5793084309326,-2.55137719927961
2020,Small states,SST,70.0650856295435,31.5494360891684,19.9348831742325,41.3572018280002,-2.4668311294774
2016,Solomon Islands,SLB,72.424,18.8,8.9,22,-0.828002893280939
2017,Solomon Islands,SLB,72.645,18.2,8.6,21.4,-0.773678569139001
2018,Solomon Islands,SLB,72.835,17.7,8.4,20.7,-0.725518159338375
2019,Solomon Islands,SLB,72.996,17.1,8.1,20,-0.668834184678356
2020,Solomon Islands,SLB,73.2459999999999,16.6,7.8,19.4,-0.616396257254217
2016,Somalia,SOM,56.324,81.4,39.3,130.3,-7.75666831955759
2017,Somalia,SOM,56.709,79.1,38.7,126.1,-7.53207298673025
2018,Somalia,SOM,57.068,76.8,38.1,122,-7.31085524100636
2019,Somalia,SOM,57.397,74.8,37.4,118.3,-7.10232373984312
2020,Somalia,SOM,57.726,72.7,36.8,114.6,-6.89819975241791
2016,South Africa,ZAF,63.153,28,11.1,35.2,-1.69410345473941
2017,South Africa,ZAF,63.538,27.6,11.1,34.6,-1.66220876243401
2018,South Africa,ZAF,63.857,26.9,11,33.9,-1.61469930708977
2019,South Africa,ZAF,64.131,26.3,10.8,33,-1.55717530157712
2020,South Africa,ZAF,64.457,25.8,10.6,32.2,-1.5043352927615
2016,South Asia,SAS,68.9161581005149,37.7,28.1,46.5,-3.31737484509269
2017,South Asia,SAS,69.1713277262734,36.1,27,44.3,-3.13813476263104
2018,South Asia,SAS,69.4122699440301,34.5,26,42.2,-2.9687700894598
2019,South Asia,SAS,69.6436174250367,33.1,24.9,40.3,-2.80348080245317
2020,South Asia,SAS,69.8941543795435,31.8,23.9,38.5,-2.64990104116086
2016,South Asia (IDA & IBRD),TSA,68.9161581005149,37.6510023529775,28.0699198535829,46.5154335843471,-3.31475968316895
2017,South Asia (IDA & IBRD),TSA,69.1713277262734,36.0699053652777,27.0064759554037,44.2860639814543,-3.13746576302248
2018,South Asia (IDA & IBRD),TSA,69.4122699440301,34.554942430606,26.033889968019,42.1457797258993,-2.97057997491383
2019,South Asia (IDA & IBRD),TSA,69.6436174250367,33.1118777975073,24.8635538028761,40.271213934654,-2.80044295509139
2020,South Asia (IDA & IBRD),TSA,69.9368366035489,31.8259778437462,23.8337215354079,38.485531435748,-2.64513187561115
2016,South Sudan,SSD,57.12,63.3,40.4,97.9,-6.42206010837724
2017,South Sudan,SSD,57.365,63.3,40.5,97.9,-6.42579734089769
2018,South Sudan,SSD,57.604,63.3,40.4,97.9,-6.4163312559665
2019,South Sudan,SSD,57.846,63.3,40.3,97.9,-6.40682966161953
2020,South Sudan,SSD,58.1,63.3,40.2,97.9,-6.39718602960949
2016,Spain,ESP,83.3292682926829,2.7,1.9,3.3,0.698712999421544
2017,Spain,ESP,83.2829268292683,2.7,1.9,3.3,0.698164479990966
2018,Spain,ESP,83.4317073170732,2.7,1.8,3.3,0.706562684199155
2019,Spain,ESP,83.4853658536585,2.7,1.8,3.3,0.707197811960877
2020,Spain,ESP,83.1439024390245,2.7,1.7,3.2,0.712863096815877
2016,Sri Lanka,LKA,76.482,7.1,4.8,8.2,0.176660727823038
2017,Sri Lanka,LKA,76.648,6.7,4.6,7.8,0.21309789139356
2018,Sri Lanka,LKA,76.812,6.4,4.4,7.5,0.244211888783207
2019,Sri Lanka,LKA,76.978,6.2,4.2,7.2,0.273119904713133
2020,Sri Lanka,LKA,77.14,5.9,4,6.9,0.304210229158935
2016,St. Lucia,LCA,75.752,20,12.4,22.4,-1.05994720785352
2017,St. Lucia,LCA,75.907,20.6,12.4,23,-1.08990951412763
2018,St. Lucia,LCA,76.057,21.1,12.5,23.5,-1.12126867766591
2019,St. Lucia,LCA,76.203,21.6,12.7,24,-1.15931235523348
2020,St. Lucia,LCA,76.349,22,12.9,24.4,-1.19205653956402
2016,St. Vincent and the Grenadines,VCT,72.193,14.7,10.2,16.2,-0.647553821248848
2017,St. Vincent and the Grenadines,VCT,72.3,14.3,9.8,15.6,-0.592400995571676
2018,St. Vincent and the Grenadines,VCT,72.415,13.8,9.4,15.1,-0.537993662549013
2019,St. Vincent and the Grenadines,VCT,72.534,13.4,9.1,14.6,-0.492405806183819
2020,St. Vincent and the Grenadines,VCT,72.621,12.9,8.8,14.1,-0.444967062516594
2016,Sub-Saharan Africa,SSF,60.4423935617356,55.7,29.2,82.8,-5.00637245988434
2017,Sub-Saharan Africa,SSF,60.8800162996276,54.3,28.7,80.4,-4.86311541627343
2018,Sub-Saharan Africa,SSF,61.273032490238,52.9,28.2,78,-4.720386356807
2019,Sub-Saharan Africa,SSF,61.6274425077664,51.6,27.6,75.6,-4.57370674448628
2020,Sub-Saharan Africa,SSF,62.1928845133036,50.3,27.1,73.3,-4.43423626493969
2016,Sub-Saharan Africa (IDA & IBRD countries),TSS,60.4423935617356,55.6672845048209,29.1764400819601,82.7222902015978,-5.00169374046235
2017,Sub-Saharan Africa (IDA & IBRD countries),TSS,60.8800162996276,54.2794760621569,28.6842189602843,80.3214694102347,-4.85919962670834
2018,Sub-Saharan Africa (IDA & IBRD countries),TSS,61.273032490238,52.9188595815679,28.1494426197301,77.9187646186541,-4.71495748667836
2019,Sub-Saharan Africa (IDA & IBRD countries),TSS,61.6274425077664,51.5836897529811,27.6400725300669,75.5780720435392,-4.5753296106217
2020,Sub-Saharan Africa (IDA & IBRD countries),TSS,62.0011556118358,50.2607022432106,27.1356444162033,73.2773383857184,-4.43729955933499
2016,Sub-Saharan Africa (excluding high income),SSA,60.441109451202,55.6691740517455,29.1773294392111,82.7252841480547,-5.00190200763395
2017,Sub-Saharan Africa (excluding high income),SSA,60.8787914144172,54.2812728847157,28.6850739188913,80.3243051875879,-4.85939798679576
2018,Sub-Saharan Africa (excluding high income),SSA,61.2719943146726,52.9205674745179,28.1502602275741,77.9214443691991,-4.71514438515487
2019,Sub-Saharan Africa (excluding high income),SSA,61.6263561968196,51.5853073218898,27.64085653558,75.580595266402,-4.57550802954657
2020,Sub-Saharan Africa (excluding high income),SSA,62.0214384453588,50.262233041509,27.1363940232651,73.279714053786,-4.43721629551913
2016,Sudan,SDN,64.663,44.1,29,63.9,-4.10430158365852
2017,Sudan,SDN,64.881,43,28.5,62,-3.98568225579633
2018,Sudan,SDN,65.095,42,27.8,60.1,-3.85606559194221
2019,Sudan,SDN,65.311,41,27.3,58.4,-3.74583926909436
2020,Sudan,SDN,65.523,39.9,26.8,56.6,-3.63036079889717
2016,Suriname,SUR,71.358,17.7,12.4,19.8,-0.980858804531244
2017,Suriname,SUR,71.463,17.2,12,19.3,-0.926569836227812
2018,Suriname,SUR,71.57,16.7,11.6,18.7,-0.869187356147072
2019,Suriname,SUR,71.682,16.2,11.2,18.1,-0.811745693706717
2020,Suriname,SUR,71.79,15.7,10.9,17.6,-0.764058384129109
2016,Sweden,SWE,82.3073170731707,2.3,1.5,2.8,0.737433186853037
2017,Sweden,SWE,82.409756097561,2.3,1.5,2.8,0.738645703489055
2018,Sweden,SWE,82.5585365853659,2.2,1.5,2.7,0.74570623279268
2019,Sweden,SWE,82.9585365853659,2.2,1.5,2.7,0.750440821561889
2020,Sweden,SWE,82.7170731707319,2.1,1.4,2.6,0.759519408012758
2016,Switzerland,CHE,83.6024390243903,3.7,2.9,4.2,0.585649602164836
2017,Switzerland,CHE,83.5512195121951,3.6,2.9,4.2,0.587272998250394
2018,Switzerland,CHE,83.7536585365854,3.6,2.9,4.1,0.592739000912175
2019,Switzerland,CHE,83.7048780487805,3.6,2.8,4,0.601868619012935
2020,Switzerland,CHE,84.158536585366,3.5,2.8,4,0.609467989947436
2016,Syrian Arab Republic,SYR,70.315,25,10.9,39.5,-1.66116974427535
2017,Syrian Arab Republic,SYR,70.967,18.8,10.8,23.5,-1.01740241006496
2018,Syrian Arab Republic,SYR,71.779,18.9,10.8,23.4,-1.00695101043357
2019,Syrian Arab Republic,SYR,72.697,18.4,10.8,22.2,-0.948098791188872
2020,Syrian Arab Republic,SYR,73.562,18.4,10.7,22.4,-0.937362752500788
2016,Tajikistan,TJK,70.397,31.8,15.9,36.5,-2.05157889509605
2017,Tajikistan,TJK,70.647,30.9,15.4,35.3,-1.95852898077369
2018,Tajikistan,TJK,70.879,30.1,15,34.3,-1.88069862315803
2019,Tajikistan,TJK,71.097,29.2,14.5,33.3,-1.79416715360412
2020,Tajikistan,TJK,71.3219999999999,28.4,14,32.3,-1.70978248315033
2016,Tanzania,TZA,63.844,39.7,21.9,56,-3.30213465450997
2017,Tanzania,TZA,64.479,38.2,21.5,54.1,-3.1762980683832
2018,Tanzania,TZA,65.015,36.8,21,52.1,-3.04415594040533
2019,Tanzania,TZA,65.456,35.8,20.6,50.5,-2.94097341834985
2020,Tanzania,TZA,65.897,34.7,20.1,48.9,-2.82892407374921
2016,Thailand,THA,76.403,8.9,5.9,10.3,-0.001883597783303
2017,Thailand,THA,76.683,8.5,5.6,9.9,0.0425400917280367
2018,Thailand,THA,76.931,8.1,5.4,9.4,0.0830176848297081
2019,Thailand,THA,77.15,7.7,5.1,9,0.126719349553743
2020,Thailand,THA,77.399,7.4,4.9,8.7,0.158839447056848
2016,Timor-Leste,TLS,68.735,41.4,21.4,48.4,-3.01565300314409
2017,Timor-Leste,TLS,69.007,40.1,20.9,46.8,-2.90114471349131
2018,Timor-Leste,TLS,69.26,38.8,20.4,45.1,-2.7837914779716
2019,Timor-Leste,TLS,69.495,37.7,19.9,43.7,-2.68032012425403
2020,Timor-Leste,TLS,69.739,36.5,19.4,42.3,-2.57451258788558
2016,Togo,TGO,60.22,49.4,26.4,73.4,-4.39413102929898
2017,Togo,TGO,60.489,48.1,25.9,71.1,-4.25816937722774
2018,Togo,TGO,60.76,46.8,25.4,68.8,-4.12218405221265
2019,Togo,TGO,61.042,45.5,25,66.5,-3.992705694148
2020,Togo,TGO,61.3,44.4,24.5,64.4,-3.86747322974197
2016,Tonga,TON,70.607,10.6,5.3,12.3,-0.129965681729455
2017,Tonga,TON,70.701,10.4,5.3,12.1,-0.118254066894634
2018,Tonga,TON,70.801,10.3,5.2,11.9,-0.102063919490248
2019,Tonga,TON,70.907,10,5.1,11.7,-0.0813434444471907
2020,Tonga,TON,70.995,9.8,5,11.4,-0.0599958414688533
2016,Trinidad and Tobago,TTO,73.1,16.8,12,18.8,-0.882925719908248
2017,Trinidad and Tobago,TTO,73.245,16.3,11.7,18.3,-0.834800460869487
2018,Trinidad and Tobago,TTO,73.38,15.8,11.3,17.7,-0.777086559574903
2019,Trinidad and Tobago,TTO,73.507,15.4,11,17.2,-0.731404011434325
2020,Trinidad and Tobago,TTO,73.66,14.8,10.6,16.6,-0.671247399241558
2016,Tunisia,TUN,76.115,14.7,12.1,17.1,-0.754865922558171
2017,Tunisia,TUN,76.31,14.7,12.1,17.1,-0.752557810533181
2018,Tunisia,TUN,76.505,14.6,12.1,17,-0.744950205271163
2019,Tunisia,TUN,76.699,14.5,12,16.9,-0.730717268339475
2020,Tunisia,TUN,76.8949999999999,14.3,11.8,16.6,-0.701454158251859
2016,Turkey,TUR,76.86,10.5,6,12.1,-0.0940430677154562
2017,Turkey,TUR,77.161,9.8,5.8,11.4,-0.0401095007242396
2018,Turkey,TUR,77.437,9.2,5.5,10.7,0.0179356682069266
2019,Turkey,TUR,77.691,8.6,5.3,10.1,0.0660134277807324
2020,Turkey,TUR,77.968,8.1,5,9.5,0.118770939946793
2016,Turkmenistan,TKM,67.835,36.7,23.5,42.5,-2.87977211070638
2017,Turkmenistan,TKM,67.956,37,23.8,42.9,-2.91721972057302
2018,Turkmenistan,TKM,68.073,37,23.9,42.8,-2.91940218266616
2019,Turkmenistan,TKM,68.191,36.6,23.8,42.4,-2.89017033788953
2020,Turkmenistan,TKM,68.3096666666666,36.1,23.5,41.8,-2.83928693377795
2016,Uganda,UGA,61.986,37.3,21.5,52.4,-3.13355224308635
2017,Uganda,UGA,62.516,35.7,20.8,49.9,-2.96839829468238
2018,Uganda,UGA,62.973,34.1,20.3,47.4,-2.81738274501199
2019,Uganda,UGA,63.368,33,19.8,45.3,-2.6905286839525
2020,Uganda,UGA,63.887,31.9,19.2,43.3,-2.55863957106643
2016,Ukraine,UKR,71.4763414634146,7.9,5.4,9.2,0.0290527586857972
2017,Ukraine,UKR,71.7809756097561,7.6,5.3,8.9,0.0551942000584413
2018,Ukraine,UKR,71.5826829268293,7.4,5.1,8.6,0.079790275875142
2019,Ukraine,UKR,71.8273170731707,7.2,5,8.4,0.0999220356953748
2020,Ukraine,UKR,71.9443089430894,6.9,4.8,8.1,0.130479622673161
2016,United Arab Emirates,ARE,77.47,6.3,4,7.4,0.283848453111957
2017,United Arab Emirates,ARE,77.647,6.2,3.9,7.2,0.300950008854414
2018,United Arab Emirates,ARE,77.814,6,3.8,7,0.320162854281209
2019,United Arab Emirates,ARE,77.972,5.8,3.7,6.8,0.339269171460697
2020,United Arab Emirates,ARE,78.178,5.6,3.6,6.6,0.358943639292491
2016,United Kingdom,GBR,81.1560975609756,3.8,2.7,4.4,0.561598554331697
2017,United Kingdom,GBR,81.2560975609756,3.8,2.8,4.4,0.556145033382407
2018,United Kingdom,GBR,81.2560975609756,3.7,2.8,4.3,0.561444526619436
2019,United Kingdom,GBR,81.2048780487805,3.7,2.8,4.3,0.560838268301427
2020,United Kingdom,GBR,81.2560975609756,3.6,2.7,4.2,0.573381187998057
2016,United States,USA,78.5390243902439,5.7,3.8,6.7,0.344643064830924
2017,United States,USA,78.5390243902439,5.7,3.8,6.6,0.347712903664385
2018,United States,USA,78.6390243902439,5.6,3.7,6.5,0.360833212235309
2019,United States,USA,78.7878048780488,5.5,3.5,6.4,0.38116807782212
2020,United States,USA,78.5390243902439,5.4,3.4,6.3,0.390160055941843
2016,Upper middle income,UMC,75.2661658176758,11,6.8,13.5,-0.220131802083528
2017,Upper middle income,UMC,75.5337170574311,10.4,6.5,12.8,-0.162186636665782
2018,Upper middle income,UMC,75.7450183412558,10,6.2,12.2,-0.112436419912676
2019,Upper middle income,UMC,75.9469313874618,9.5,5.9,11.7,-0.0636375112004452
2020,Upper middle income,UMC,76.2238708648358,9.1,5.7,11.2,-0.0228173767873696
2016,Uruguay,URY,77.498,7.2,4.8,8.4,0.180317251226339
2017,Uruguay,URY,77.632,6.8,4.4,7.8,0.235789661645432
2018,Uruguay,URY,77.77,6.3,4,7.3,0.290469233522325
2019,Uruguay,URY,77.911,5.8,4,6.7,0.321705481082076
2020,Uruguay,URY,78.0505,5.3,4.1,6.2,0.343216966958888
2016,Uzbekistan,UZB,71.171,16.1,9.8,18,-0.719574283640052
2017,Uzbekistan,UZB,71.388,15,9.2,16.8,-0.615818495942422
2018,Uzbekistan,UZB,71.573,14.1,8.6,15.8,-0.523040461820386
2019,Uzbekistan,UZB,71.725,13.3,8.1,14.8,-0.43951985381697
2020,Uzbekistan,UZB,71.877,12.5,7.6,13.9,-0.359069084647015
2016,Vanuatu,VUT,70.021,23.2,11.7,27.6,-1.31230241170736
2017,Vanuatu,VUT,70.172,22.7,11.5,26.9,-1.26460362431173
2018,Vanuatu,VUT,70.323,22.2,11.1,26.3,-1.20670033946638
2019,Vanuatu,VUT,70.474,21.6,10.9,25.6,-1.15677189766718
2020,Vanuatu,VUT,70.6249999999999,21.1,10.5,24.9,-1.09579877398837
2016,"Venezuela, RB",VEN,72.405,21.1,14.6,24.2,-1.32536487593647
2017,"Venezuela, RB",VEN,72.246,21.1,14.7,24.2,-1.33388404311382
2018,"Venezuela, RB",VEN,72.128,21.1,14.6,24.2,-1.32864357865914
2019,"Venezuela, RB",VEN,72.064,21.1,14.6,24.2,-1.32940111286222
2020,"Venezuela, RB",VEN,71.9729999999999,21.1,14.6,24.2,-1.33047823180721
2016,Vietnam,VNM,75.172,17.3,10.9,21.6,-0.882495459880975
2017,Vietnam,VNM,75.241,17.1,10.7,21.4,-0.857805420561043
2018,Vietnam,VNM,75.317,17,10.5,21.3,-0.838332019174679
2019,Vietnam,VNM,75.4,16.9,10.2,21.1,-0.8090687555098
2020,Vietnam,VNM,75.4795,16.7,10,20.9,-0.784254433234676
2016,West Bank and Gaza,PSE,73.589,16,11.5,18.6,-0.819974931534464
2017,West Bank and Gaza,PSE,73.74,15.5,11.2,18.1,-0.771778653664165
2018,West Bank and Gaza,PSE,73.895,15.1,10.9,17.5,-0.72269484547628
2019,West Bank and Gaza,PSE,74.053,14.6,10.6,17,-0.674415712302521
2020,West Bank and Gaza,PSE,74.1929999999999,14.2,10.3,16.5,-0.628579290026943
2016,World,WLD,72.1861063743353,30.6,18.8,41.3,-2.34347647499846
2017,World,WLD,72.3912421422731,29.7,18.3,40,-2.24788775606579
2018,World,WLD,72.5741022370002,28.9,17.9,38.8,-2.16449936389226
2019,World,WLD,72.7471316405295,28.1,17.4,37.7,-2.07766000311095
2020,World,WLD,73.0066494460865,27.4,17,36.6,-1.99866374733254
2016,"Yemen, Rep.",YEM,66.087,46,28.2,60.3,-3.96619833817056
2017,"Yemen, Rep.",YEM,66.086,45.9,28.2,60.2,-3.96091068140546
2018,"Yemen, Rep.",YEM,66.096,46.5,28.2,61.6,-4.01714798677609
2019,"Yemen, Rep.",YEM,66.125,46.4,28.2,61.5,-4.01150523585329
2020,"Yemen, Rep.",YEM,66.116,45.7,28.1,59.6,-3.93104007729827
2016,Zambia,ZMB,62.464,45.6,25.2,65.3,-3.95454015575868
2017,Zambia,ZMB,63.043,44.3,25,64.6,-3.88393812315146
2018,Zambia,ZMB,63.51,43.9,24.7,65.4,-3.87413907939205
2019,Zambia,ZMB,63.886,42.9,24.4,64.1,-3.78757261265354
2020,Zambia,ZMB,64.78,41.7,24,61.4,-3.64080063284172
2016,Zimbabwe,ZWE,60.294,40.8,27.4,58.7,-3.816610224567
2017,Zimbabwe,ZWE,60.812,39.9,27,57,-3.71167610974356
2018,Zimbabwe,ZWE,61.195,38.8,26.6,54.8,-3.58853141565528
2019,Zimbabwe,ZWE,61.49,38.1,26.2,54.2,-3.52446437004588
2020,Zimbabwe,ZWE,62.096,37.9,25.7,53.9,-3.47043680204504
