,Country Name,Country Code,Year,Control of Corruption Score,Government Effectiveness Score,Political Stability Score,Regulatory Quality Score,Rule of Law Score,Free Speech Score,Age
0,Afghanistan,AFG,2016,-1.526172,-1.226401,-2.671054,-1.327688,-1.498478,-1.037838,0
1,Afghanistan,AFG,2017,-1.515626,-1.325545,-2.801084,-1.336691,-1.562423,-0.9908541,1
2,Afghanistan,AFG,2018,-1.487624,-1.453096,-2.763864,-1.133277,-1.664038,-1.011603,2
3,Afghanistan,AFG,2019,-1.400733,-1.463065,-2.655531,-1.12069,-1.713714,-1.006792,3
4,Afghanistan,AFG,2020,-1.475405,-1.523115,-2.729808,-1.378587,-1.807697,-1.083459,4
5,Albania,ALB,2016,-0.4051488,0.0130421,0.3446447,0.1890221,-0.3289996,0.1709267,0
6,Albania,ALB,2017,-0.4207218,0.0768489,0.3784748,0.223364,-0.4043231,0.2037846,1
7,Albania,ALB,2018,-0.4786321,0.0572399,0.3705156,0.2541973,-0.4033851,0.1807338,2
8,Albania,ALB,2019,-0.5330888,-0.0622132,0.1111686,0.2738677,-0.4110933,0.1427107,3
9,Albania,ALB,2020,-0.5401961,-0.1357432,0.0839363,0.2371311,-0.3582943,0.0873399,4
10,Algeria,DZA,2016,-0.6777601,-0.5313044,-1.097526,-1.171879,-0.8576039,-0.8628893,0
11,Algeria,DZA,2017,-0.6018301,-0.5919687,-0.9157991,-1.19422,-0.8636625,-0.9040661,1
12,Algeria,DZA,2018,-0.65687,-0.5273783,-0.8361196,-1.226688,-0.7409661,-1.000405,2
13,Algeria,DZA,2019,-0.6211485,-0.5163999,-1.044343,-1.303447,-0.8157083,-1.056199,3
14,Algeria,DZA,2020,-0.6418455,-0.5258437,-0.8601653,-1.291494,-0.7803177,-1.102139,4
15,American Samoa,ASM,2016,1.228804,0.5310323,1.193236,0.1366879,1.340514,1.869559,0
16,American Samoa,ASM,2017,1.843864,0.5624972,1.218863,-0.2525457,1.361758,1.666395,1
17,American Samoa,ASM,2018,1.845657,0.5495368,1.216776,-0.2859912,1.364065,1.463231,2
18,American Samoa,ASM,2019,1.844056,0.5423087,1.172189,-0.2996039,1.335337,1.272752,3
19,American Samoa,ASM,2020,1.314374,0.6968508,1.169803,0.542098,1.193629,1.056903,4
20,Andorra,AND,2016,1.228804,1.860076,1.413419,0.8714429,1.578047,1.176598,0
21,Andorra,AND,2017,1.245126,1.940301,1.421869,1.209727,1.605818,1.161647,1
22,Andorra,AND,2018,1.239041,1.943918,1.417627,1.193258,1.607841,1.036913,2
23,Andorra,AND,2019,1.234696,1.908389,1.602202,1.228282,1.580232,1.110124,3
24,Andorra,AND,2020,1.314374,1.825594,1.618512,1.339709,1.698638,1.089068,4
25,Angola,AGO,2016,-1.439528,-1.03597,-0.3158988,-1.00138,-1.087554,-1.1396,0
26,Angola,AGO,2017,-1.410953,-1.026034,-0.380449,-1.042228,-1.101168,-1.097939,1
27,Angola,AGO,2018,-1.139192,-1.045002,-0.3356918,-0.8776826,-1.048343,-0.9063034,2
28,Angola,AGO,2019,-1.054451,-1.11754,-0.358525,-0.8940375,-1.054597,-0.7835322,3
29,Angola,AGO,2020,-0.9270931,-1.181797,-0.520679,-0.9085017,-0.9631715,-0.8106282,4
30,Anguilla,AIA,2016,1.228804,1.328458,1.315344,0.8714429,-0.0846848,0.0,0
31,Anguilla,AIA,2017,1.245126,0.8380581,1.389452,0.844159,-0.1025973,0.0,1
32,Anguilla,AIA,2018,1.239041,0.828413,1.287406,0.8234454,-0.0985886,0.0,2
33,Anguilla,AIA,2019,1.234696,0.8155248,1.355694,0.8463107,0.3557552,0.0,3
34,Anguilla,AIA,2020,0.6787988,0.9790366,1.540881,0.9409034,0.4361146,0.0,4
35,Antigua and Barbuda,ATG,2016,0.6938039,0.2652237,0.8786072,0.3414612,0.5088214,0.6336627,0
36,Antigua and Barbuda,ATG,2017,0.2442875,0.0113757,0.748045,0.2530876,0.4458083,0.6085795,1
37,Antigua and Barbuda,ATG,2018,0.2775422,-0.0082157,0.8408569,0.4139312,0.4153409,0.5700647,2
38,Antigua and Barbuda,ATG,2019,0.2784069,-0.0041234,0.9535552,0.4854296,0.4052342,0.7332423,3
39,Antigua and Barbuda,ATG,2020,0.2752807,-0.149707,0.9338933,0.5125659,0.4520202,0.7448558,4
40,Argentina,ARG,2016,-0.2839309,0.1618781,0.2046255,-0.4696253,-0.3937469,0.4933509,0
41,Argentina,ARG,2017,-0.2581808,0.1445933,0.1695043,-0.2898896,-0.2492861,0.5286481,1
42,Argentina,ARG,2018,-0.0687873,0.0272682,0.0108914,-0.2906713,-0.2436714,0.5323461,2
43,Argentina,ARG,2019,-0.0762876,-0.0869984,-0.0914442,-0.4932295,-0.4306342,0.5740061,3
44,Argentina,ARG,2020,-0.1163816,-0.2169417,0.0364368,-0.5673085,-0.4693715,0.5941538,4
45,Armenia,ARM,2016,-0.571828,-0.1583772,-0.6622638,0.2500556,-0.119234,-0.5792814,0
46,Armenia,ARM,2017,-0.5633132,-0.1026952,-0.6207712,0.2805222,-0.1606279,-0.5608286,1
47,Armenia,ARM,2018,-0.3475996,-0.0284142,-0.4449081,0.3279592,-0.1494592,-0.1379438,2
48,Armenia,ARM,2019,-0.1782838,-0.0666463,-0.4134244,0.249007,-0.13098,0.0554766,3
49,Armenia,ARM,2020,0.031597,-0.1242361,-0.5712944,0.2500479,-0.0832231,0.0446616,4
50,Aruba,ABW,2016,1.285871,0.8928662,1.284199,1.347553,1.261825,1.279368,0
51,Aruba,ABW,2017,1.294589,0.9199638,1.335038,1.194347,1.335014,1.295541,1
52,Aruba,ABW,2018,1.252447,1.056812,1.356553,0.8561839,1.297677,1.271613,2
53,Aruba,ABW,2019,1.217546,1.029622,1.349796,0.8574405,1.26335,1.264411,3
54,Aruba,ABW,2020,1.235405,1.129532,1.384053,0.9238698,1.306116,1.289108,4
55,Australia,AUS,2016,1.816108,1.568043,1.047958,1.896966,1.755667,1.353702,0
56,Australia,AUS,2017,1.798351,1.538219,0.8960608,1.933411,1.686461,1.375636,1
57,Australia,AUS,2018,1.805214,1.595232,0.989604,1.902706,1.715382,1.380593,2
58,Australia,AUS,2019,1.825413,1.571555,0.9117457,1.873689,1.734473,1.267441,3
59,Australia,AUS,2020,1.665165,1.619163,0.8487522,1.816904,1.651188,1.304121,4
60,Austria,AUT,2016,1.539869,1.510521,0.9096388,1.440436,1.800264,1.337481,0
61,Austria,AUT,2017,1.545208,1.507205,1.046833,1.440179,1.84235,1.385913,1
62,Austria,AUT,2018,1.605723,1.494416,0.902334,1.531354,1.896155,1.387745,2
63,Austria,AUT,2019,1.557738,1.527737,0.9167479,1.459237,1.904162,1.338795,3
64,Austria,AUT,2020,1.509674,1.655057,0.851911,1.401355,1.810441,1.398979,4
65,Azerbaijan,AZE,2016,-0.8383624,-0.165814,-0.8038791,-0.2820228,-0.5200193,-1.561036,0
66,Azerbaijan,AZE,2017,-0.8853079,-0.1726412,-0.7479199,-0.2449824,-0.5575179,-1.563684,1
67,Azerbaijan,AZE,2018,-0.8364836,-0.158052,-0.7067598,-0.1973939,-0.587534,-1.511334,2
68,Azerbaijan,AZE,2019,-0.8379928,-0.1401703,-0.6859124,-0.2269891,-0.5771515,-1.529508,3
69,Azerbaijan,AZE,2020,-1.048197,-0.1702325,-0.7252154,-0.3147717,-0.6910434,-1.545741,4
70,"Bahamas, The",BHS,2016,1.108086,0.7191967,0.9754187,0.2575893,0.2602585,0.8521555,0
71,"Bahamas, The",BHS,2017,1.176681,0.5790182,0.9895855,0.1230418,0.1914401,0.8495829,1
72,"Bahamas, The",BHS,2018,1.131582,0.5372647,0.8628951,0.1802535,0.0970907,0.7648554,2
73,"Bahamas, The",BHS,2019,1.137568,0.4858155,0.8162377,-0.0482854,0.0764876,0.9062235,3
74,"Bahamas, The",BHS,2020,1.137461,0.4521627,0.849964,0.0138412,0.0620066,0.9186843,4
75,Bahrain,BHR,2016,-0.0157671,0.3275663,-0.7934257,0.6082391,0.4563531,-1.372085,0
76,Bahrain,BHR,2017,-0.1390255,0.1955773,-0.9615637,0.4164841,0.4492349,-1.387303,1
77,Bahrain,BHR,2018,-0.1461672,0.1777807,-0.8504526,0.4166367,0.4128062,-1.421445,2
78,Bahrain,BHR,2019,-0.0096477,0.2984906,-0.6273595,0.4851534,0.4944274,-1.429295,3
79,Bahrain,BHR,2020,-0.0655486,0.4287471,-0.5911913,0.6258294,0.491358,-1.457495,4
80,Bangladesh,BGD,2016,-0.8569472,-0.678781,-1.261937,-0.7966801,-0.6636689,-0.5838786,0
81,Bangladesh,BGD,2017,-0.8317032,-0.7350984,-1.256081,-0.8055848,-0.6718881,-0.6150656,1
82,Bangladesh,BGD,2018,-0.8999589,-0.7402487,-0.9956784,-0.8343157,-0.6409807,-0.747334,2
83,Bangladesh,BGD,2019,-0.9934731,-0.7402849,-0.9329753,-0.9290726,-0.6363772,-0.7418209,3
84,Bangladesh,BGD,2020,-0.9782742,-0.7878783,-0.9173985,-0.9019138,-0.5731802,-0.7691441,4
85,Barbados,BRB,2016,1.257388,1.081779,0.9766099,0.4810649,0.7951409,1.085793,0
86,Barbados,BRB,2017,1.424147,0.8445573,0.9668277,0.4947271,0.660408,1.113587,1
87,Barbados,BRB,2018,1.411714,0.4250214,0.9134325,0.5435893,0.3950066,1.091533,2
88,Barbados,BRB,2019,1.196289,0.6311362,1.049227,0.4123509,0.3570479,1.102872,3
89,Barbados,BRB,2020,1.22592,0.4893115,1.129196,0.4801968,0.3377488,1.131755,4
90,Belarus,BLR,2016,-0.2569613,-0.478073,0.1422815,-0.9412614,-0.7162234,-1.339445,0
91,Belarus,BLR,2017,-0.2574071,-0.3413015,-0.0534834,-0.7347551,-0.8187015,-1.356029,1
92,Belarus,BLR,2018,-0.1850613,-0.295147,0.3480572,-0.6494673,-0.830292,-1.366688,2
93,Belarus,BLR,2019,-0.0375447,-0.1843532,0.3323891,-0.5432242,-0.7943493,-1.407983,3
94,Belarus,BLR,2020,-0.1682376,-0.7293182,-0.7303549,-0.649549,-0.9959167,-1.458824,4
95,Belgium,BEL,2016,1.574584,1.433041,0.4413673,1.340684,1.429943,1.377026,0
96,Belgium,BEL,2017,1.447792,1.278846,0.4281858,1.24688,1.358459,1.338482,1
97,Belgium,BEL,2018,1.466163,1.261865,0.4023501,1.268156,1.376737,1.318997,2
98,Belgium,BEL,2019,1.485347,1.148132,0.4737775,1.291109,1.37409,1.310243,3
99,Belgium,BEL,2020,1.478052,1.124299,0.5905626,1.350718,1.36892,1.283182,4
100,Belize,BLZ,2016,-0.2427203,-0.6760404,0.0606221,-0.5123594,-0.8639369,0.57083,0
101,Belize,BLZ,2017,-0.298598,-0.7029624,0.0357257,-0.5466834,-0.8768259,0.5706139,1
102,Belize,BLZ,2018,-0.1370772,-0.5964406,0.0031797,-0.6500763,-0.8238621,0.4223617,2
103,Belize,BLZ,2019,-0.1957777,-0.6776266,0.0630389,-0.5444132,-0.7752398,0.5056173,3
104,Belize,BLZ,2020,-0.1919857,-0.6464335,0.5117432,-0.5378277,-0.7596992,0.5281408,4
105,Benin,BEN,2016,-0.5133145,-0.5643299,-0.0020272,-0.5278944,-0.6087622,0.4098547,0
106,Benin,BEN,2017,-0.561516,-0.6468335,0.0308955,-0.4710597,-0.6260697,0.3822365,1
107,Benin,BEN,2018,-0.3887573,-0.5638022,-0.1411756,-0.3385929,-0.6733479,0.2402929,2
108,Benin,BEN,2019,-0.3385691,-0.4411183,-0.412668,-0.3760342,-0.6637715,0.0680906,3
109,Benin,BEN,2020,-0.0392984,-0.2638812,-0.4397532,-0.3722045,-0.7278787,-0.0771749,4
110,Bermuda,BMU,2016,1.228804,1.328458,0.9996701,0.8714429,0.8654476,0.0,0
111,Bermuda,BMU,2017,1.245126,1.389179,1.001911,0.844159,0.8736399,0.0,1
112,Bermuda,BMU,2018,1.239041,1.386165,1.152475,0.8234454,0.876514,0.0,2
113,Bermuda,BMU,2019,1.234696,1.361957,1.065074,0.8463107,0.8455459,0.0,3
114,Bermuda,BMU,2020,1.314374,1.543409,1.014357,0.9409034,0.6886193,0.0,4
115,Bhutan,BTN,2016,1.126535,0.5002068,1.123297,-0.6651375,0.4934784,-0.0259183,0
116,Bhutan,BTN,2017,1.553321,0.5571043,1.11713,-0.3313459,0.611513,0.0109287,1
117,Bhutan,BTN,2018,1.640953,0.3601472,1.093906,-0.3448173,0.5493638,0.0348506,2
118,Bhutan,BTN,2019,1.61838,0.3124391,1.082096,-0.3273374,0.5903587,0.074758,3
119,Bhutan,BTN,2020,1.648439,0.3731863,1.021578,-0.3105174,0.5941438,0.1519855,4
120,Bolivia,BOL,2016,-0.7242584,-0.567202,-0.2488664,-0.9240948,-1.200806,-0.036425,0
121,Bolivia,BOL,2017,-0.6587374,-0.3853793,-0.2780288,-0.8970232,-1.20487,-0.0246515,1
122,Bolivia,BOL,2018,-0.6176781,-0.3178463,-0.2871185,-0.9072621,-1.145215,-0.0648267,2
123,Bolivia,BOL,2019,-0.7382592,-0.6993221,-0.7300857,-0.9934214,-1.121446,-0.1143257,3
124,Bolivia,BOL,2020,-0.7563663,-0.5620455,-0.4676746,-1.023997,-1.151606,-0.0706577,4
125,Bosnia and Herzegovina,BIH,2016,-0.4563362,-0.3936032,-0.3978388,-0.1666478,-0.2168469,-0.1312022,0
126,Bosnia and Herzegovina,BIH,2017,-0.5174395,-0.4826643,-0.3482373,-0.1488003,-0.2151614,-0.205798,1
127,Bosnia and Herzegovina,BIH,2018,-0.5669701,-0.6150292,-0.3955997,-0.2157231,-0.2342353,-0.2659763,2
128,Bosnia and Herzegovina,BIH,2019,-0.6089352,-0.6344742,-0.4187543,-0.1947562,-0.2334548,-0.2430984,3
129,Bosnia and Herzegovina,BIH,2020,-0.6038762,-0.9751914,-0.5145728,-0.2324903,-0.3060572,-0.323984,4
130,Botswana,BWA,2016,0.9299284,0.5295248,0.99456,0.5284874,0.5337085,0.3967459,0
131,Botswana,BWA,2017,0.7879916,0.4318962,1.022508,0.464981,0.5090616,0.3884281,1
132,Botswana,BWA,2018,0.7478711,0.3329532,0.9709879,0.4491354,0.46531,0.4475507,2
133,Botswana,BWA,2019,0.6905257,0.4282575,1.111055,0.3692842,0.4989015,0.4999618,3
134,Botswana,BWA,2020,0.6290125,0.2567992,1.088047,0.4159909,0.4405316,0.4944413,4
135,Brazil,BRA,2016,-0.3813246,-0.1739778,-0.3772054,-0.2073155,-0.1573322,0.4518494,0
136,Brazil,BRA,2017,-0.4959317,-0.2328486,-0.4738646,-0.1500317,-0.2469499,0.4480156,1
137,Brazil,BRA,2018,-0.398966,-0.4497755,-0.4404235,-0.3271396,-0.2524796,0.3602512,2
138,Brazil,BRA,2019,-0.3365895,-0.1869027,-0.7137882,-0.1784509,-0.1806352,0.2974658,3
139,Brazil,BRA,2020,-0.3424238,-0.4470313,-0.4216979,-0.1616535,-0.1758137,0.2610505,4
140,Brunei Darussalam,BRN,2016,0.5684822,1.083784,1.154172,0.5933974,0.5616808,-0.9010094,0
141,Brunei Darussalam,BRN,2017,0.7151719,1.146735,1.160305,0.7176718,0.6497172,-0.9486977,1
142,Brunei Darussalam,BRN,2018,0.7959561,1.251249,1.24136,0.6864314,0.6293485,-0.8626922,2
143,Brunei Darussalam,BRN,2019,0.8022829,1.317982,1.108799,0.6345204,0.6143432,-0.9679027,3
144,Brunei Darussalam,BRN,2020,1.28122,1.438427,1.123706,0.9141998,0.9311345,-0.9322214,4
145,Bulgaria,BGR,2016,-0.2129944,0.2084756,0.0773333,0.6585177,-0.1051676,0.4021857,0
146,Bulgaria,BGR,2017,-0.1534974,0.1928596,0.3320499,0.6258183,-0.0883203,0.4298145,1
147,Bulgaria,BGR,2018,-0.1452328,0.2030701,0.4562779,0.5865343,-0.0698142,0.3566663,2
148,Bulgaria,BGR,2019,-0.1399162,0.2633897,0.578861,0.5311002,-0.0063268,0.3556397,3
149,Bulgaria,BGR,2020,-0.2723222,-0.0722199,0.472481,0.5189232,-0.0870779,0.2600734,4
150,Burkina Faso,BFA,2016,-0.1479759,-0.5643083,-0.8673759,-0.3973829,-0.4414265,0.0144986,0
151,Burkina Faso,BFA,2017,-0.1169276,-0.5780835,-0.9269773,-0.4423672,-0.4012339,0.0655461,1
152,Burkina Faso,BFA,2018,-0.1132987,-0.5778441,-1.059287,-0.3727933,-0.4453091,-0.0682887,2
153,Burkina Faso,BFA,2019,-0.2000552,-0.7587574,-1.302387,-0.3765482,-0.4261681,-0.2027513,3
154,Burkina Faso,BFA,2020,-0.1011696,-0.6695253,-1.551598,-0.4172661,-0.4181253,-0.1711518,4
155,Burundi,BDI,2016,-1.245538,-1.441691,-1.970721,-0.8252589,-1.460521,-1.555504,0
156,Burundi,BDI,2017,-1.279798,-1.337151,-2.007869,-0.8344458,-1.390451,-1.575757,1
157,Burundi,BDI,2018,-1.436725,-1.414782,-1.571772,-0.9766567,-1.493813,-1.672381,2
158,Burundi,BDI,2019,-1.457849,-1.326445,-1.615159,-0.9489731,-1.432129,-1.723487,3
159,Burundi,BDI,2020,-1.52695,-1.259296,-1.411315,-1.01885,-1.316482,-1.53803,4
160,Cabo Verde,CPV,2016,0.8689511,0.1248046,0.8862156,-0.2960399,0.3474011,0.9791626,0
161,Cabo Verde,CPV,2017,0.8230366,0.1633043,0.7746384,-0.2038071,0.4034872,0.9681481,1
162,Cabo Verde,CPV,2018,0.7616211,0.320989,0.8458232,-0.2403039,0.4441875,0.9661335,2
163,Cabo Verde,CPV,2019,0.8325423,0.292097,0.8739426,-0.2246151,0.5158916,0.9407284,3
164,Cabo Verde,CPV,2020,0.8279572,0.2471965,0.8807942,-0.0660532,0.4879067,0.917582,4
165,Cambodia,KHM,2016,-1.272752,-0.6942337,0.2110379,-0.4652204,-1.063893,-1.105392,0
166,Cambodia,KHM,2017,-1.289828,-0.659631,0.091222,-0.5016114,-1.053886,-1.154714,1
167,Cambodia,KHM,2018,-1.311975,-0.5602662,0.1030418,-0.5016222,-1.112072,-1.236658,2
168,Cambodia,KHM,2019,-1.279862,-0.58005,-0.0894939,-0.5689112,-0.9357082,-1.220296,3
169,Cambodia,KHM,2020,-1.231246,-0.4194071,-0.2358826,-0.6164084,-0.9458001,-1.358499,4
170,Cameroon,CMR,2016,-1.154283,-0.7639731,-1.062137,-0.7898978,-1.036228,-1.030126,0
171,Cameroon,CMR,2017,-1.200322,-0.8107689,-1.095843,-0.8213113,-1.02993,-1.050992,1
172,Cameroon,CMR,2018,-1.149803,-0.7988625,-1.404168,-0.798317,-1.077694,-1.132868,2
173,Cameroon,CMR,2019,-1.210814,-0.8121258,-1.559217,-0.8267207,-1.118981,-1.212373,3
174,Cameroon,CMR,2020,-1.131269,-0.8831259,-1.527164,-0.8171073,-1.146446,-1.214586,4
175,Canada,CAN,2016,1.989884,1.780962,1.256059,1.73882,1.841268,1.445155,0
176,Canada,CAN,2017,1.927651,1.857114,1.102063,1.889669,1.806023,1.477724,1
177,Canada,CAN,2018,1.827885,1.714916,0.9791259,1.706076,1.756561,1.490146,2
178,Canada,CAN,2019,1.767164,1.731293,1.016768,1.716236,1.760273,1.431915,3
179,Canada,CAN,2020,1.597707,1.644323,1.109246,1.595805,1.655119,1.476175,4
180,Cayman Islands,CYM,2016,0.5290577,1.181818,1.168496,0.7873485,0.7974545,0.4749393,0
181,Cayman Islands,CYM,2017,0.5292489,1.228924,1.190801,0.7555286,0.7796382,0.485479,1
182,Cayman Islands,CYM,2018,0.4971413,1.202872,1.138934,0.9759164,0.7745451,0.4632958,2
183,Cayman Islands,CYM,2019,0.4666337,1.169075,1.433294,0.9828503,0.7691198,0.4697495,3
184,Cayman Islands,CYM,2020,0.4731022,1.129532,1.49174,1.054463,0.7685181,0.5009385,4
185,Central African Republic,CAF,2016,-1.279835,-1.771658,-1.789267,-1.427307,-1.81683,-1.082307,0
186,Central African Republic,CAF,2017,-1.174239,-1.758346,-2.006543,-1.478067,-1.723307,-1.107815,1
187,Central African Republic,CAF,2018,-1.227124,-1.713924,-2.183386,-1.369948,-1.683269,-1.20836,2
188,Central African Republic,CAF,2019,-1.228475,-1.746933,-2.138272,-1.372842,-1.728578,-1.219375,3
189,Central African Republic,CAF,2020,-1.28198,-1.689749,-2.178489,-1.537033,-1.711812,-1.273128,4
190,Chad,TCD,2016,-1.487701,-1.51189,-1.302365,-1.180022,-1.378202,-1.362297,0
191,Chad,TCD,2017,-1.433071,-1.463329,-1.287528,-1.207961,-1.291439,-1.370896,1
192,Chad,TCD,2018,-1.405133,-1.524279,-1.483272,-1.113601,-1.301453,-1.468215,2
193,Chad,TCD,2019,-1.420671,-1.568414,-1.343743,-1.119378,-1.283379,-1.434415,3
194,Chad,TCD,2020,-1.41457,-1.460003,-1.264458,-1.137971,-1.305166,-1.419714,4
195,Chile,CHL,2016,1.140084,1.010372,0.4131105,1.373064,1.129331,0.9956857,0
196,Chile,CHL,2017,1.106465,0.9961624,0.4171355,1.350113,1.149239,1.000417,1
197,Chile,CHL,2018,1.039679,1.07547,0.4273602,1.335477,1.091852,1.024111,2
198,Chile,CHL,2019,1.066971,1.060289,0.0079297,1.223731,1.074586,0.9911498,3
199,Chile,CHL,2020,1.146561,0.9887357,0.0706187,1.052093,1.067767,1.016067,4
200,China,CHN,2016,-0.2539508,0.3545941,-0.499395,-0.2644748,-0.3345477,-1.559632,0
201,China,CHN,2017,-0.27085,0.4137717,-0.2310181,-0.1467606,-0.2667109,-1.503779,1
202,China,CHN,2018,-0.2679587,0.4792704,-0.3000233,-0.1862563,-0.2028825,-1.463188,2
203,China,CHN,2019,-0.2951186,0.5170006,-0.2566892,-0.2445802,-0.2746037,-1.628118,3
204,China,CHN,2020,-0.0658865,0.6479592,-0.291068,-0.0808021,-0.0595887,-1.648466,4
205,Colombia,COL,2016,-0.3241391,0.0152157,-0.8824593,0.4020093,-0.2789232,0.1218224,0
206,Colombia,COL,2017,-0.3722761,-0.07508,-0.7727076,0.3411354,-0.3629579,0.1124623,1
207,Colombia,COL,2018,-0.2857142,-0.0860052,-0.7969317,0.3176741,-0.4062347,0.1635418,2
208,Colombia,COL,2019,-0.2363339,0.0707119,-0.9495016,0.3965637,-0.4168378,0.2048455,3
209,Colombia,COL,2020,-0.181955,0.0402886,-0.6735995,0.3171094,-0.4912356,0.1492503,4
210,Comoros,COM,2016,-0.6657364,-1.552763,0.0357599,-1.049556,-0.9987311,-0.2902683,0
211,Comoros,COM,2017,-0.6877698,-1.559369,0.0361181,-1.035068,-1.051716,-0.3355786,1
212,Comoros,COM,2018,-0.805908,-1.62861,-0.3462803,-1.110248,-1.071624,-0.5005819,2
213,Comoros,COM,2019,-1.020556,-1.669251,-0.1546992,-1.118452,-1.086838,-0.7095864,3
214,Comoros,COM,2020,-1.19349,-1.593477,-0.2917943,-1.178481,-1.199232,-0.7638819,4
215,"Congo, Dem. Rep.",COD,2016,-1.337154,-1.510926,-2.234622,-1.323978,-1.618813,-1.409874,0
216,"Congo, Dem. Rep.",COD,2017,-1.416593,-1.627224,-2.302249,-1.463433,-1.682099,-1.463378,1
217,"Congo, Dem. Rep.",COD,2018,-1.502247,-1.552124,-2.105781,-1.4711,-1.779271,-1.507798,2
218,"Congo, Dem. Rep.",COD,2019,-1.545593,-1.62692,-1.593899,-1.50859,-1.786273,-1.313627,3
219,"Congo, Dem. Rep.",COD,2020,-1.572393,-1.692743,-1.708182,-1.540846,-1.79057,-1.281867,4
220,"Congo, Rep.",COG,2016,-1.186817,-1.096853,-0.5192695,-1.165628,-1.095829,-1.160179,0
221,"Congo, Rep.",COG,2017,-1.329081,-1.196112,-0.531724,-1.327535,-1.101178,-1.121606,1
222,"Congo, Rep.",COG,2018,-1.350381,-1.211082,-0.3484042,-1.330903,-1.098704,-1.197621,2
223,"Congo, Rep.",COG,2019,-1.409202,-1.387316,-0.8969635,-1.299283,-1.149737,-1.279171,3
224,"Congo, Rep.",COG,2020,-1.403427,-1.434841,-0.8958732,-1.431044,-1.160379,-1.290345,4
225,Cook Islands,COK,2016,0.0,0.0,0.6067084,0.0,0.0,1.4756047999999997,0
226,Cook Islands,COK,2017,0.0,0.0,0.73180305,0.0,0.0,1.3361803999999997,1
227,Cook Islands,COK,2018,0.0,0.0,0.8568977,0.0,0.0,1.196756,2
228,Cook Islands,COK,2019,0.0,0.0,1.064757,0.0,0.0,1.051479,3
229,Cook Islands,COK,2020,0.0,0.0,1.107087,0.0,0.0,0.9179072,4
230,Costa Rica,CRI,2016,0.7442904,0.3551873,0.6614283,0.4074337,0.4660165,1.117966,0
231,Costa Rica,CRI,2017,0.5094244,0.3063277,0.6088256,0.3463587,0.4692508,1.121746,1
232,Costa Rica,CRI,2018,0.5527953,0.3762068,0.4694642,0.4885781,0.4810215,1.10845,2
233,Costa Rica,CRI,2019,0.7027699,0.4225595,0.4522929,0.4971444,0.5445495,1.096336,3
234,Costa Rica,CRI,2020,0.7761228,0.3622126,0.7615439,0.4498657,0.5699124,1.143007,4
235,Cote d'Ivoire,CIV,2016,-0.5299415,-0.6732535,-0.9075593,-0.3648906,-0.6447258,-0.3084423,0
236,Cote d'Ivoire,CIV,2017,-0.5267719,-0.7554985,-1.090237,-0.360639,-0.6314723,-0.2830979,1
237,Cote d'Ivoire,CIV,2018,-0.5038995,-0.5682684,-0.8986894,-0.2026825,-0.5763171,-0.2553864,2
238,Cote d'Ivoire,CIV,2019,-0.5397315,-0.4827835,-1.026046,-0.2433622,-0.5666268,-0.2450294,3
239,Cote d'Ivoire,CIV,2020,-0.5265628,-0.4806498,-0.9764128,-0.2758446,-0.5994768,-0.4831634,4
240,Croatia,HRV,2016,0.21198,0.5035605,0.6637695,0.3562783,0.3843882,0.5253699,0
241,Croatia,HRV,2017,0.1179555,0.6090569,0.6920319,0.4240429,0.3588388,0.4791637,1
242,Croatia,HRV,2018,0.0779362,0.5073917,0.8028065,0.5371523,0.352705,0.4375764,2
243,Croatia,HRV,2019,0.0820259,0.4592125,0.6946999,0.5906433,0.3953754,0.4553147,3
244,Croatia,HRV,2020,0.2007412,0.4377178,0.6074048,0.43394,0.29418,0.5801762,4
245,Cuba,CUB,2016,0.1692236,-0.1051888,0.6853639,-1.338703,-0.4425099,-1.560149,0
246,Cuba,CUB,2017,0.2678478,-0.1804782,0.6470563,-1.328484,-0.4303128,-1.552479,1
247,Cuba,CUB,2018,0.1663785,-0.2471846,0.6489246,-1.459466,-0.4442561,-1.460088,2
248,Cuba,CUB,2019,0.0437994,-0.1727885,0.6031231,-1.486811,-0.3226229,-1.440688,3
249,Cuba,CUB,2020,-0.1267346,-0.1677658,0.5962209,-1.504454,-0.2780778,-1.419531,4
250,Cyprus,CYP,2016,0.8266943,0.9605695,0.6042547,1.052626,0.7213519,1.04664,0
251,Cyprus,CYP,2017,0.7853153,0.9222018,0.5378655,1.032462,0.8882236,1.056237,1
252,Cyprus,CYP,2018,0.640687,0.9192417,0.491743,0.8727556,0.7535621,1.005624,2
253,Cyprus,CYP,2019,0.6306768,0.9921815,0.5573699,1.012434,0.7600086,1.048613,3
254,Cyprus,CYP,2020,0.3778925,0.8832101,0.2918284,1.002475,0.580854,0.9070898,4
255,Czech Republic,CZE,2016,0.5929416,1.044984,0.9761155,0.986401,1.020164,1.025371,0
256,Czech Republic,CZE,2017,0.6066105,1.071043,1.000036,1.235234,1.124164,0.8802063,1
257,Czech Republic,CZE,2018,0.5428039,0.9887083,1.031982,1.275545,1.055094,0.8127151,2
258,Czech Republic,CZE,2019,0.5652813,0.9553274,0.9438875,1.245235,1.052832,0.8357995,3
259,Czech Republic,CZE,2020,0.5850472,0.957015,0.9244586,1.241209,1.059881,0.9812194,4
260,Denmark,DNK,2016,2.250493,1.857509,0.8679155,1.575408,1.924276,1.541422,0
261,Denmark,DNK,2017,2.23999,1.787519,0.8684149,1.624285,1.847278,1.517764,1
262,Denmark,DNK,2018,2.196509,1.851263,0.9462506,1.636302,1.815461,1.561593,2
263,Denmark,DNK,2019,2.161119,1.910211,0.9956252,1.565141,1.876799,1.545238,3
264,Denmark,DNK,2020,2.270462,1.890869,0.9430326,1.790884,1.858852,1.520361,4
265,Djibouti,DJI,2016,-0.6533492,-0.9740394,-0.6264004,-0.7000202,-0.9761462,-1.370006,0
266,Djibouti,DJI,2017,-0.6429945,-1.02883,-0.7368587,-0.6394617,-0.9120428,-1.405831,1
267,Djibouti,DJI,2018,-0.7081219,-0.8953704,-0.1376155,-0.6987826,-0.9184133,-1.367919,2
268,Djibouti,DJI,2019,-0.8554918,-0.7134089,-0.3511495,-0.7714189,-0.9141684,-1.423265,3
269,Djibouti,DJI,2020,-0.7413479,-0.6767254,-0.3183765,-0.8114574,-1.011851,-1.420494,4
270,Dominica,DMA,2016,0.6250263,0.0541444,1.002438,0.1990751,0.6063661,0.8994573,0
271,Dominica,DMA,2017,0.6318206,-0.2626715,1.198149,0.1290447,0.6130303,0.8848282,1
272,Dominica,DMA,2018,0.5402709,-0.2776328,1.096157,0.0760054,0.6639392,0.7876834,2
273,Dominica,DMA,2019,0.5258992,-0.2623335,1.067457,0.1002118,0.6875657,0.868843,3
274,Dominica,DMA,2020,0.5562857,-0.1795864,1.346246,0.1959981,0.7405058,0.878063,4
275,Dominican Republic,DOM,2016,-0.7562392,-0.2638971,0.252106,-0.065245,-0.3952907,0.1819112,0
276,Dominican Republic,DOM,2017,-0.7402246,-0.3719791,0.1605885,-0.0779919,-0.4208526,0.1592211,1
277,Dominican Republic,DOM,2018,-0.7541672,-0.3971497,0.0239203,-0.0690279,-0.3792768,0.1143047,2
278,Dominican Republic,DOM,2019,-0.7660196,-0.358091,0.0053069,-0.0541752,-0.3475938,0.1774002,3
279,Dominican Republic,DOM,2020,-0.6808228,-0.3307422,0.1674334,-0.0137688,-0.2641793,0.2215259,4
280,Ecuador,ECU,2016,-0.6801937,-0.4304732,-0.085358,-1.018454,-0.7614435,-0.247168,0
281,Ecuador,ECU,2017,-0.6216223,-0.3996413,-0.0748539,-1.059981,-0.8107955,-0.1721459,1
282,Ecuador,ECU,2018,-0.5629483,-0.2637541,-0.0892777,-0.8687586,-0.6387975,-0.0012729,2
283,Ecuador,ECU,2019,-0.4865913,-0.3996101,-0.2329569,-0.8239056,-0.5774394,0.0371193,3
284,Ecuador,ECU,2020,-0.5359893,-0.4388475,-0.3646331,-0.8860091,-0.5481316,0.0167155,4
285,"Egypt, Arab Rep.",EGY,2016,-0.6445939,-0.6596709,-1.437697,-0.9231897,-0.5174581,-1.204502,0
286,"Egypt, Arab Rep.",EGY,2017,-0.536476,-0.6207942,-1.424527,-0.8604551,-0.543798,-1.251246,1
287,"Egypt, Arab Rep.",EGY,2018,-0.5604438,-0.5800367,-1.180049,-0.8642277,-0.4142864,-1.328003,2
288,"Egypt, Arab Rep.",EGY,2019,-0.6697238,-0.4244061,-1.114192,-0.8277446,-0.4209398,-1.445306,3
289,"Egypt, Arab Rep.",EGY,2020,-0.8136714,-0.545122,-1.207361,-0.6885961,-0.3598008,-1.488731,4
290,El Salvador,SLV,2016,-0.5229223,-0.2851965,-0.0992914,0.0939717,-0.7096999,0.18895,0
291,El Salvador,SLV,2017,-0.5018553,-0.321602,-0.2600434,1.28e-06,-0.8105645,0.1544337,1
292,El Salvador,SLV,2018,-0.5969757,-0.447729,-0.3876885,0.0345772,-0.8254345,0.0170948,2
293,El Salvador,SLV,2019,-0.5550387,-0.4654183,-0.1064181,0.02156,-0.7623366,0.1141755,3
294,El Salvador,SLV,2020,-0.5919448,-0.3564937,-0.024204,-0.0192273,-0.7608628,0.0362371,4
295,Equatorial Guinea,GNQ,2016,-1.805687,-1.408003,-0.1408686,-1.380239,-1.516142,-1.949172,0
296,Equatorial Guinea,GNQ,2017,-1.815811,-1.438307,-0.1704531,-1.391826,-1.480927,-1.972162,1
297,Equatorial Guinea,GNQ,2018,-1.705315,-1.45561,-0.0923802,-1.495596,-1.516192,-1.875924,2
298,Equatorial Guinea,GNQ,2019,-1.722103,-1.3432,-0.1562198,-1.5199,-1.422766,-1.878097,3
299,Equatorial Guinea,GNQ,2020,-1.685068,-1.471354,-0.1922405,-1.549407,-1.253869,-1.83182,4
300,Eritrea,ERI,2016,-1.306542,-1.69607,-0.6569121,-2.186823,-1.625368,-2.169759,0
301,Eritrea,ERI,2017,-1.201147,-1.711882,-0.729676,-2.191784,-1.557995,-2.165504,1
302,Eritrea,ERI,2018,-1.30995,-1.723037,-0.6058792,-2.217407,-1.580166,-2.185477,2
303,Eritrea,ERI,2019,-1.394938,-1.757077,-0.6984926,-2.275069,-1.595472,-2.206151,3
304,Eritrea,ERI,2020,-1.326432,-1.616785,-0.9844248,-2.335106,-1.47162,-2.076875,4
305,Estonia,EST,2016,1.272368,1.090463,0.6739078,1.698142,1.226433,1.208047,0
306,Estonia,EST,2017,1.245324,1.111729,0.6497754,1.645036,1.285828,1.214439,1
307,Estonia,EST,2018,1.50561,1.190437,0.5873927,1.55177,1.240728,1.179301,2
308,Estonia,EST,2019,1.561715,1.174428,0.6332563,1.591255,1.281483,1.181098,3
309,Estonia,EST,2020,1.61278,1.343336,0.7101202,1.535388,1.382246,1.171272,4
310,Eswatini,SWZ,2016,-0.4499788,-0.5785232,-0.4887168,-0.5762869,-0.3686543,-1.429628,0
311,Eswatini,SWZ,2017,-0.2696787,-0.5425783,-0.2670258,-0.5596761,-0.2884077,-1.448833,1
312,Eswatini,SWZ,2018,-0.3604255,-0.6700686,-0.3734438,-0.6556215,-0.2824021,-1.372091,2
313,Eswatini,SWZ,2019,-0.4902496,-0.6789486,-0.2745529,-0.6122754,-0.5019525,-1.338382,3
314,Eswatini,SWZ,2020,-0.4552509,-0.7685032,-0.1187483,-0.5570649,-0.5307466,-1.327599,4
315,Ethiopia,ETH,2016,-0.416919,-0.6384845,-1.619813,-1.101313,-0.492503,-1.402079,0
316,Ethiopia,ETH,2017,-0.5587956,-0.6928545,-1.679859,-1.004292,-0.4559003,-1.432209,1
317,Ethiopia,ETH,2018,-0.4833753,-0.6104851,-1.279617,-0.9730066,-0.428142,-1.165882,2
318,Ethiopia,ETH,2019,-0.4061424,-0.6343808,-1.305073,-0.8888674,-0.4733813,-1.064605,3
319,Ethiopia,ETH,2020,-0.3623945,-0.5520683,-1.738457,-0.9574109,-0.3977932,-1.017297,4
320,Fiji,FJI,2016,0.130379,-0.2490013,0.917815,-0.3770984,-0.2745952,0.0285497,0
321,Fiji,FJI,2017,0.3450749,0.0698404,0.619655,-0.223414,-0.2647003,0.1228353,1
322,Fiji,FJI,2018,0.3971153,0.2850353,0.862233,-0.2294028,-0.1363209,0.1304683,2
323,Fiji,FJI,2019,0.5589681,0.1996178,0.7776704,-0.2190849,-0.0251812,0.0214153,3
324,Fiji,FJI,2020,0.6391488,0.3018749,0.7479544,-0.1703498,0.1097826,0.0341039,4
325,Finland,FIN,2016,2.233331,1.877939,0.9990865,1.817408,2.049946,1.531794,0
326,Finland,FIN,2017,2.211039,2.018676,1.080909,1.823055,2.069357,1.559358,1
327,Finland,FIN,2018,2.211138,2.055259,0.908359,1.78569,2.079443,1.576928,2
328,Finland,FIN,2019,2.1532,2.006594,0.8516567,1.851164,2.058016,1.564906,3
329,Finland,FIN,2020,2.204168,1.948935,0.9446252,1.854752,2.078883,1.615212,4
330,France,FRA,2016,1.370064,1.416434,-0.0953591,1.070323,1.386726,1.136473,0
331,France,FRA,2017,1.266991,1.348091,0.2790776,1.15951,1.436407,1.152415,1
332,France,FRA,2018,1.317642,1.458658,0.0291557,1.156292,1.434449,1.146513,2
333,France,FRA,2019,1.283251,1.37214,0.2993822,1.440412,1.407695,1.116438,3
334,France,FRA,2020,1.153109,1.247808,0.3125098,1.195966,1.327411,1.06943,4
335,French Guiana,GUF,2016,0.9750836,1.127457,0.5509571,1.428803,1.308454,1.279368,0
336,French Guiana,GUF,2017,0.998673,1.379737,0.4997613,1.282006,1.199849,1.295541,1
337,French Guiana,GUF,2018,0.9530863,1.396483,0.5206324,1.30502,1.210485,1.271613,2
338,French Guiana,GUF,2019,0.9196092,1.387043,0.2612188,1.31416,1.166119,1.264411,3
339,French Guiana,GUF,2020,0.929781,1.320387,0.3325475,1.185055,1.197893,1.289108,4
340,Gabon,GAB,2016,-0.7531746,-0.792168,-0.104911,-0.7979104,-0.6047214,-0.9669695,0
341,Gabon,GAB,2017,-0.8207155,-0.9220088,-0.1030248,-0.7849124,-0.6835737,-1.05922,1
342,Gabon,GAB,2018,-0.8539096,-0.8094349,-0.2538044,-0.9160169,-0.7040743,-0.9661632,2
343,Gabon,GAB,2019,-0.9329059,-0.897824,-0.0742617,-0.9569007,-0.7327159,-1.049209,3
344,Gabon,GAB,2020,-0.9244228,-0.9099023,-0.0771416,-0.8784322,-0.6654624,-0.9939862,4
345,"Gambia, The",GMB,2016,-0.8119048,-0.8420404,-0.4344123,-0.5093247,-0.77466,-1.262813,0
346,"Gambia, The",GMB,2017,-0.6267126,-0.6464027,-0.0840129,-0.4470356,-0.4381409,-0.6222699,1
347,"Gambia, The",GMB,2018,-0.4565488,-0.6198659,-0.074431,-0.6294979,-0.4305807,-0.222066,2
348,"Gambia, The",GMB,2019,-0.3000943,-0.6311047,0.2247214,-0.6648403,-0.3714375,-0.2387179,3
349,"Gambia, The",GMB,2020,-0.3428272,-0.6720108,0.2453408,-0.6875781,-0.3659326,-0.2009927,4
350,Georgia,GEO,2016,0.6854092,0.5179425,-0.3132915,1.008661,0.3836238,0.2952145,0
351,Georgia,GEO,2017,0.7407625,0.5757037,-0.3707961,1.051975,0.3208365,0.2647963,1
352,Georgia,GEO,2018,0.7094994,0.611771,-0.4415736,1.125411,0.3277741,0.2208919,2
353,Georgia,GEO,2019,0.7007192,0.8287399,-0.4883826,1.121732,0.3104377,0.1687202,3
354,Georgia,GEO,2020,0.5959197,0.787501,-0.4307931,1.108767,0.2859657,0.0554018,4
355,Germany,DEU,2016,1.826143,1.696212,0.6813634,1.817016,1.621759,1.364375,0
356,Germany,DEU,2017,1.843528,1.65318,0.5877215,1.786195,1.614979,1.432262,1
357,Germany,DEU,2018,1.936917,1.562705,0.5912753,1.762925,1.631583,1.431259,2
358,Germany,DEU,2019,1.903284,1.531162,0.5743086,1.72319,1.620687,1.355591,3
359,Germany,DEU,2020,1.858251,1.360798,0.6710114,1.582715,1.557932,1.377576,4
360,Ghana,GHA,2016,-0.1489119,-0.1685113,-0.1309286,-0.2325097,0.0487039,0.5854982,0
361,Ghana,GHA,2017,-0.2321948,-0.1118706,0.0918345,-0.1366017,0.1233095,0.5982543,1
362,Ghana,GHA,2018,-0.1214553,-0.2085409,-0.0255168,-0.0945598,0.0730976,0.5498551,2
363,Ghana,GHA,2019,-0.0980888,-0.2106433,0.1344119,-0.111198,0.0473358,0.5579075,3
364,Ghana,GHA,2020,-0.1155107,-0.1526524,0.1258658,0.0001739,-0.0386941,0.5831697,4
365,Greece,GRC,2016,-0.1016083,0.1577258,-0.1215992,0.1483869,0.1353244,0.6685553,0
366,Greece,GRC,2017,-0.0790209,0.274148,-0.0735726,0.2400272,0.0749528,0.658486,1
367,Greece,GRC,2018,-0.0252081,0.2907973,0.1659438,0.4137779,0.13928,0.7323087,2
368,Greece,GRC,2019,0.0431178,0.3490244,0.1817382,0.5299369,0.1837852,0.8124003,3
369,Greece,GRC,2020,0.0598671,0.4444801,0.1251008,0.5500144,0.3202699,0.96592,4
370,Greenland,GRL,2016,1.1671,0.8425272,1.965062,1.334686,1.723742,1.279368,0
371,Greenland,GRL,2017,1.185811,0.8405358,1.923353,1.324179,1.726132,1.295541,1
372,Greenland,GRL,2018,1.174985,0.8363734,1.929881,1.368418,1.738521,1.271613,2
373,Greenland,GRL,2019,1.140772,0.8134989,1.883894,1.36094,1.746319,1.264411,3
374,Greenland,GRL,2020,1.034216,0.7990792,1.913187,1.383762,1.741479,1.289108,4
375,Grenada,GRD,2016,0.5639562,-0.1752158,1.018932,0.084025,0.5689524,0.8170967,0
376,Grenada,GRD,2017,0.4576816,-0.1874954,1.009161,-0.0537086,0.413209,0.7443076,1
377,Grenada,GRD,2018,0.3715164,-0.2364549,0.9854752,-0.2970077,0.2237961,0.4933713,2
378,Grenada,GRD,2019,0.3393368,-0.1374281,0.9535552,-0.3141913,0.1767789,0.6805683,3
379,Grenada,GRD,2020,0.3571173,-0.0654131,1.034534,-0.1702272,0.2926352,0.6922625,4
380,Guam,GUM,2016,1.228804,0.2652237,0.6752751,0.1366879,1.102981,1.361017,0
381,Guam,GUM,2017,1.245126,0.2869365,0.699833,0.1130226,1.361758,1.2531535,1
382,Guam,GUM,2018,1.239041,0.2706605,0.6994919,0.083821,1.364065,1.14529,2
383,Guam,GUM,2019,1.234696,0.2690927,0.8925463,0.0823676,1.335337,1.114814,3
384,Guam,GUM,2020,1.314374,0.6968508,0.936887,0.542098,1.193629,0.929563,4
385,Guatemala,GTM,2016,-0.7396853,-0.6065266,-0.5425926,-0.2024315,-1.020066,-0.2903427,0
386,Guatemala,GTM,2017,-0.7411317,-0.6391509,-0.6506749,-0.2546685,-1.057874,-0.2796066,1
387,Guatemala,GTM,2018,-0.817149,-0.6802149,-0.5383536,-0.1895691,-1.035944,-0.3626967,2
388,Guatemala,GTM,2019,-0.9007233,-0.6769783,-0.5735922,-0.2246763,-1.052349,-0.3354709,3
389,Guatemala,GTM,2020,-1.095947,-0.6874367,-0.4291327,-0.1747904,-1.053237,-0.3872769,4
390,Guinea,GIN,2016,-0.9188131,-1.005932,-0.3938748,-0.8676737,-1.216319,-0.7592747,0
391,Guinea,GIN,2017,-1.012782,-1.034547,-0.7009969,-0.8362353,-1.226821,-0.738005,1
392,Guinea,GIN,2018,-1.042321,-0.9693156,-0.8840864,-0.7780746,-1.208481,-0.7732198,2
393,Guinea,GIN,2019,-0.911032,-0.7789667,-0.8432462,-0.7695868,-1.20907,-0.7684538,3
394,Guinea,GIN,2020,-0.9678046,-0.8943251,-0.6370652,-0.8336266,-1.263659,-0.9223381,4
395,Guinea-Bissau,GNB,2016,-1.552118,-1.642972,-0.4426939,-1.235827,-1.487089,-0.7331135,0
396,Guinea-Bissau,GNB,2017,-1.558522,-1.760056,-0.4986393,-1.179392,-1.423981,-0.796982,1
397,Guinea-Bissau,GNB,2018,-1.519404,-1.473266,-0.6855602,-1.20156,-1.232103,-0.6876005,2
398,Guinea-Bissau,GNB,2019,-1.453402,-1.515093,-0.5580111,-1.232575,-1.264169,-0.4800229,3
399,Guinea-Bissau,GNB,2020,-1.319101,-1.431687,-0.598215,-1.263349,-1.364821,-0.4710643,4
400,Guyana,GUY,2016,-0.3244398,-0.3017042,-0.0260627,-0.4165162,-0.3092433,0.2535969,0
401,Guyana,GUY,2017,-0.5103616,-0.2977009,-0.0430738,-0.3920297,-0.2938785,0.2777978,1
402,Guyana,GUY,2018,-0.2227802,-0.2614504,-0.1877606,-0.5476355,-0.3725958,0.2156686,2
403,Guyana,GUY,2019,-0.1129527,-0.3868118,-0.2464192,-0.621398,-0.4311567,0.2551636,3
404,Guyana,GUY,2020,-0.1497357,-0.4381699,-0.1459536,-0.550658,-0.425237,0.2148667,4
405,Haiti,HTI,2016,-1.331458,-2.078399,-0.7437881,-1.238312,-1.002219,-0.7593951,0
406,Haiti,HTI,2017,-1.238367,-2.057976,-0.6744812,-1.314021,-1.084979,-0.7370054,1
407,Haiti,HTI,2018,-1.275526,-1.905055,-0.6397613,-1.261063,-1.052376,-0.75751,2
408,Haiti,HTI,2019,-1.339134,-2.01491,-0.891515,-1.259841,-0.9713579,-0.746346,3
409,Haiti,HTI,2020,-1.319874,-2.033819,-1.043329,-1.214759,-1.036246,-0.8427454,4
410,Honduras,HND,2016,-0.6576432,-0.7264652,-0.4333121,-0.513028,-1.118942,-0.4381704,0
411,Honduras,HND,2017,-0.7189602,-0.5083557,-0.5649181,-0.4349952,-1.044247,-0.4401779,1
412,Honduras,HND,2018,-0.6142679,-0.6185808,-0.5307975,-0.4489721,-1.028927,-0.530851,2
413,Honduras,HND,2019,-0.8119133,-0.6119988,-0.5751516,-0.4932474,-1.009133,-0.5727262,3
414,Honduras,HND,2020,-0.8577685,-0.5959823,-0.5446041,-0.4955445,-0.9583805,-0.603004,4
415,"Hong Kong SAR, China",HKG,2016,1.561693,1.841636,0.7508071,2.153887,1.722995,0.3772678,0
416,"Hong Kong SAR, China",HKG,2017,1.618103,1.905391,0.8294839,2.166828,1.722528,0.4282603,1
417,"Hong Kong SAR, China",HKG,2018,1.675505,1.902525,0.7835555,2.226014,1.7715,0.4400779,2
418,"Hong Kong SAR, China",HKG,2019,1.690355,1.740746,-0.222178,1.983565,1.604442,0.1269743,3
419,"Hong Kong SAR, China",HKG,2020,1.649827,1.662403,0.0922063,1.787972,1.590243,0.0384611,4
420,Hungary,HUN,2016,0.105939,0.5014192,0.6546786,0.6034219,0.4388936,0.4020373,0
421,Hungary,HUN,2017,0.1253053,0.527887,0.806563,0.6519235,0.5663263,0.5369374,1
422,Hungary,HUN,2018,0.0865242,0.4900576,0.7471759,0.57471,0.5846309,0.4784307,2
423,Hungary,HUN,2019,0.0600961,0.4960532,0.7721581,0.6035496,0.526654,0.3439764,3
424,Hungary,HUN,2020,0.0974263,0.5809025,0.863838,0.4816817,0.5128838,0.3898624,4
425,Iceland,ISL,2016,1.949479,1.385293,1.361624,1.276847,1.519659,1.356115,0
426,Iceland,ISL,2017,1.841453,1.453182,1.348309,1.434839,1.611072,1.379179,1
427,Iceland,ISL,2018,1.843773,1.464315,1.40639,1.41555,1.719837,1.377631,2
428,Iceland,ISL,2019,1.708176,1.51794,1.639301,1.3731,1.767259,1.303974,3
429,Iceland,ISL,2020,1.699824,1.523776,1.394177,1.448037,1.79911,1.386304,4
430,India,IND,2016,-0.2821474,0.0749455,-0.9538398,-0.306505,-0.0289695,0.4409836,0
431,India,IND,2017,-0.2419506,0.0868715,-0.7648019,-0.2529919,-0.0012233,0.3870479,1
432,India,IND,2018,-0.1834787,0.2842539,-0.9870132,-0.2273288,0.0256504,0.3519836,2
433,India,IND,2019,-0.2540472,0.1708809,-0.7708004,-0.1609437,-0.0304647,0.2690398,3
434,India,IND,2020,-0.2448308,0.3865438,-0.8619818,-0.1377745,-0.0177096,0.1498907,4
435,Indonesia,IDN,2016,-0.3992099,0.0074111,-0.3729524,-0.1223439,-0.3448857,0.1679469,0
436,Indonesia,IDN,2017,-0.2548542,0.0383757,-0.4979034,-0.1051562,-0.349676,0.131601,1
437,Indonesia,IDN,2018,-0.2497392,0.1805828,-0.5459081,-0.1469696,-0.315493,0.1543517,2
438,Indonesia,IDN,2019,-0.4160329,0.1820512,-0.4934046,-0.0943936,-0.3424213,0.1321091,3
439,Indonesia,IDN,2020,-0.3974239,0.3691624,-0.5002089,0.0776586,-0.3387444,0.0996764,4
440,"Iran, Islamic Rep.",IRN,2016,-0.7112541,-0.1916113,-0.8130754,-1.229369,-0.6791943,-1.343026,0
441,"Iran, Islamic Rep.",IRN,2017,-0.8102323,-0.1960938,-0.934016,-1.198042,-0.6824429,-1.299892,1
442,"Iran, Islamic Rep.",IRN,2018,-0.9572915,-0.4326732,-1.347935,-1.375782,-0.6935208,-1.334078,2
443,"Iran, Islamic Rep.",IRN,2019,-1.047168,-0.5537257,-1.706922,-1.423213,-0.7496018,-1.38697,3
444,"Iran, Islamic Rep.",IRN,2020,-1.085447,-0.9893743,-1.667853,-1.458911,-0.8671182,-1.480663,4
445,Iraq,IRQ,2016,-1.386793,-1.267562,-2.313588,-1.125068,-1.6259,-1.015599,0
446,Iraq,IRQ,2017,-1.372427,-1.261061,-2.307103,-1.200509,-1.629295,-1.047284,1
447,Iraq,IRQ,2018,-1.394506,-1.30951,-2.528422,-1.167922,-1.753651,-1.004161,2
448,Iraq,IRQ,2019,-1.336654,-1.336643,-2.603781,-1.180387,-1.722623,-0.9644449,3
449,Iraq,IRQ,2020,-1.283775,-1.32672,-2.528343,-1.376893,-1.753684,-1.009963,4
450,Ireland,IRL,2016,1.692659,1.364627,0.8478189,1.740965,1.502176,1.291039,0
451,Ireland,IRL,2017,1.573725,1.306135,1.002435,1.588018,1.418789,1.294556,1
452,Ireland,IRL,2018,1.571588,1.416743,1.021112,1.627818,1.450442,1.284349,2
453,Ireland,IRL,2019,1.494599,1.291792,0.9663891,1.602042,1.383474,1.305089,3
454,Ireland,IRL,2020,1.566898,1.480219,0.9751874,1.473795,1.498885,1.39423,4
455,Israel,ISR,2016,1.186837,1.345055,-0.7945364,1.31263,1.072231,0.7866638,0
456,Israel,ISR,2017,0.8293291,1.388274,-0.887956,1.274343,1.024877,0.6972239,1
457,Israel,ISR,2018,0.7872222,1.206716,-0.9116703,1.24631,0.9940096,0.6214112,2
458,Israel,ISR,2019,0.8063501,1.325325,-0.7933716,1.281105,1.047764,0.6601397,3
459,Israel,ISR,2020,0.5657755,1.096137,-0.8282074,1.24164,0.9973904,0.6552317,4
460,Italy,ITA,2016,0.1159535,0.5785035,0.3694153,0.7105919,0.3939919,1.034976,0
461,Italy,ITA,2017,0.2109731,0.527819,0.3068212,0.7062215,0.3488251,0.9906023,1
462,Italy,ITA,2018,0.2476841,0.4415723,0.3423838,0.7260119,0.2688292,0.9533946,2
463,Italy,ITA,2019,0.2645699,0.4831744,0.4043851,0.9550502,0.3032814,0.9066437,3
464,Italy,ITA,2020,0.5389154,0.4003631,0.4400665,0.5030249,0.2409934,1.057024,4
465,Jamaica,JAM,2016,-0.1589583,0.4119149,0.3076839,0.1638434,-0.203386,0.6813211,0
466,Jamaica,JAM,2017,-0.1753761,0.4723314,0.3092474,0.1452674,-0.161473,0.6911505,1
467,Jamaica,JAM,2018,-0.1802417,0.5039046,0.432927,0.2019037,-0.2317268,0.5843438,2
468,Jamaica,JAM,2019,-0.0727176,0.4939841,0.3973095,0.1675474,-0.3124554,0.6142891,3
469,Jamaica,JAM,2020,-0.0074757,0.4144205,0.2707812,0.0893666,-0.2373807,0.6265474,4
470,Japan,JPN,2016,1.524966,1.821532,0.9829442,1.428122,1.421093,0.9836274,0
471,Japan,JPN,2017,1.525538,1.619905,1.112167,1.376554,1.57062,1.003693,1
472,Japan,JPN,2018,1.425326,1.674601,1.049072,1.342974,1.53421,0.9844933,2
473,Japan,JPN,2019,1.4672,1.586322,1.031847,1.32707,1.538249,0.9313421,3
474,Japan,JPN,2020,1.49587,1.596166,1.038876,1.353819,1.525137,0.9876988,4
475,"Jersey, Channel Islands",JEY,2016,1.140734,1.268496,1.318669,0.6987037,1.723742,1.279368,0
476,"Jersey, Channel Islands",JEY,2017,1.169131,1.265191,1.273878,0.6827301,1.726132,1.295541,1
477,"Jersey, Channel Islands",JEY,2018,1.102882,1.25849,1.264784,0.7143798,1.738521,1.271613,2
478,"Jersey, Channel Islands",JEY,2019,1.044043,1.237183,1.280697,0.9228272,1.746319,1.264411,3
479,"Jersey, Channel Islands",JEY,2020,1.034216,1.221135,1.336372,0.9422368,1.741479,1.289108,4
480,Jordan,JOR,2016,0.2653728,0.1335435,-0.4923984,0.0516795,0.3042523,-0.7111135,0
481,Jordan,JOR,2017,0.2495352,0.0935696,-0.4516253,0.0671736,0.2985938,-0.7210127,1
482,Jordan,JOR,2018,0.1505628,0.114904,-0.3888326,0.0274591,0.2318894,-0.7238086,2
483,Jordan,JOR,2019,0.1082933,0.098672,-0.2619681,0.034222,0.1442419,-0.6945903,3
484,Jordan,JOR,2020,0.0704442,0.1147702,-0.3221407,0.2255307,0.2124759,-0.7505696,4
485,Kazakhstan,KAZ,2016,-0.8165768,-0.0672612,0.0084575,-0.0997007,-0.4352354,-1.205579,0
486,Kazakhstan,KAZ,2017,-0.820714,0.0036757,0.0288013,0.1709108,-0.4140919,-1.247189,1
487,Kazakhstan,KAZ,2018,-0.4953896,0.0217261,-0.0452636,0.1237323,-0.4295568,-1.211343,2
488,Kazakhstan,KAZ,2019,-0.30519,0.1240962,-0.1684883,0.1369649,-0.4321694,-1.230227,3
489,Kazakhstan,KAZ,2020,-0.3914681,0.1555083,-0.2600716,0.1395519,-0.3961428,-1.18816,4
490,Kenya,KEN,2016,-0.8926454,-0.3251143,-1.354791,-0.3003297,-0.4406989,-0.1130232,0
491,Kenya,KEN,2017,-0.9550214,-0.3195153,-1.131922,-0.2316267,-0.4156587,-0.1977406,1
492,Kenya,KEN,2018,-0.8510734,-0.4115029,-1.184091,-0.2248414,-0.411006,-0.3804235,2
493,Kenya,KEN,2019,-0.7865493,-0.3833902,-1.101751,-0.2769634,-0.4542259,-0.3126482,3
494,Kenya,KEN,2020,-0.8553775,-0.3543688,-1.003641,-0.4419633,-0.5577266,-0.3399551,4
495,Kiribati,KIR,2016,0.2496047,-0.4339803,0.8732361,-0.8390459,0.2362976,1.004908,0
496,Kiribati,KIR,2017,0.3631015,-0.2675972,0.8814256,-0.8283504,0.4754284,1.047755,1
497,Kiribati,KIR,2018,0.3398819,-0.2469959,1.023675,-0.7787298,0.4763226,1.112811,2
498,Kiribati,KIR,2019,0.3708637,-0.2388186,1.128833,-0.6233603,0.7393795,1.065825,3
499,Kiribati,KIR,2020,0.4503273,-0.1362213,1.081049,-0.5734185,0.8797514,1.128981,4
500,"Korea, Dem. People's Rep.",PRK,2016,-1.439704,-1.626809,-0.6807607,-2.331718,-1.669889,-2.180352,0
501,"Korea, Dem. People's Rep.",PRK,2017,-1.480158,-1.671529,-0.5021606,-2.340901,-1.716182,-2.203244,1
502,"Korea, Dem. People's Rep.",PRK,2018,-1.564428,-1.575888,-0.347793,-2.360641,-1.634471,-2.212071,2
503,"Korea, Dem. People's Rep.",PRK,2019,-1.58845,-1.396965,-0.3175711,-2.396936,-1.651893,-2.207623,3
504,"Korea, Dem. People's Rep.",PRK,2020,-1.680005,-1.463741,-0.3980415,-2.339893,-1.603,-2.158605,4
505,"Korea, Rep.",KOR,2016,0.4569813,1.063653,0.163469,1.114325,1.160903,0.6415861,0
506,"Korea, Rep.",KOR,2017,0.4832031,1.075108,0.385621,1.107531,1.167174,0.7572567,1
507,"Korea, Rep.",KOR,2018,0.6063476,1.181159,0.6370728,1.102432,1.236651,0.7868221,2
508,"Korea, Rep.",KOR,2019,0.7374385,1.376088,0.5512064,1.069908,1.194278,0.7514849,3
509,"Korea, Rep.",KOR,2020,0.7280666,1.415869,0.5591969,1.033297,1.183163,0.8158123,4
510,Kosovo,XKX,2016,-0.4146265,-0.4174704,-0.282407,-0.1888688,-0.3503119,-0.148765,0
511,Kosovo,XKX,2017,-0.5077723,-0.3990432,-0.2460999,-0.1341557,-0.4250557,-0.1155046,1
512,Kosovo,XKX,2018,-0.5128755,-0.4239178,-0.673299,-0.3233016,-0.3712626,-0.1445212,2
513,Kosovo,XKX,2019,-0.5264361,-0.3498967,-0.3316903,-0.3465151,-0.3928607,-0.1154135,3
514,Kosovo,XKX,2020,-0.4463966,-0.3188467,-0.3075437,-0.2945844,-0.3857102,-0.1644618,4
515,Kuwait,KWT,2016,-0.2680979,-0.1637339,-0.0496832,-0.073882,0.0278456,-0.6289104,0
516,Kuwait,KWT,2017,-0.3297042,-0.1752014,-0.0458655,-0.0605019,0.103409,-0.6070536,1
517,Kuwait,KWT,2018,-0.2882378,-0.0900602,0.1015981,0.0255093,0.210846,-0.6103786,2
518,Kuwait,KWT,2019,-0.1321924,0.0182124,0.1926405,0.06495,0.2156609,-0.655255,3
519,Kuwait,KWT,2020,-0.064645,-0.1582288,0.23795,0.2879493,0.3317031,-0.6801625,4
520,Kyrgyz Republic,KGZ,2016,-1.079152,-0.8957096,-0.6468619,-0.3526321,-1.023083,-0.4186765,0
521,Kyrgyz Republic,KGZ,2017,-1.056221,-0.7085057,-0.375253,-0.3495833,-0.9245595,-0.4308959,1
522,Kyrgyz Republic,KGZ,2018,-0.9493044,-0.6072606,-0.5388672,-0.3527106,-0.9044659,-0.3572986,2
523,Kyrgyz Republic,KGZ,2019,-0.9495352,-0.6816202,-0.2417716,-0.3474807,-0.8861678,-0.4542003,3
524,Kyrgyz Republic,KGZ,2020,-1.110902,-0.5401577,-0.4277135,-0.4046249,-0.9265748,-0.5941642,4
525,Lao PDR,LAO,2016,-0.952299,-0.3983734,0.5322913,-0.7248681,-0.7960193,-1.759197,0
526,Lao PDR,LAO,2017,-0.9369708,-0.3854913,0.3966877,-0.7200474,-0.8810804,-1.751465,1
527,Lao PDR,LAO,2018,-0.9758381,-0.6694068,0.4081254,-0.7734566,-0.8390376,-1.752665,2
528,Lao PDR,LAO,2019,-1.05815,-0.7853428,0.5163149,-0.7129982,-0.9408555,-1.816531,3
529,Lao PDR,LAO,2020,-1.068325,-0.7660105,0.6778482,-0.8009471,-0.8496245,-1.795886,4
530,Latvia,LVA,2016,0.4312085,1.004884,0.4790692,1.080243,0.9590222,0.8425509,0
531,Latvia,LVA,2017,0.5382369,0.9060058,0.4622171,1.157015,0.9347311,0.7974426,1
532,Latvia,LVA,2018,0.3294219,1.041863,0.4073735,1.142373,0.9570854,0.7824228,2
533,Latvia,LVA,2019,0.5117261,1.104713,0.4434652,1.192789,1.014091,0.8571491,3
534,Latvia,LVA,2020,0.7226007,0.8822721,0.4600297,1.187873,0.9567372,0.8720494,4
535,Lebanon,LBN,2016,-0.9650525,-0.5386534,-1.618973,-0.3431615,-0.8306962,-0.5196985,0
536,Lebanon,LBN,2017,-1.000149,-0.5159393,-1.627562,-0.3062975,-0.8235857,-0.5761529,1
537,Lebanon,LBN,2018,-1.098323,-0.7181444,-1.629085,-0.3667725,-0.7975594,-0.5197493,2
538,Lebanon,LBN,2019,-1.13634,-0.8334518,-1.672521,-0.425267,-0.8583319,-0.5154753,3
539,Lebanon,LBN,2020,-1.145127,-1.169724,-1.645608,-0.6311523,-0.9043815,-0.5581721,4
540,Lesotho,LSO,2016,-0.0224305,-0.8019623,-0.2364652,-0.3875899,-0.1684017,-0.012435,0
541,Lesotho,LSO,2017,-0.0346408,-0.851104,-0.1866985,-0.320848,-0.2799313,-0.0085785,1
542,Lesotho,LSO,2018,-0.0977979,-0.857762,-0.1785933,-0.5002583,-0.3346602,0.0013654,2
543,Lesotho,LSO,2019,-0.048972,-0.8326482,-0.4215104,-0.5353864,-0.3802158,0.0059878,3
544,Lesotho,LSO,2020,-0.0859292,-0.9123116,-0.334338,-0.5658796,-0.4566434,0.0023245,4
545,Liberia,LBR,2016,-0.7214805,-1.278961,-0.4374078,-0.9484934,-0.9453741,-0.1044029,0
546,Liberia,LBR,2017,-0.6652668,-1.334823,-0.333085,-0.9444501,-0.949563,0.0455138,1
547,Liberia,LBR,2018,-0.849687,-1.33557,-0.2117113,-0.9590582,-0.9896947,-0.0278313,2
548,Liberia,LBR,2019,-0.8906205,-1.374943,-0.3314337,-0.9789841,-0.9952623,-0.0721408,3
549,Liberia,LBR,2020,-0.8733276,-1.409893,-0.3696544,-1.002027,-1.025773,-0.0758209,4
550,Libya,LBY,2016,-1.6265,-1.891865,-2.28333,-2.274461,-1.817025,-1.430081,0
551,Libya,LBY,2017,-1.590597,-1.773762,-2.362226,-2.214244,-1.785457,-1.44333,1
552,Libya,LBY,2018,-1.550889,-1.850327,-2.444217,-2.28391,-1.785743,-1.537514,2
553,Libya,LBY,2019,-1.602725,-1.922291,-2.568074,-2.347087,-1.84853,-1.474824,3
554,Libya,LBY,2020,-1.620082,-2.009433,-2.47725,-2.321581,-1.969586,-1.382527,4
555,Liechtenstein,LIE,2016,2.042684,1.705361,1.477927,1.372598,1.688802,1.250354,0
556,Liechtenstein,LIE,2017,2.059929,1.767772,1.481363,1.496659,1.678719,1.279127,1
557,Liechtenstein,LIE,2018,2.007752,1.737858,1.475574,1.529928,1.67814,1.285558,2
558,Liechtenstein,LIE,2019,1.968458,1.696419,1.615636,1.540941,1.679649,1.229754,3
559,Liechtenstein,LIE,2020,1.997708,1.824068,1.698112,1.624495,1.763238,1.263847,4
560,Lithuania,LTU,2016,0.7138903,1.069675,0.82828,1.136219,1.029407,1.000032,0
561,Lithuania,LTU,2017,0.5561545,0.9675964,0.7757972,1.15865,0.9961067,0.9865081,1
562,Lithuania,LTU,2018,0.4986132,1.070827,0.7410422,1.101966,0.9574602,0.8916961,2
563,Lithuania,LTU,2019,0.6983815,1.043069,0.7798127,1.157465,1.023039,0.9963757,3
564,Lithuania,LTU,2020,0.8082245,1.05881,0.8669418,1.088133,0.9938994,1.007341,4
565,Luxembourg,LUX,2016,2.09683,1.69186,1.419485,1.722079,1.760503,1.500275,0
566,Luxembourg,LUX,2017,1.988933,1.685967,1.326013,1.694264,1.742432,1.521881,1
567,Luxembourg,LUX,2018,2.087758,1.777066,1.362696,1.757189,1.810989,1.530788,2
568,Luxembourg,LUX,2019,2.112312,1.733296,1.349191,1.70002,1.793767,1.493552,3
569,Luxembourg,LUX,2020,2.057724,1.842216,1.233051,1.842214,1.794463,1.502643,4
570,"Macao SAR, China",MAC,2016,0.8462322,1.181818,1.417062,1.781477,0.855765,-0.0613461,0
571,"Macao SAR, China",MAC,2017,0.6444919,1.383404,1.430736,1.759938,0.85168,-0.0545626,1
572,"Macao SAR, China",MAC,2018,0.7163699,1.202872,1.253313,1.612415,1.009867,-0.0755824,2
573,"Macao SAR, China",MAC,2019,0.7046384,1.169075,1.238523,1.627207,0.9189487,-0.3249116,3
574,"Macao SAR, China",MAC,2020,0.8041035,1.129532,1.154982,1.737686,0.8489459,-0.2872309,4
575,Madagascar,MDG,2016,-0.9071575,-1.167774,-0.2900946,-0.6897418,-0.8136014,-0.3154095,0
576,Madagascar,MDG,2017,-1.050658,-1.135797,-0.3012818,-0.6926262,-0.8593844,-0.3442534,1
577,Madagascar,MDG,2018,-0.9992472,-1.150132,-0.5794187,-0.7339826,-0.813552,-0.3278802,2
578,Madagascar,MDG,2019,-1.01278,-1.142615,-0.3206965,-0.7298915,-1.008889,-0.2430632,3
579,Madagascar,MDG,2020,-0.9716038,-1.001948,-0.4554836,-0.7433639,-0.8828606,-0.2750431,4
580,Malawi,MWI,2016,-0.7565478,-0.7261133,-0.1134786,-0.8448486,-0.3754695,-0.0292566,0
581,Malawi,MWI,2017,-0.6589844,-0.6580487,-0.251164,-0.7469076,-0.3730442,-0.0300397,1
582,Malawi,MWI,2018,-0.7400823,-0.7272929,-0.4323802,-0.6789179,-0.3782848,-0.0827839,2
583,Malawi,MWI,2019,-0.7845694,-0.7496988,-0.2801754,-0.7013465,-0.3310178,-0.1179386,3
584,Malawi,MWI,2020,-0.395084,-0.7944295,-0.2371846,-0.7217206,-0.2671367,-0.034748,4
585,Malaysia,MYS,2016,0.09614,0.8654159,0.1368246,0.7117952,0.4991277,-0.4169864,0
586,Malaysia,MYS,2017,0.0590311,0.8348417,0.1164103,0.7246627,0.4976971,-0.3988987,1
587,Malaysia,MYS,2018,0.3161213,1.075026,0.2515688,0.6988706,0.6233432,-0.1071984,2
588,Malaysia,MYS,2019,0.2520592,0.9974676,0.1438768,0.6732683,0.5916137,-0.0490037,3
589,Malaysia,MYS,2020,0.2494959,1.041389,0.1216756,0.7720808,0.6586787,-0.148041,4
590,Maldives,MDV,2016,-0.666067,-0.3215832,0.4209928,-0.457905,-0.4077393,-0.7330201,0
591,Maldives,MDV,2017,-0.7923263,-0.4604082,0.2320411,-0.4215108,-0.6224615,-0.7411916,1
592,Maldives,MDV,2018,-0.8770269,-0.4691004,0.0897951,-0.4773244,-0.5461846,-0.6811517,2
593,Maldives,MDV,2019,-0.2628275,-0.1961802,0.0320022,-0.4793369,-0.4102152,-0.4633412,3
594,Maldives,MDV,2020,-0.3392963,-0.1140211,0.4120386,-0.4917062,-0.3330472,-0.3303811,4
595,Mali,MLI,2016,-0.6546673,-0.992825,-1.617233,-0.5908752,-0.7823546,-0.231505,0
596,Mali,MLI,2017,-0.6438546,-0.9337433,-1.906901,-0.5714288,-0.7780491,-0.2511968,1
597,Mali,MLI,2018,-0.6985629,-1.003172,-2.088723,-0.5553012,-0.797424,-0.3333918,2
598,Mali,MLI,2019,-0.6989095,-1.056115,-2.201104,-0.5732464,-0.8342971,-0.4356304,3
599,Mali,MLI,2020,-0.7787145,-1.15448,-2.147444,-0.6080129,-0.9234388,-0.7305844,4
600,Malta,MLT,2016,0.7212987,0.9554117,1.080441,1.156792,0.9978037,1.196372,0
601,Malta,MLT,2017,0.7422087,1.006662,1.249405,1.284921,1.147332,1.171127,1
602,Malta,MLT,2018,0.5806578,0.9671637,1.283979,1.336544,1.054074,1.090269,2
603,Malta,MLT,2019,0.2399035,0.8581186,1.024583,0.9557325,0.9523847,1.081705,3
604,Malta,MLT,2020,0.3712346,1.039465,0.9510368,1.219251,0.9162602,1.1215,4
605,Marshall Islands,MHL,2016,-0.0510468,-1.56623,0.2077492,-0.9765467,-0.0982721,1.191461,0
606,Marshall Islands,MHL,2017,-0.0533027,-1.530098,0.8745483,-1.028267,0.092149,1.189854,1
607,Marshall Islands,MHL,2018,-0.0780323,-1.485737,0.7296695,-1.156026,-0.0482662,0.9293782,2
608,Marshall Islands,MHL,2019,-0.0471655,-1.471939,0.755262,-1.117219,-0.0309545,1.129077,3
609,Marshall Islands,MHL,2020,-0.027704,-1.406187,0.5895172,-1.103951,0.0045259,1.136699,4
610,Martinique,MTQ,2016,1.228804,0.796841,0.9996701,1.23882,0.8654476,0.0,0
611,Martinique,MTQ,2017,1.245126,1.113619,1.001911,1.209727,0.8736399,0.0,1
612,Martinique,MTQ,2018,1.239041,1.107289,0.9761723,1.193258,0.876514,0.0,2
613,Martinique,MTQ,2019,1.234696,1.088741,0.7732932,1.228282,0.6006506,0.0,3
614,Martinique,MTQ,2020,0.6787988,0.9790366,0.628841,0.9409034,0.6886193,0.0,4
615,Mauritania,MRT,2016,-0.7390987,-0.772055,-0.7469677,-0.7430018,-0.7266173,-0.7726986,0
616,Mauritania,MRT,2017,-0.7546754,-0.7247853,-0.6269363,-0.774446,-0.6009516,-0.7999724,1
617,Mauritania,MRT,2018,-0.8045963,-0.7268553,-0.6292259,-0.8109413,-0.6840196,-0.8730026,2
618,Mauritania,MRT,2019,-0.861761,-0.4983791,-0.5687606,-0.7590866,-0.5825586,-0.7999771,3
619,Mauritania,MRT,2020,-0.805144,-0.7722083,-0.75134,-0.8073273,-0.5869273,-0.8404648,4
620,Mauritius,MUS,2016,0.203452,0.9607887,1.013187,1.029757,0.7516838,0.8200555,0
621,Mauritius,MUS,2017,0.2422777,0.9236993,0.9711304,1.028536,0.7352318,0.7901566,1
622,Mauritius,MUS,2018,0.2681797,0.873037,0.8687,1.018246,0.7786068,0.7289586,2
623,Mauritius,MUS,2019,0.2955124,0.8703991,0.8092755,0.9961087,0.7642585,0.7807095,3
624,Mauritius,MUS,2020,0.4738657,0.8660755,0.8893682,1.126,0.9225383,0.7444666,4
625,Mexico,MEX,2016,-0.7194722,0.1316671,-0.6290694,0.2871219,-0.5563735,-0.0675288,0
626,Mexico,MEX,2017,-0.8388868,0.0510241,-0.7974465,0.2787054,-0.5586059,-0.077843,1
627,Mexico,MEX,2018,-0.8548902,-0.1576219,-0.648208,0.1582261,-0.6365064,-0.0166965,2
628,Mexico,MEX,2019,-0.8269345,-0.156787,-0.8369034,0.1037782,-0.6580054,0.0079715,3
629,Mexico,MEX,2020,-0.8476247,-0.1550609,-0.8500293,0.0767781,-0.670108,-0.0355823,4
630,"Micronesia, Fed. Sts.",FSM,2016,0.6546528,-0.3351288,1.057582,-0.9661163,-0.050868,1.147597,0
631,"Micronesia, Fed. Sts.",FSM,2017,0.7213003,0.0467935,1.178782,-0.9869629,-0.0229299,1.146132,1
632,"Micronesia, Fed. Sts.",FSM,2018,0.7007195,-0.1060019,1.168875,-0.9650339,-0.0299164,1.112811,2
633,"Micronesia, Fed. Sts.",FSM,2019,0.7507071,-0.1926782,1.108845,-0.9604086,0.0246855,1.146457,3
634,"Micronesia, Fed. Sts.",FSM,2020,0.8805574,-0.0826501,1.075389,-0.9548313,0.0900509,1.128635,4
635,Moldova,MDA,2016,-0.9515415,-0.6270108,-0.3035599,-0.1148862,-0.4951432,-0.0090996,0
636,Moldova,MDA,2017,-0.7984232,-0.5249389,-0.3189894,-0.0374159,-0.4170845,-0.0167025,1
637,Moldova,MDA,2018,-0.7188478,-0.4668742,-0.4044816,-0.0308212,-0.4115042,-0.116711,2
638,Moldova,MDA,2019,-0.6431275,-0.3837529,-0.3932399,0.0097272,-0.3727618,-0.1000074,3
639,Moldova,MDA,2020,-0.5742558,-0.4556413,-0.4173256,0.0425393,-0.410875,-0.0474039,4
640,Monaco,MCO,2016,0.0,0.0,1.014577,0.0,0.0,0.8368907,0
641,Monaco,MCO,2017,0.0,0.0,1.630338,0.0,0.0,0.8364292,1
642,Monaco,MCO,2018,0.0,0.0,1.608017,0.0,0.0,0.6311111,2
643,Monaco,MCO,2019,0.0,0.0,1.57937,0.0,0.0,0.6580359,3
644,Monaco,MCO,2020,0.0,0.0,0.87713,0.0,0.0,0.6734195,4
645,Mongolia,MNG,2016,-0.4870812,-0.0982263,0.7977929,-0.0763125,-0.2203148,0.3327664,0
646,Mongolia,MNG,2017,-0.454145,-0.2675595,0.7889858,-0.1161962,-0.306502,0.293299,1
647,Mongolia,MNG,2018,-0.4238776,-0.2292289,0.8336846,0.0233944,-0.2673786,0.2365272,2
648,Mongolia,MNG,2019,-0.4290292,-0.1954342,0.6343787,-0.0118551,-0.2661898,0.3237541,3
649,Mongolia,MNG,2020,-0.463969,-0.3437614,0.793758,-0.0923367,-0.263761,0.3791947,4
650,Montenegro,MNE,2016,-0.099121,0.131162,0.2766306,0.2244326,-0.0057706,0.0760475,0
651,Montenegro,MNE,2017,-0.090844,0.1672547,-0.0577443,0.298581,0.0051818,0.1241949,1
652,Montenegro,MNE,2018,0.0237472,0.1326951,0.0442785,0.3540395,0.1000398,0.0543081,2
653,Montenegro,MNE,2019,0.008084,0.1554429,0.0676736,0.364373,0.0962938,0.0247781,3
654,Montenegro,MNE,2020,-0.0030923,-0.0150124,-0.0026279,0.3970378,0.0590738,0.042153,4
655,Morocco,MAR,2016,-0.1296134,-0.1064113,-0.3125735,-0.2349505,-0.1584222,-0.6204771,0
656,Morocco,MAR,2017,-0.1428196,-0.1932489,-0.3739875,-0.2271556,-0.1665348,-0.6677755,1
657,Morocco,MAR,2018,-0.2204364,-0.2106368,-0.3452106,-0.2858383,-0.1380237,-0.680169,2
658,Morocco,MAR,2019,-0.2890898,-0.1194802,-0.3398933,-0.2115421,-0.1353823,-0.6473094,3
659,Morocco,MAR,2020,-0.3515292,-0.0301266,-0.326688,-0.1172722,-0.0884053,-0.6086332,4
660,Mozambique,MOZ,2016,-0.8748634,-0.8631648,-1.094005,-0.7045604,-1.051538,-0.41531,0
661,Mozambique,MOZ,2017,-0.8344449,-0.8870086,-0.9286562,-0.7280922,-0.9862705,-0.4208303,1
662,Mozambique,MOZ,2018,-0.7770854,-0.875317,-0.8245641,-0.7524768,-1.041748,-0.4933277,2
663,Mozambique,MOZ,2019,-0.8072244,-0.8230483,-0.749242,-0.7245978,-1.020236,-0.5429916,3
664,Mozambique,MOZ,2020,-0.7205738,-0.7244258,-1.16108,-0.6904809,-1.022154,-0.6013488,4
665,Myanmar,MMR,2016,-0.6210097,-0.9763568,-0.8046199,-0.8683162,-0.8871843,-0.7967733,0
666,Myanmar,MMR,2017,-0.565286,-1.046625,-1.084839,-0.8298815,-0.9440181,-0.8646715,1
667,Myanmar,MMR,2018,-0.5807476,-1.065393,-1.268853,-0.7480327,-1.033026,-0.9051722,2
668,Myanmar,MMR,2019,-0.614939,-1.14944,-1.328067,-0.7607889,-1.063034,-0.8572587,3
669,Myanmar,MMR,2020,-0.6537105,-0.9965181,-1.513142,-0.6322959,-1.17882,-0.9443119,4
670,Namibia,NAM,2016,0.3329011,0.1670501,0.7100897,-0.1359364,0.3626263,0.5842416,0
671,Namibia,NAM,2017,0.3146573,0.1956041,0.6283516,-0.1885961,0.2329533,0.5518577,1
672,Namibia,NAM,2018,0.3581539,0.0886441,0.6915024,-0.1155679,0.283602,0.458029,2
673,Namibia,NAM,2019,0.3551571,0.0959153,0.5296495,-0.1093711,0.3104669,0.5160421,3
674,Namibia,NAM,2020,0.3200082,0.0499711,0.6464528,-0.1089674,0.2980359,0.5633129,4
675,Nauru,NRU,2016,-0.4280255,-0.6884593,0.5790772,-0.3848716,-0.7754999,0.5079076,0
676,Nauru,NRU,2017,-0.4712846,-0.4331815,0.5188398,-1.096113,-0.7277977,0.5085089,1
677,Nauru,NRU,2018,-0.5525867,-0.0789918,0.7876214,-0.1430661,-0.6907547,0.4369614,2
678,Nauru,NRU,2019,-0.4486384,-0.1297272,0.7728432,-0.0331743,-0.7639237,0.4707053,3
679,Nauru,NRU,2020,-0.4629044,-0.0764715,0.9350108,0.1107325,-0.7466934,0.4261846,4
680,Nepal,NPL,2016,-0.7997717,-0.8265509,-0.846812,-0.7645323,-0.795664,-0.2514143,0
681,Nepal,NPL,2017,-0.7522711,-0.8836535,-0.6106943,-0.71452,-0.677187,-0.2036085,1
682,Nepal,NPL,2018,-0.6708352,-0.8982426,-0.5617288,-0.7379818,-0.4775418,-0.1357345,2
683,Nepal,NPL,2019,-0.6739821,-1.045521,-0.4538026,-0.7012125,-0.5353847,-0.1511171,3
684,Nepal,NPL,2020,-0.5777507,-0.9444261,-0.1973841,-0.6962198,-0.4909703,-0.0885782,4
685,Netherlands,NLD,2016,1.903791,1.85656,0.9122675,1.976167,1.887037,1.540341,0
686,Netherlands,NLD,2017,1.791991,1.854931,0.9211125,2.050719,1.801337,1.495971,1
687,Netherlands,NLD,2018,1.927847,1.850402,0.8542672,2.019616,1.786829,1.487597,2
688,Netherlands,NLD,2019,1.906103,1.803272,0.8475496,1.861228,1.77776,1.485456,3
689,Netherlands,NLD,2020,2.033416,1.853356,0.8503547,1.753378,1.759825,1.526045,4
690,Netherlands Antilles,ANT,2016,0.0,0.0,0.0,0.0,0.0,0.0,0
691,Netherlands Antilles,ANT,2017,0.0,0.0,0.0,0.0,0.0,0.0,1
692,Netherlands Antilles,ANT,2018,0.0,0.0,0.0,0.0,0.0,0.0,2
693,Netherlands Antilles,ANT,2019,0.0,0.0,0.0,0.0,0.0,0.0,3
694,Netherlands Antilles,ANT,2020,0.0,0.0,0.0,0.0,0.0,0.0,4
695,New Zealand,NZL,2016,2.283908,1.842496,1.519183,2.038275,1.95464,1.533283,0
696,New Zealand,NZL,2017,2.244731,1.769038,1.595223,2.09194,1.927889,1.558655,1
697,New Zealand,NZL,2018,2.174655,1.669032,1.533905,2.006682,1.876398,1.589525,2
698,New Zealand,NZL,2019,2.170174,1.670557,1.411302,1.881057,1.885101,1.535292,3
699,New Zealand,NZL,2020,2.150458,1.589406,1.486,1.877044,1.883367,1.596883,4
700,Nicaragua,NIC,2016,-0.8713118,-0.6887094,-0.0887977,-0.5067052,-0.6444019,-0.680073,0
701,Nicaragua,NIC,2017,-0.8721152,-0.6272182,-0.0488942,-0.6706238,-0.6461701,-0.7177669,1
702,Nicaragua,NIC,2018,-1.08738,-0.8029793,-0.9523925,-0.7042721,-1.057517,-1.100828,2
703,Nicaragua,NIC,2019,-1.096854,-0.7708514,-1.004794,-0.6889327,-1.175733,-1.09542,3
704,Nicaragua,NIC,2020,-1.249458,-0.7140198,-0.6496124,-0.6596352,-1.217995,-1.097209,4
705,Niger,NER,2016,-0.6440736,-0.6336225,-1.103307,-0.6713569,-0.6612533,-0.4192002,0
706,Niger,NER,2017,-0.6648608,-0.7034824,-1.265764,-0.6779783,-0.6820633,-0.4280417,1
707,Niger,NER,2018,-0.5763018,-0.7629804,-1.364558,-0.638694,-0.579003,-0.6036806,2
708,Niger,NER,2019,-0.5629889,-0.8012532,-1.410087,-0.6683207,-0.5327945,-0.5861695,3
709,Niger,NER,2020,-0.6588671,-0.617085,-1.742846,-0.7429972,-0.547357,-0.516928,4
710,Nigeria,NGA,2016,-1.024854,-1.087596,-1.87771,-0.9188931,-1.017473,-0.319409,0
711,Nigeria,NGA,2017,-1.078973,-1.01082,-1.999155,-0.8839844,-0.8708053,-0.3400025,1
712,Nigeria,NGA,2018,-1.051078,-1.018126,-2.101823,-0.804415,-0.8801294,-0.4307562,2
713,Nigeria,NGA,2019,-1.101318,-1.088863,-1.920183,-0.8609191,-0.8980616,-0.4345323,3
714,Nigeria,NGA,2020,-1.09688,-1.029475,-1.859349,-0.9626663,-0.8124883,-0.5851821,4
715,Niue,NIU,2016,0.0,0.0,0.6277127999999998,0.0,0.0,1.8762119999999998,0
716,Niue,NIU,2017,0.0,0.0,0.8084410999999999,0.0,0.0,1.6964439999999998,1
717,Niue,NIU,2018,0.0,0.0,0.9891694,0.0,0.0,1.516676,2
718,Niue,NIU,2019,0.0,0.0,1.326901,0.0,0.0,1.325362,3
719,Niue,NIU,2020,0.0,0.0,1.350626,0.0,0.0,1.15714,4
720,North Macedonia,MKD,2016,-0.2851689,0.1035546,-0.3512047,0.4409401,-0.2776906,-0.2349834,0
721,North Macedonia,MKD,2017,-0.309682,0.1445076,-0.2543324,0.5044911,-0.2464661,-0.1389609,1
722,North Macedonia,MKD,2018,-0.3697799,0.1981912,-0.2087288,0.5655299,-0.245655,-0.0333297,2
723,North Macedonia,MKD,2019,-0.388858,-0.002664,0.0043563,0.5084947,-0.2431617,-0.0185322,3
724,North Macedonia,MKD,2020,-0.4226768,0.1382582,0.0983495,0.5077904,-0.0647446,0.055545,4
725,Norway,NOR,2016,2.196553,1.868862,1.200074,1.697963,2.036518,1.664908,0
726,Norway,NOR,2017,2.24039,1.986278,1.170479,1.816498,2.025476,1.694412,1
727,Norway,NOR,2018,2.089908,1.886028,1.141179,1.790837,1.965735,1.69625,2
728,Norway,NOR,2019,2.073593,1.861935,1.170565,1.8042,1.9853,1.655281,3
729,Norway,NOR,2020,2.099985,1.936734,1.248287,1.698057,1.983865,1.725093,4
730,Oman,OMN,2016,0.339559,0.1916907,0.760053,0.6104661,0.4078831,-1.054357,0
731,Oman,OMN,2017,0.2498263,0.1945709,0.7543823,0.422777,0.4349831,-1.061665,1
732,Oman,OMN,2018,0.2470057,0.1844854,0.6477199,0.1731074,0.4649602,-1.044274,2
733,Oman,OMN,2019,0.4526003,0.2590411,0.5875344,0.2924988,0.5544669,-1.154326,3
734,Oman,OMN,2020,0.2311826,0.1418495,0.3737737,0.4590778,0.6204309,-1.145927,4
735,Pakistan,PAK,2016,-0.8753213,-0.6534616,-2.483173,-0.6395842,-0.8045743,-0.699441,0
736,Pakistan,PAK,2017,-0.779681,-0.596828,-2.406306,-0.5919536,-0.7241798,-0.6934352,1
737,Pakistan,PAK,2018,-0.785426,-0.6311114,-2.269401,-0.6377932,-0.6735412,-0.8190891,2
738,Pakistan,PAK,2019,-0.8666273,-0.6771356,-2.265187,-0.6441157,-0.6674315,-0.8628094,3
739,Pakistan,PAK,2020,-0.8403147,-0.5459959,-1.853356,-0.7166667,-0.6917597,-0.8801562,4
740,Palau,PLW,2016,-0.4280255,-0.4018162,0.9504054,-0.17747,0.3240755,1.213394,0
741,Palau,PLW,2017,-0.4712846,-0.2280606,0.8745483,-0.5965419,0.2858942,1.211716,1
742,Palau,PLW,2018,-0.5525867,-0.0143339,0.8498075,-0.0574309,0.3066581,1.112811,2
743,Palau,PLW,2019,-0.4486384,-0.0456735,0.8770632,-0.0075199,0.3144668,1.065452,3
744,Palau,PLW,2020,-0.4629044,-0.0465997,0.8887936,0.0600498,-0.1902315,1.080369,4
745,Panama,PAN,2016,-0.4946144,0.1854768,0.4114301,0.3606293,0.0494793,0.5239984,0
746,Panama,PAN,2017,-0.5425075,0.0157372,0.389817,0.3875535,0.0317585,0.5194804,1
747,Panama,PAN,2018,-0.5531593,-0.0161535,0.2609004,0.3578646,-0.0919927,0.5434304,2
748,Panama,PAN,2019,-0.5822327,0.0645118,0.3036199,0.3612367,-0.1187436,0.5951817,3
749,Panama,PAN,2020,-0.5141932,0.0715803,0.2297324,0.3191189,-0.2077735,0.5704456,4
750,Papua New Guinea,PNG,2016,-0.9332389,-0.7375593,-0.5047721,-0.5559897,-0.7766212,0.1584232,0
751,Papua New Guinea,PNG,2017,-0.9014524,-0.6654483,-0.6978666,-0.651908,-0.823908,0.1328718,1
752,Papua New Guinea,PNG,2018,-0.8735843,-0.6704652,-0.6772177,-0.5347608,-0.7689355,0.0567654,2
753,Papua New Guinea,PNG,2019,-0.9914853,-0.8091748,-0.6973711,-0.5426779,-0.8012539,0.0933476,3
754,Papua New Guinea,PNG,2020,-0.5739502,-0.8467313,-0.7393168,-0.6815091,-0.7197714,0.0286327,4
755,Paraguay,PRY,2016,-0.7095437,-0.7924384,0.1417897,-0.2999762,-0.7299343,-0.0631443,0
756,Paraguay,PRY,2017,-0.7041839,-0.8088629,0.001771,-0.3021692,-0.7051968,-0.0437271,1
757,Paraguay,PRY,2018,-0.8349028,-0.5197215,-0.0797712,-0.0753872,-0.5235263,0.0295726,2
758,Paraguay,PRY,2019,-0.8308774,-0.5343443,-0.0103485,-0.2042026,-0.5564749,0.0582158,3
759,Paraguay,PRY,2020,-0.8706585,-0.4658506,0.0151681,-0.2023511,-0.4150999,0.0662908,4
760,Peru,PER,2016,-0.3672633,-0.1788173,-0.2017269,0.5083464,-0.4821758,0.2689729,0
761,Peru,PER,2017,-0.4985409,-0.1301121,-0.2595458,0.4183767,-0.5033391,0.2744299,1
762,Peru,PER,2018,-0.5298323,-0.2468995,-0.2704434,0.49744,-0.5290633,0.2022388,2
763,Peru,PER,2019,-0.4528491,-0.0678705,-0.152365,0.5636055,-0.4871095,0.2613717,3
764,Peru,PER,2020,-0.4895027,-0.2374633,-0.2868988,0.5264729,-0.3429749,0.2190309,4
765,Philippines,PHL,2016,-0.4881241,-0.0104617,-1.379819,-0.0041014,-0.3550694,0.1634221,0
766,Philippines,PHL,2017,-0.476546,-0.0546969,-1.18508,0.019665,-0.417701,0.0841495,1
767,Philippines,PHL,2018,-0.5422267,0.0531931,-1.092062,-0.0615247,-0.4749934,0.0136249,2
768,Philippines,PHL,2019,-0.5730505,0.0520084,-0.9151124,0.0083691,-0.4769835,0.0065084,3
769,Philippines,PHL,2020,-0.4816633,0.0608745,-0.7937949,0.0299304,-0.5518214,-0.1036209,4
770,Poland,POL,2016,0.7813226,0.6533463,0.507242,0.9519957,0.6099276,0.8441846,0
771,Poland,POL,2017,0.7294688,0.5678334,0.5183783,0.881161,0.4414217,0.775966,1
772,Poland,POL,2018,0.6541066,0.5629848,0.4925416,0.9425502,0.4204909,0.7007455,2
773,Poland,POL,2019,0.6421292,0.534801,0.5636535,1.013399,0.4312604,0.6731718,3
774,Poland,POL,2020,0.6507944,0.3764992,0.5743839,0.8859966,0.5398862,0.6171156,4
775,Portugal,PRT,2016,0.8978634,1.18345,0.9740514,0.844399,1.074871,1.157669,0
776,Portugal,PRT,2017,0.8611922,1.333176,1.118587,0.9111117,1.138645,1.198198,1
777,Portugal,PRT,2018,0.8402586,1.218545,1.129285,0.8849584,1.142829,1.167727,2
778,Portugal,PRT,2019,0.7784246,1.168682,1.066231,0.9698351,1.138518,1.196466,3
779,Portugal,PRT,2020,0.7510967,1.023436,1.026339,0.8331245,1.183432,1.260278,4
780,Puerto Rico,PRI,2016,0.0351422,0.3954151,0.689354,0.9498481,0.6593824,0.4102972,0
781,Puerto Rico,PRI,2017,0.1400786,-0.0988716,0.4847353,0.8722246,0.6252677,0.4922182,1
782,Puerto Rico,PRI,2018,0.0411964,-0.159219,0.2777765,0.9458223,0.5869438,0.4632958,2
783,Puerto Rico,PRI,2019,0.0136583,-0.1645184,0.1380345,0.7320309,0.5874102,0.4697495,3
784,Puerto Rico,PRI,2020,0.0164234,-0.2595392,0.4316497,0.793277,0.6325482,0.5009385,4
785,Qatar,QAT,2016,0.9008223,0.7351737,0.9002346,0.6959444,0.7942954,-1.151067,0
786,Qatar,QAT,2017,0.7364429,0.742582,0.6611612,0.4202242,0.7264165,-1.176477,1
787,Qatar,QAT,2018,0.7255781,0.6294053,0.6635707,0.5984121,0.7347725,-1.210584,2
788,Qatar,QAT,2019,0.8493823,0.7049138,0.7001042,0.6793981,0.7344219,-1.307918,3
789,Qatar,QAT,2020,0.7839146,0.9082767,0.6707044,0.8512264,1.000929,-1.287635,4
790,Reunion,REU,2016,0.6408444,1.06265,0.3168583,1.23882,1.102981,0.0,0
791,Reunion,REU,2017,0.6463867,1.113619,0.3198934,1.209727,1.117699,0.0,1
792,Reunion,REU,2018,0.6324254,1.107289,0.2596771,1.193258,1.12029,0.0,2
793,Reunion,REU,2019,0.6253356,1.088741,0.2390863,1.228282,0.8455459,0.0,3
794,Reunion,REU,2020,0.6787988,0.9790366,0.2291354,0.9409034,0.6886193,0.0,4
795,Romania,ROU,2016,-0.1026778,-0.0409146,0.2771966,0.5874754,0.4245778,0.5409048,0
796,Romania,ROU,2017,-0.0743129,-0.0524346,0.0564023,0.4881797,0.4195111,0.5985827,1
797,Romania,ROU,2018,-0.1516164,-0.1330298,0.0468848,0.4241509,0.359746,0.5243305,2
798,Romania,ROU,2019,-0.1613596,-0.1621793,0.5617022,0.4615858,0.4016761,0.5163251,3
799,Romania,ROU,2020,-0.0285288,-0.2205489,0.5892175,0.3826097,0.3688681,0.5843964,4
800,Russian Federation,RUS,2016,-0.8225474,-0.1974346,-0.9462103,-0.4155626,-0.7923563,-1.131712,0
801,Russian Federation,RUS,2017,-0.8921309,-0.0756785,-0.6406305,-0.4741596,-0.7936877,-1.089872,1
802,Russian Federation,RUS,2018,-0.8506647,-4.42e-05,-0.541189,-0.5028223,-0.7823287,-1.074536,2
803,Russian Federation,RUS,2019,-0.8100985,0.1501806,-0.5573844,-0.4316002,-0.7236124,-1.117828,3
804,Russian Federation,RUS,2020,-0.9105806,0.0334169,-0.7314647,-0.4377571,-0.7602831,-1.076748,4
805,Rwanda,RWA,2016,0.6441798,0.0978688,-0.0548993,0.1071192,0.1017746,-1.152952,0
806,Rwanda,RWA,2017,0.6268088,0.2621303,0.0880958,0.146575,0.1211631,-1.119961,1
807,Rwanda,RWA,2018,0.5805086,0.2057738,0.1104013,0.0867606,0.1168691,-1.145612,2
808,Rwanda,RWA,2019,0.5647855,0.1845681,0.0642397,0.0775343,0.0765001,-1.097687,3
809,Rwanda,RWA,2020,0.5545963,0.3421282,0.0325207,0.1564013,0.1073663,-1.104483,4
810,Samoa,WSM,2016,0.2764556,0.5403722,1.197349,-0.1030717,0.761978,0.7743595,0
811,Samoa,WSM,2017,0.6232969,0.5906206,1.178782,-0.0800506,0.8020398,0.7765051,1
812,Samoa,WSM,2018,0.6334496,0.5919284,1.167804,-0.1136799,0.8072889,0.7721792,2
813,Samoa,WSM,2019,0.6398521,0.4351541,1.157789,-0.2246639,1.079298,0.7788016,3
814,Samoa,WSM,2020,0.6941885,0.5234683,1.155737,-0.2006688,0.8797514,0.8120753,4
815,San Marino,SMR,2016,0.0,0.0,0.9504054,0.0,0.0,1.191461,0
816,San Marino,SMR,2017,0.0,0.0,0.8745483,0.0,0.0,1.189854,1
817,San Marino,SMR,2018,0.0,0.0,0.8498075,0.0,0.0,1.112811,2
818,San Marino,SMR,2019,0.0,0.0,0.8984475,0.0,0.0,1.163793,3
819,San Marino,SMR,2020,0.0,0.0,0.87713,0.0,0.0,1.122467,4
820,Sao Tome and Principe,STP,2016,-0.0660744,-0.672242,0.2232869,-0.8124583,-0.6633283,0.3642224,0
821,Sao Tome and Principe,STP,2017,0.1616542,-0.7487336,0.1860471,-0.8314196,-0.7022804,0.3003822,1
822,Sao Tome and Principe,STP,2018,0.1867451,-0.6335805,0.522385,-0.8397979,-0.6840167,0.1325258,2
823,Sao Tome and Principe,STP,2019,0.1965523,-0.6277019,0.51391,-0.906838,-0.6794825,0.3474372,3
824,Sao Tome and Principe,STP,2020,0.1639229,-0.6447411,0.4817928,-0.9014867,-0.6857361,0.3490323,4
825,Saudi Arabia,SAU,2016,0.2309858,0.2609961,-0.4648285,0.0793312,0.3375647,-1.727506,0
826,Saudi Arabia,SAU,2017,0.3661138,0.2589448,-0.6378249,0.0007821,0.1009025,-1.691297,1
827,Saudi Arabia,SAU,2018,0.3605623,0.3214861,-0.6224066,-0.0758674,0.1418254,-1.69599,2
828,Saudi Arabia,SAU,2019,0.2751487,0.306174,-0.6058908,-0.0681779,0.1685323,-1.659705,3
829,Saudi Arabia,SAU,2020,0.2689767,0.1460869,-0.6610959,0.2643954,0.2406326,-1.610713,4
830,Senegal,SEN,2016,9.11e-05,-0.4540811,-0.2182553,-0.1430723,-0.1066034,0.3713109,0
831,Senegal,SEN,2017,-0.0916629,-0.3182059,-0.0505368,-0.1465519,-0.1485602,0.3183766,1
832,Senegal,SEN,2018,-0.0246192,-0.2663279,-0.101474,-0.1100483,-0.2072071,0.2132075,2
833,Senegal,SEN,2019,0.0387791,-0.0581013,0.0465478,-0.1123866,-0.1904918,0.2355982,3
834,Senegal,SEN,2020,0.0303711,0.0108911,-0.0207329,-0.2078334,-0.2755702,0.2446147,4
835,Serbia,SRB,2016,-0.3223662,0.079421,0.1401536,0.0562996,-0.15936,0.1999042,0
836,Serbia,SRB,2017,-0.3775188,0.1177542,0.0868554,0.0095592,-0.1962158,0.1172196,1
837,Serbia,SRB,2018,-0.3381808,0.1212776,0.0089511,0.1292206,-0.184353,-0.0223516,2
838,Serbia,SRB,2019,-0.389201,0.0484762,-0.0659501,0.1321523,-0.1621674,-0.0462226,3
839,Serbia,SRB,2020,-0.4258816,0.0324048,-0.0928664,0.1202637,-0.184858,-0.1175094,4
840,Seychelles,SYC,2016,0.776205,0.36974,0.7330045,-0.2591546,0.1508065,0.1615192,0
841,Seychelles,SYC,2017,0.6720986,0.4083837,0.7933625,-0.1759432,0.0938101,0.1907692,1
842,Seychelles,SYC,2018,0.7057564,0.5030127,0.6875581,-0.1609532,0.1980097,0.1854927,2
843,Seychelles,SYC,2019,0.9700111,0.516902,0.6827319,-0.1536177,0.1717875,0.3105193,3
844,Seychelles,SYC,2020,1.230001,0.5116493,0.7166618,-0.1309807,0.2092119,0.4450338,4
845,Sierra Leone,SLE,2016,-0.8189905,-1.170724,-0.1599265,-0.9254888,-0.7775531,-0.1965125,0
846,Sierra Leone,SLE,2017,-0.5674595,-1.170156,-0.0358612,-0.9183713,-0.7814531,-0.1928306,1
847,Sierra Leone,SLE,2018,-0.4900537,-1.143427,-0.0852979,-0.8876426,-0.7672427,-0.1889348,2
848,Sierra Leone,SLE,2019,-0.4321528,-1.126064,-0.0528448,-0.8818939,-0.7662208,-0.1194318,3
849,Sierra Leone,SLE,2020,-0.3603601,-1.016485,-0.2436621,-0.8576535,-0.7564426,-0.0909128,4
850,Singapore,SGP,2016,2.088079,2.20568,1.495759,2.180612,1.825398,-0.1503981,0
851,Singapore,SGP,2017,2.137123,2.223338,1.61567,2.118332,1.827708,-0.1690625,1
852,Singapore,SGP,2018,2.174483,2.230585,1.487936,2.126329,1.844995,-0.0839707,2
853,Singapore,SGP,2019,2.159583,2.220709,1.500786,2.161546,1.878919,-0.2060103,3
854,Singapore,SGP,2020,2.151986,2.3353,1.465074,2.205607,1.880382,-0.2021155,4
855,Slovak Republic,SVK,2016,0.1863193,0.8302189,0.7211707,0.8890519,0.6252691,0.9614294,0
856,Slovak Republic,SVK,2017,0.1321426,0.7037069,0.9099894,0.8261192,0.5429751,0.9120529,1
857,Slovak Republic,SVK,2018,0.2620581,0.6173107,0.7434435,0.8082806,0.5021188,0.8372356,2
858,Slovak Republic,SVK,2019,0.2180149,0.5852264,0.6671577,1.006871,0.5284449,0.8628442,3
859,Slovak Republic,SVK,2020,0.4447879,0.5440794,0.6392572,0.7844779,0.6785191,0.8820801,4
860,Slovenia,SVN,2016,0.8230363,1.12686,0.990436,0.6402694,1.082729,1.010921,0
861,Slovenia,SVN,2017,0.8164077,1.173108,0.8733998,0.5802526,1.026974,1.006713,1
862,Slovenia,SVN,2018,0.8705902,1.124266,0.9011371,0.6537443,1.058605,0.959887,2
863,Slovenia,SVN,2019,0.9221385,1.081091,0.8074292,1.00893,1.118611,0.9790307,3
864,Slovenia,SVN,2020,0.8073283,1.166243,0.7064864,0.9220372,1.066489,0.935846,4
865,Solomon Islands,SLB,2016,-0.3442692,-0.9847264,0.5060284,-0.9580071,-0.3190676,0.4674503,0
866,Solomon Islands,SLB,2017,0.0982467,-1.011195,0.1990407,-0.7953451,-0.2301479,0.4899799,1
867,Solomon Islands,SLB,2018,0.0072425,-1.018458,0.3645273,-0.8370585,-0.2328003,0.5233266,2
868,Solomon Islands,SLB,2019,-0.0071937,-0.9993162,0.5082222,-0.8320891,-0.1392097,0.4898392,3
869,Solomon Islands,SLB,2020,0.0968989,-0.9127187,0.6357331,-0.8383006,-0.0995416,0.5541903,4
870,Somalia,SOM,2016,-1.701097,-2.190937,-2.357363,-2.265274,-2.346823,-1.908592,0
871,Somalia,SOM,2017,-1.712957,-2.205673,-2.259042,-2.286752,-2.299067,-1.780464,1
872,Somalia,SOM,2018,-1.788003,-2.185711,-2.260305,-2.256654,-2.328754,-1.849525,2
873,Somalia,SOM,2019,-1.709903,-2.236429,-2.386645,-2.203409,-2.350949,-1.849944,3
874,Somalia,SOM,2020,-1.670352,-2.093571,-2.518731,-2.063496,-2.299745,-1.79679,4
875,South Africa,ZAF,2016,0.1184792,0.3061665,-0.141504,0.2118435,0.1161583,0.6512255,0
876,South Africa,ZAF,2017,-0.0263975,0.2908573,-0.2775617,0.2337251,-0.0425192,0.6327685,1
877,South Africa,ZAF,2018,-0.0258746,0.3326285,-0.2277793,0.1297222,-0.1022561,0.6290036,2
878,South Africa,ZAF,2019,0.0729309,0.3676561,-0.2676704,0.1561929,-0.0761623,0.6436217,3
879,South Africa,ZAF,2020,0.0640369,0.2993964,-0.2368584,0.2039087,-0.1154166,0.6972312,4
880,South Sudan,SSD,2016,-1.714616,-2.353247,-2.418966,-1.858261,-1.929818,-1.796339,0
881,South Sudan,SSD,2017,-1.707709,-2.475142,-2.452472,-1.940352,-1.920971,-1.822168,1
882,South Sudan,SSD,2018,-1.710797,-2.429042,-2.442854,-2.046948,-1.951642,-1.990078,2
883,South Sudan,SSD,2019,-1.773469,-2.451946,-2.511948,-2.048774,-1.97004,-1.988805,3
884,South Sudan,SSD,2020,-1.905176,-2.34441,-2.168307,-2.180991,-1.92503,-1.829846,4
885,Spain,ESP,2016,0.6071717,1.129903,0.4131883,1.008604,0.9971728,1.041618,0
886,Spain,ESP,2017,0.5475208,1.038661,0.2828842,0.9452308,1.059366,1.021468,1
887,Spain,ESP,2018,0.64632,1.004939,0.287804,0.948625,1.013062,1.019294,2
888,Spain,ESP,2019,0.6989556,1.001175,0.3106858,1.050283,1.025826,1.037762,3
889,Spain,ESP,2020,0.7411525,0.8949537,0.3952676,0.7676963,0.9019612,1.007932,4
890,Sri Lanka,LKA,2016,-0.3106176,-0.0263917,-0.0040295,-0.1000357,0.1105179,-0.0810782,0
891,Sri Lanka,LKA,2017,-0.4532179,-0.1512185,-0.0711655,-0.1308368,0.0484503,-0.0619051,1
892,Sri Lanka,LKA,2018,-0.3320415,-0.232434,-0.1452709,-0.1755948,0.0257045,-0.0154676,2
893,Sri Lanka,LKA,2019,-0.2891587,-0.1143393,-0.2176228,-0.1844314,-0.0118801,-0.0884782,3
894,Sri Lanka,LKA,2020,-0.31243,-0.0702101,-0.0465375,-0.1790705,-0.0452499,-0.0518834,4
895,St. Kitts and Nevis,KNA,2016,0.5139871,0.141353,0.6263307,0.368028,0.5054599,1.006597,0
896,St. Kitts and Nevis,KNA,2017,0.5241385,0.3258416,0.6470767,0.2927027,0.5409001,0.9956469,1
897,St. Kitts and Nevis,KNA,2018,0.4534099,0.5495368,0.6962385,0.5110556,0.5603855,0.8535784,2
898,St. Kitts and Nevis,KNA,2019,0.3855519,0.5423087,0.7239246,0.5021414,0.4798416,0.8169473,3
899,St. Kitts and Nevis,KNA,2020,0.3771998,0.6968508,0.9338933,0.5294037,0.5296315,0.8166679,4
900,St. Lucia,LCA,2016,0.6306165,0.0278941,1.018932,0.290406,0.5169517,1.012719,0
901,St. Lucia,LCA,2017,0.5623927,0.2360964,0.9894348,0.3068754,0.5667552,0.9856997,1
902,St. Lucia,LCA,2018,0.5214695,0.2144511,1.006895,0.2790565,0.5993176,0.8411874,2
903,St. Lucia,LCA,2019,0.5235761,0.2226826,0.9132686,0.2328423,0.5703948,0.9001437,3
904,St. Lucia,LCA,2020,0.5112875,0.1528237,0.8724012,0.2882809,0.623391,0.8780571,4
905,St. Vincent and the Grenadines,VCT,2016,0.6759608,0.2169585,1.018932,0.2793267,0.404182,0.9553661,0
906,St. Vincent and the Grenadines,VCT,2017,0.7043971,0.2360964,0.8884665,0.2450408,0.3981628,0.9443328,1
907,St. Vincent and the Grenadines,VCT,2018,0.7648326,0.2144511,0.8408569,0.2496106,0.4262559,0.8451599,2
908,St. Vincent and the Grenadines,VCT,2019,0.7815572,0.2226826,0.9535552,0.2101836,0.4476969,0.8995823,3
909,St. Vincent and the Grenadines,VCT,2020,0.8065515,0.1528237,1.034534,0.2644302,0.5650526,0.9112332,4
910,Sudan,SDN,2016,-1.525485,-1.515171,-2.337218,-1.491437,-1.258443,-1.832892,0
911,Sudan,SDN,2017,-1.528241,-1.42955,-1.97747,-1.55794,-1.106437,-1.837903,1
912,Sudan,SDN,2018,-1.419316,-1.611979,-1.823437,-1.619956,-1.119601,-1.85073,2
913,Sudan,SDN,2019,-1.365432,-1.622059,-1.701787,-1.673408,-1.140721,-1.6516,3
914,Sudan,SDN,2020,-1.386456,-1.48648,-1.763156,-1.606018,-1.067483,-1.432993,4
915,Suriname,SUR,2016,-0.3033756,-0.3381316,0.1620813,-0.6269572,-0.1549865,0.4152985,0
916,Suriname,SUR,2017,-0.1724229,-0.6161672,0.1266813,-0.5362548,-0.1493488,0.4305241,1
917,Suriname,SUR,2018,-0.2103329,-0.657892,0.0650854,-0.6513091,-0.0638731,0.2883931,2
918,Suriname,SUR,2019,-0.392585,-0.5902826,0.1014941,-0.6795763,-0.0597261,0.3643707,3
919,Suriname,SUR,2020,-0.4340073,-0.5390079,0.4155418,-0.7700764,-0.1075155,0.4182287,4
920,Sweden,SWE,2016,2.152424,1.699182,1.017941,1.854203,1.993451,1.564696,0
921,Sweden,SWE,2017,2.148431,1.716437,0.9844168,1.801465,1.861854,1.569253,1
922,Sweden,SWE,2018,2.149015,1.71131,0.9405567,1.83254,1.82619,1.568371,2
923,Sweden,SWE,2019,2.13129,1.709257,1.039473,1.80182,1.832539,1.560975,3
924,Sweden,SWE,2020,2.128127,1.719101,1.022893,1.682474,1.806388,1.504241,4
925,Switzerland,CHE,2016,1.98834,2.008059,1.30629,1.911901,1.947713,1.531853,0
926,Switzerland,CHE,2017,1.992473,2.059372,1.256805,1.886934,1.932935,1.556876,1
927,Switzerland,CHE,2018,2.008586,2.038619,1.333553,1.798568,1.931327,1.57996,2
928,Switzerland,CHE,2019,1.983491,1.951758,1.324953,1.664615,1.907008,1.497049,3
929,Switzerland,CHE,2020,2.078857,2.020098,1.191969,1.590316,1.828168,1.541333,4
930,Syrian Arab Republic,SYR,2016,-1.571932,-1.818869,-2.916323,-1.666154,-1.990969,-1.986766,0
931,Syrian Arab Republic,SYR,2017,-1.562064,-1.76965,-2.620819,-1.827085,-2.092132,-1.969529,1
932,Syrian Arab Republic,SYR,2018,-1.624953,-1.674355,-2.743687,-1.737641,-2.047781,-1.970162,2
933,Syrian Arab Republic,SYR,2019,-1.687623,-1.711438,-2.729881,-1.758002,-2.076591,-1.993847,3
934,Syrian Arab Republic,SYR,2020,-1.71257,-1.729342,-2.731418,-1.86165,-2.072158,-1.93447,4
935,"Taiwan, China",TWN,2016,0.8802445,1.361005,0.9256644,1.28786,1.141401,1.00935,0
936,"Taiwan, China",TWN,2017,0.9674955,1.266099,0.8647215,1.372124,1.141149,1.01574,1
937,"Taiwan, China",TWN,2018,1.028268,1.36093,0.8462771,1.381821,1.112381,0.9454338,2
938,"Taiwan, China",TWN,2019,1.052174,1.43642,0.7884589,1.402878,1.141316,0.9778342,3
939,"Taiwan, China",TWN,2020,1.156046,1.585903,0.7660569,1.370848,1.270575,1.102084,4
940,Tajikistan,TJK,2016,-1.14638,-1.026927,-0.7777599,-1.093137,-1.148247,-1.689523,0
941,Tajikistan,TJK,2017,-1.331715,-1.107547,-0.6735291,-1.058203,-1.349738,-1.721339,1
942,Tajikistan,TJK,2018,-1.405362,-1.093717,-0.7474654,-1.047202,-1.278814,-1.701238,2
943,Tajikistan,TJK,2019,-1.320806,-1.048751,-0.5208747,-1.01063,-1.227982,-1.796872,3
944,Tajikistan,TJK,2020,-1.320146,-0.7100464,-0.5178772,-1.017401,-1.217985,-1.783667,4
945,Tanzania,TZA,2016,-0.5067786,-0.5457509,-0.4409948,-0.4353084,-0.3768395,-0.2219924,0
946,Tanzania,TZA,2017,-0.462876,-0.6317972,-0.5619287,-0.5779683,-0.4476728,-0.2773875,1
947,Tanzania,TZA,2018,-0.4415197,-0.7537562,-0.570935,-0.6239105,-0.554099,-0.3867174,2
948,Tanzania,TZA,2019,-0.4008237,-0.8793442,-0.3735242,-0.6408716,-0.5778359,-0.5248889,3
949,Tanzania,TZA,2020,-0.3900995,-0.7727987,-0.4095079,-0.657513,-0.6031871,-0.7138085,4
950,Thailand,THA,2016,-0.3888684,0.3417524,-0.9885814,0.1680702,-0.0049648,-1.023132,0
951,Thailand,THA,2017,-0.3881467,0.3820223,-0.7528449,0.1410585,0.0373115,-1.045534,1
952,Thailand,THA,2018,-0.3968431,0.3478801,-0.7996719,0.1023715,0.0227488,-1.022456,2
953,Thailand,THA,2019,-0.4113744,0.3565671,-0.4836834,0.1164975,0.1031694,-0.8468075,3
954,Thailand,THA,2020,-0.4222212,0.3007005,-0.6245449,0.1833952,0.1213088,-0.8098914,4
955,Timor-Leste,TLS,2016,-0.510558,-1.014373,-0.0105038,-0.9773058,-1.158385,0.2208168,0
956,Timor-Leste,TLS,2017,-0.543368,-0.9976667,0.0715113,-0.7369812,-1.162094,0.3432258,1
957,Timor-Leste,TLS,2018,-0.4615829,-0.9660568,0.2340893,-0.791912,-1.127586,0.3135072,2
958,Timor-Leste,TLS,2019,-0.3830416,-0.8858545,0.2336398,-0.7848517,-1.11124,0.3573884,3
959,Timor-Leste,TLS,2020,-0.3236951,-0.80157,0.177466,-0.7758869,-1.172515,0.3716898,4
960,Togo,TGO,2016,-0.6772624,-1.068596,-0.1723536,-0.7933024,-0.6337274,-0.544174,0
961,Togo,TGO,2017,-0.7149166,-1.122198,-0.882036,-0.7883667,-0.715842,-0.6237714,1
962,Togo,TGO,2018,-0.7347275,-1.052646,-0.8939125,-0.6510134,-0.5895712,-0.7636091,2
963,Togo,TGO,2019,-0.7546404,-0.9173684,-0.9195643,-0.6785822,-0.588656,-0.7409773,3
964,Togo,TGO,2020,-0.7368346,-0.690933,-0.9249914,-0.5908297,-0.6609387,-0.7467294,4
965,Tonga,TON,2016,-0.4450608,-0.2822334,0.917815,-0.4052489,0.2584811,0.6427538,0
966,Tonga,TON,2017,-0.182631,-0.2221107,0.7902956,-0.3959075,0.2669213,0.6030468,1
967,Tonga,TON,2018,-0.0714803,0.1503263,0.8651862,-0.3497502,0.384106,0.6459597,2
968,Tonga,TON,2019,-0.3470466,0.1606909,1.032307,-0.3276921,0.460519,0.6330363,3
969,Tonga,TON,2020,-0.3533451,0.1563914,1.019067,-0.3949929,0.4389693,0.6396024,4
970,Trinidad and Tobago,TTO,2016,-0.2401665,0.227521,0.286352,0.0867226,-0.1541808,0.5585466,0
971,Trinidad and Tobago,TTO,2017,-0.3288649,0.2087561,0.2765044,0.1222486,-0.0867845,0.5548863,1
972,Trinidad and Tobago,TTO,2018,-0.3162641,0.1942115,0.2376814,-0.1057298,-0.120081,0.5374645,2
973,Trinidad and Tobago,TTO,2019,-0.2034451,0.0991704,0.1008337,-0.1511111,-0.1198971,0.598372,3
974,Trinidad and Tobago,TTO,2020,-0.1149029,0.1799108,0.1775635,-0.1389572,-0.1256215,0.6444309,4
975,Tunisia,TUN,2016,-0.1347428,-0.2291936,-1.141327,-0.4700933,-0.0031901,0.3045838,0
976,Tunisia,TUN,2017,-0.1285137,-0.0985326,-1.024682,-0.3971246,0.0586774,0.1625191,1
977,Tunisia,TUN,2018,-0.0553238,-0.103091,-0.8688817,-0.5147808,0.0387995,0.183877,2
978,Tunisia,TUN,2019,-0.0855062,-0.1029492,-0.8699231,-0.4374437,0.0624796,0.256517,3
979,Tunisia,TUN,2020,-0.0680283,-0.2039159,-0.6339517,-0.3649223,0.1375134,0.2730745,4
980,Turkey,TUR,2016,-0.1914557,0.0482446,-2.009063,0.1961425,-0.2087604,-0.6071846,0
981,Turkey,TUR,2017,-0.1944939,0.0732635,-1.788514,0.0358436,-0.2548287,-0.7058599,1
982,Turkey,TUR,2018,-0.3298205,0.0062523,-1.318893,0.0151102,-0.3175219,-0.851069,2
983,Turkey,TUR,2019,-0.3082614,0.0478893,-1.371728,-0.007641,-0.2826563,-0.8342999,3
984,Turkey,TUR,2020,-0.3407802,-0.0440451,-1.18776,-0.0106597,-0.3586216,-0.8616992,4
985,Turkmenistan,TKM,2016,-1.518446,-1.126665,-0.1896925,-2.090988,-1.490112,-2.170843,0
986,Turkmenistan,TKM,2017,-1.475602,-1.214653,-0.1259023,-1.996331,-1.481706,-2.159949,1
987,Turkmenistan,TKM,2018,-1.499961,-1.282505,-0.0128366,-2.003166,-1.465324,-2.154146,2
988,Turkmenistan,TKM,2019,-1.510924,-1.157497,-0.1852784,-1.956706,-1.415011,-2.185215,3
989,Turkmenistan,TKM,2020,-1.542138,-1.157503,-0.2890817,-1.992943,-1.406723,-2.032845,4
990,Tuvalu,TUV,2016,0.030646,-0.9257045,1.413419,-0.5901173,0.4657974,1.0818,0
991,Tuvalu,TUV,2017,0.035612,-0.74608,1.241721,-0.7858735,0.5117167,1.080547,1
992,Tuvalu,TUV,2018,0.0284043,-0.6643421,1.417627,-0.5861989,0.5117694,1.112811,2
993,Tuvalu,TUV,2019,0.4090157,-0.6488501,1.196917,-0.5577604,0.4823242,1.19603,3
994,Tuvalu,TUV,2020,0.4863857,-0.6513966,1.182583,-0.49174,0.5269589,1.175454,4
995,Uganda,UGA,2016,-1.05659,-0.5713909,-0.7153227,-0.2131466,-0.2512983,-0.6466277,0
996,Uganda,UGA,2017,-1.041349,-0.5780125,-0.5716293,-0.2214996,-0.2994136,-0.5872341,1
997,Uganda,UGA,2018,-1.033392,-0.6044363,-0.7025623,-0.2517202,-0.2933208,-0.6859795,2
998,Uganda,UGA,2019,-1.169366,-0.5854658,-0.6912174,-0.3742837,-0.314339,-0.644358,3
999,Uganda,UGA,2020,-1.053661,-0.576944,-0.7804492,-0.4310607,-0.3288864,-0.7161818,4
1000,Ukraine,UKR,2016,-0.8139601,-0.572417,-1.85648,-0.4295344,-0.7664844,0.0017648,0
1001,Ukraine,UKR,2017,-0.7848897,-0.4571084,-1.870538,-0.3201192,-0.7120072,0.0148713,1
1002,Ukraine,UKR,2018,-0.8676912,-0.413667,-1.869737,-0.3001162,-0.7160582,-0.0377799,2
1003,Ukraine,UKR,2019,-0.7559236,-0.297047,-1.423576,-0.2592331,-0.6982756,0.0238899,3
1004,Ukraine,UKR,2020,-0.7841346,-0.3556524,-1.164059,-0.2958482,-0.6700379,0.0883247,4
1005,United Arab Emirates,ARE,2016,1.171737,1.415485,0.5647489,0.9725956,0.849066,-1.050371,0
1006,United Arab Emirates,ARE,2017,1.136438,1.418191,0.6186414,1.015221,0.8007955,-1.096847,1
1007,United Arab Emirates,ARE,2018,1.152078,1.429931,0.7049762,0.9302903,0.8065467,-1.126925,2
1008,United Arab Emirates,ARE,2019,1.106673,1.376891,0.6856085,0.979414,0.840346,-1.140149,3
1009,United Arab Emirates,ARE,2020,1.114396,1.325503,0.6264683,1.083404,0.9169419,-1.184305,4
1010,United Kingdom,GBR,2016,1.895578,1.609554,0.3604541,1.760709,1.678407,1.295399,0
1011,United Kingdom,GBR,2017,1.860195,1.469662,0.3861579,1.717483,1.686237,1.36325,1
1012,United Kingdom,GBR,2018,1.844666,1.398906,0.0797425,1.777152,1.642386,1.369487,2
1013,United Kingdom,GBR,2019,1.785975,1.482738,0.5397319,1.625986,1.606702,1.261399,3
1014,United Kingdom,GBR,2020,1.692274,1.376632,0.4743571,1.481055,1.496935,1.246781,4
1015,United States,USA,2016,1.373549,1.47634,0.4023029,1.497076,1.618124,1.110259,0
1016,United States,USA,2017,1.384251,1.557018,0.2918175,1.631051,1.649322,1.008988,1
1017,United States,USA,2018,1.328869,1.575724,0.4214178,1.620526,1.514515,0.9763639,2
1018,United States,USA,2019,1.215634,1.488845,0.1349753,1.345472,1.46136,0.903805,3
1019,United States,USA,2020,1.068838,1.318942,-0.0220327,1.244659,1.368086,0.8689369,4
1020,Uruguay,URY,2016,1.267522,0.5738663,1.06258,0.4894556,0.63039,1.163035,0
1021,Uruguay,URY,2017,1.282488,0.4895089,1.05078,0.4764564,0.5833325,1.167399,1
1022,Uruguay,URY,2018,1.254706,0.5553762,1.034957,0.5067634,0.59304,1.18045,2
1023,Uruguay,URY,2019,1.250806,0.6949803,1.038879,0.5082366,0.6217154,1.227342,3
1024,Uruguay,URY,2020,1.422945,0.7818888,1.050673,0.582089,0.6786591,1.314993,4
1025,Uzbekistan,UZB,2016,-1.168731,-0.5774477,-0.2725707,-1.619923,-1.107054,-1.886858,0
1026,Uzbekistan,UZB,2017,-1.157735,-0.5541742,-0.2378505,-1.258372,-1.106031,-1.79736,1
1027,Uzbekistan,UZB,2018,-1.061625,-0.54734,-0.2958072,-1.082762,-1.069353,-1.630072,2
1028,Uzbekistan,UZB,2019,-1.025923,-0.5141267,-0.2848197,-0.9922252,-1.048056,-1.653185,3
1029,Uzbekistan,UZB,2020,-1.050585,-0.507029,-0.4365745,-0.9449065,-1.062817,-1.537607,4
1030,Vanuatu,VUT,2016,-0.0958526,-0.8800073,0.5131139,-0.2931163,0.3382198,0.664171,0
1031,Vanuatu,VUT,2017,-0.0056426,-0.8916905,0.701278,-0.330114,0.445055,0.6946404,1
1032,Vanuatu,VUT,2018,-0.1547132,-0.4783626,0.9404865,-0.468573,0.3248068,0.5985762,2
1033,Vanuatu,VUT,2019,-0.2589588,-0.5476381,1.021924,-0.4605931,0.1790091,0.6803695,3
1034,Vanuatu,VUT,2020,-0.148917,-0.4613378,0.8966386,-0.4296038,0.2397133,0.6093988,4
1035,"Venezuela, RB",VEN,2016,-1.353657,-1.28576,-1.024604,-1.996754,-2.241467,-1.135475,0
1036,"Venezuela, RB",VEN,2017,-1.370064,-1.423879,-1.272082,-1.976389,-2.236806,-1.207137,1
1037,"Venezuela, RB",VEN,2018,-1.466074,-1.584651,-1.351146,-2.363184,-2.32277,-1.43481,2
1038,"Venezuela, RB",VEN,2019,-1.486213,-1.658469,-1.536778,-2.359256,-2.320636,-1.428393,3
1039,"Venezuela, RB",VEN,2020,-1.560315,-1.780275,-1.517866,-2.234419,-2.346105,-1.506591,4
1040,Vietnam,VNM,2016,-0.452351,0.0194756,0.2335919,-0.4537929,0.0752823,-1.373433,0
1041,Vietnam,VNM,2017,-0.5843227,0.0056701,0.2302038,-0.397156,0.0623794,-1.41114,1
1042,Vietnam,VNM,2018,-0.4807368,-0.0013799,0.0585088,-0.3494396,-0.0036924,-1.476469,2
1043,Vietnam,VNM,2019,-0.5156115,0.0383097,0.0254956,-0.2619721,-0.0165804,-1.405681,3
1044,Vietnam,VNM,2020,-0.3527095,0.2003077,-0.0734304,-0.1479097,-0.133932,-1.38047,4
1045,Virgin Islands (U.S.),VIR,2016,0.6408444,1.328458,0.9996701,0.8714429,0.6279145,0.0,0
1046,Virgin Islands (U.S.),VIR,2017,0.6463867,0.8380581,1.001911,0.844159,0.6295806,0.0,1
1047,Virgin Islands (U.S.),VIR,2018,0.6324254,0.828413,0.9761723,0.8234454,1.12029,0.0,2
1048,Virgin Islands (U.S.),VIR,2019,0.6253356,0.8155248,1.065074,1.228282,1.090441,0.0,3
1049,Virgin Islands (U.S.),VIR,2020,0.0432235,0.6968508,1.014357,1.339709,0.9411238,0.0,4
1050,West Bank and Gaza,PSE,2016,-0.1493691,-0.6355624,-1.976399,0.0646446,-0.3436688,-1.094825,0
1051,West Bank and Gaza,PSE,2017,-0.0260317,-0.4007473,-1.659977,0.0243386,-0.4145908,-1.031764,1
1052,West Bank and Gaza,PSE,2018,-0.1942769,-0.7635407,-1.816336,0.0187009,-0.4836262,-0.9207923,2
1053,West Bank and Gaza,PSE,2019,-0.325643,-0.7442973,-1.89529,0.0338395,-0.4856505,-1.026851,3
1054,West Bank and Gaza,PSE,2020,-0.5501393,-0.6438217,-2.047813,0.0797941,-0.4614059,-0.8260218,4
1055,"Yemen, Rep.",YEM,2016,-1.663544,-1.825005,-2.794877,-1.479931,-1.645298,-1.69023,0
1056,"Yemen, Rep.",YEM,2017,-1.589451,-1.909074,-2.942443,-1.447332,-1.742034,-1.6911,1
1057,"Yemen, Rep.",YEM,2018,-1.626299,-2.230443,-3.005906,-1.587908,-1.787354,-1.762169,2
1058,"Yemen, Rep.",YEM,2019,-1.680965,-2.279256,-2.77083,-1.663773,-1.773752,-1.781011,3
1059,"Yemen, Rep.",YEM,2020,-1.679567,-2.307661,-2.671682,-1.799907,-1.776561,-1.767067,4
1060,Zambia,ZMB,2016,-0.401749,-0.6601837,0.142808,-0.4835931,-0.3005686,-0.2990198,0
1061,Zambia,ZMB,2017,-0.5437551,-0.626419,0.1462433,-0.4650216,-0.3283733,-0.334271,1
1062,Zambia,ZMB,2018,-0.6507198,-0.5570719,0.0856044,-0.4833411,-0.3453153,-0.3423163,2
1063,Zambia,ZMB,2019,-0.6445261,-0.6755785,-0.1138469,-0.5538131,-0.4619572,-0.3083472,3
1064,Zambia,ZMB,2020,-0.704854,-0.7679108,-0.1281891,-0.6198913,-0.6225151,-0.4306399,4
1065,Zimbabwe,ZWE,2016,-1.259222,-1.158399,-0.6199379,-1.72011,-1.368501,-1.177471,0
1066,Zimbabwe,ZWE,2017,-1.271278,-1.182262,-0.7087693,-1.561047,-1.373646,-1.195013,1
1067,Zimbabwe,ZWE,2018,-1.230871,-1.19821,-0.7227737,-1.504843,-1.272543,-1.140979,2
1068,Zimbabwe,ZWE,2019,-1.236825,-1.20482,-0.9597493,-1.46259,-1.257262,-1.159892,3
1069,Zimbabwe,ZWE,2020,-1.25314,-1.250607,-1.080208,-1.422032,-1.274851,-1.121479,4
